"action","source","destination","sha256","duplicate_example","bytes"
"deleted_duplicate_in_experiments","C:\Users\tahab\Downloads\1DCV.pdsprj","","20D4338D6B966D9648184604E935E3CC45DE34A44E04F3FBD0BC685507892ABD","D:\Coding\protuesgen\experiments\bidirectional_v2_orientation_dcv_temp_2026_06_07\donors\1DCV.pdsprj","10989"
"deleted_duplicate_in_experiments","C:\Users\tahab\Downloads\2DCV.pdsprj","","68B1D69129D4326A0A560464740A629FC14CB47636F93C928C00E20120DB8A33","D:\Coding\protuesgen\experiments\bidirectional_v2_orientation_dcv_temp_2026_06_07\donors\2DCV.pdsprj","11125"
"deleted_duplicate_in_experiments","C:\Users\tahab\Downloads\45454New Project.pdsprj","","33A80724C2478394382199658E55B1BF5C623E1B6483F99AA7056190699879F2","D:\Coding\protuesgen\experiments\dc_mixed_sources_v7_all3_records_temp_2026_06_04\DCMS_V7_T00_ALL3_DONOR_COPY.pdsprj","11307"
"deleted_duplicate_in_experiments","C:\Users\tahab\Downloads\4xRCL_V13_T07_05_BASIC_VOLTAGE_DIVIDER.pdsprj","","340B5972D35CE8B63C1AAD6048C8FE33A2EA969AE2AD272ACC316CE12F8459F5","D:\Coding\protuesgen\experiments\source_passive_v8_compact_fixed_suffix_temp_2026_06_05\donors\rcl_4x_t07_unit_donor.pdsprj","12893"
"moved_to_manual_import","C:\Users\tahab\Downloads\ALLL_ICS_ALL4_RLC.pdsprj","D:\Coding\protuesgen\proteus_ic\donors\manual_downloads_20260611\ALLL_ICS_ALL4_RLC.pdsprj","840138E789589AFD092356D587965083795849F64E80BA72C7172491E7A1096A","","16486"
"moved_to_manual_import","C:\Users\tahab\Downloads\CAp2withterm.pdsprj","D:\Coding\protuesgen\proteus_ic\donors\manual_downloads_20260611\CAp2withterm.pdsprj","2B0661808857E844D6B676C16EACF37B5BC47F0A6F589C183A66EE2675B3EAA5","","11200"
"moved_to_manual_import","C:\Users\tahab\Downloads\cap3.pdsprj","D:\Coding\protuesgen\proteus_ic\donors\manual_downloads_20260611\cap3.pdsprj","BF113DCCF780D67BD09CE4BE51DD26544EF25CE4EDC85322DA6B0E75292D79C8","","11099"
"moved_to_manual_import","C:\Users\tahab\Downloads\circuit_output.pdsprj","D:\Coding\protuesgen\proteus_ic\donors\manual_downloads_20260611\circuit_output.pdsprj","6BAFB7741BBB0E7178188D475CBA9C2A772313C50D47C446A97895F66F37D7BA","","12538"
"deleted_duplicate_in_experiments","C:\Users\tahab\Downloads\DCMS_V4_T00B_SOURCE_ONLY_STRICT_ACCEPTED_CURRENT_IDENTITY.pdsprj","","63B62DE21992383D20AEECC8B8106FF3DF3A9456BF4E51E7F4D19533E71BE975","D:\Coding\protuesgen\experiments\dc_mixed_sources_v4_vrefs_clean_devices_temp_2026_06_04\DC_MIXED_SOURCES_V4_VREFS_CLEAN_DEVICES_TEST_BATCH\DCMS_V4_T00B_SOURCE_ONLY_STRICT_ACCEPTED_CURRENT_IDENTITY\DCMS_V4_T00B_SOURCE_ONLY_STRICT_ACCEPTED_CURRENT_IDENTITY.pdsprj","11868"
"moved_to_manual_import","C:\Users\tahab\Downloads\ddddddddzzzzzzzzzz.pdsprj","D:\Coding\protuesgen\proteus_ic\donors\manual_downloads_20260611\ddddddddzzzzzzzzzz.pdsprj","3515B8FA994408E16421B036FC4F1192CB664E6D838859F7F5A3281E1E8971AF","","13950"
"moved_to_manual_import","C:\Users\tahab\Downloads\HANDDRAWN_6R_CORRECTED_N0_N1_N2_N3_N4 (1).pdsprj","D:\Coding\protuesgen\proteus_ic\donors\manual_downloads_20260611\HANDDRAWN_6R_CORRECTED_N0_N1_N2_N3_N4 (1).pdsprj","2F5EB8226C825736CA5FF15DD48177C3C5B9C52364F9EEEA9F2BF9BA62018476","","11673"
"moved_to_manual_import","C:\Users\tahab\Downloads\HANDDRAWN_6R_CORRECTED_N0_N1_N2_N3_N4.pdsprj","D:\Coding\protuesgen\proteus_ic\donors\manual_downloads_20260611\HANDDRAWN_6R_CORRECTED_N0_N1_N2_N3_N4.pdsprj","2F5EB8226C825736CA5FF15DD48177C3C5B9C52364F9EEEA9F2BF9BA62018476","","11673"
"moved_to_manual_import","C:\Users\tahab\Downloads\HANDDRAWN_6R_EQUIV_N0_M0_BRANCHES.pdsprj","D:\Coding\protuesgen\proteus_ic\donors\manual_downloads_20260611\HANDDRAWN_6R_EQUIV_N0_M0_BRANCHES.pdsprj","40E53CC462CFBC0B0965E375584E3BA1605D6CFF91217B085B303D88A4FE4601","","11652"
"moved_to_manual_import","C:\Users\tahab\Downloads\inductor_01_single_free.pdsprj","D:\Coding\protuesgen\proteus_ic\donors\manual_downloads_20260611\inductor_01_single_free.pdsprj","ED5A8AD925AC5C6CF2EEA8D7AA9D9C8822AF275D656A9218FFDC06865D292BCD","","11029"
"moved_to_manual_import","C:\Users\tahab\Downloads\inductor_02_two_terminal.pdsprj","D:\Coding\protuesgen\proteus_ic\donors\manual_downloads_20260611\inductor_02_two_terminal.pdsprj","72D93BDC8B822BF8D2F589BECA5AAC2A7B619293424B013F55E2DC9C0B91A3BA","","11144"
"moved_to_manual_import","C:\Users\tahab\Downloads\inductor_03_three_terminal.pdsprj","D:\Coding\protuesgen\proteus_ic\donors\manual_downloads_20260611\inductor_03_three_terminal.pdsprj","B3CFD94EA559813E4E60801AEDE25F3E4914689A269D7A8C4185F4B970FC2E95","","11380"
"moved_to_manual_import","C:\Users\tahab\Downloads\inductor_04_power_ground.pdsprj","D:\Coding\protuesgen\proteus_ic\donors\manual_downloads_20260611\inductor_04_power_ground.pdsprj","9057820904765CE1886A2EF35C6754E9E57424F0BF598C4757E73E003B181EBD","","11216"
"moved_to_manual_import","C:\Users\tahab\Downloads\New Project.pdsprj","D:\Coding\protuesgen\proteus_ic\donors\manual_downloads_20260611\New Project.pdsprj","D06B97BEC98B2A6990A3E9E948AFA0A848ACC56815C4C5EE458D4E2F4C979D55","","11029"
"moved_to_manual_import","C:\Users\tahab\Downloads\New ProjectSDsd.pdsprj","D:\Coding\protuesgen\proteus_ic\donors\manual_downloads_20260611\New ProjectSDsd.pdsprj","EB8B9F956D7B5B4314364AE1EF365F991A51C704AF54033921CA4F23FF3DB40C","","11006"
"moved_to_manual_import","C:\Users\tahab\Downloads\New Projectxxxxxxxxxxxxx.pdsprj","D:\Coding\protuesgen\proteus_ic\donors\manual_downloads_20260611\New Projectxxxxxxxxxxxxx.pdsprj","0B39507BFCA36BA1D35B543AC044939FB824C4730375A2C927C2947FA8354607","","11717"
"moved_to_manual_import","C:\Users\tahab\Downloads\progen_output (1).pdsprj","D:\Coding\protuesgen\proteus_ic\donors\manual_downloads_20260611\progen_output (1).pdsprj","B63C459CE14008547A0C4FA53F9D12C1BF89869F4090F6162E16E964866E9C52","","12164"
"moved_to_manual_import","C:\Users\tahab\Downloads\progen_output (2).pdsprj","D:\Coding\protuesgen\proteus_ic\donors\manual_downloads_20260611\progen_output (2).pdsprj","323ED55F02B79FA42D923F50026687A03AA4AE5597139536E3A40271E34154CA","","14931"
"moved_to_manual_import","C:\Users\tahab\Downloads\progen_output.pdsprj","D:\Coding\protuesgen\proteus_ic\donors\manual_downloads_20260611\progen_output.pdsprj","96459827FBACF30F9EF619C3FF37FCFC8F0A6E68816B1806FDC850B99830EAB8","","57"
"deleted_duplicate_in_experiments","C:\Users\tahab\Downloads\RCL_V19_T01_CORRECT_21_withVsourcenCsource.pdsprj","","B25E04C905CCDA879C3BC03E62A3D40246F710408E2221D5C9C8FD335E529AFF","D:\Coding\protuesgen\experiments\dc_mixed_sources_v10_final_unit_temp_2026_06_05\DCMS_V10_T00_DONOR_COPY.pdsprj","14144"
"moved_to_manual_import","C:\Users\tahab\Downloads\rl_terminal_disconnected.pdsprj","D:\Coding\protuesgen\proteus_ic\donors\manual_downloads_20260611\rl_terminal_disconnected.pdsprj","293F00AC5504F0F53FC514682A9CB8136DABDA8C03343850B5A54C5B6A614F36","","11441"
"moved_to_manual_import","C:\Users\tahab\Downloads\rl_terminal_series.pdsprj","D:\Coding\protuesgen\proteus_ic\donors\manual_downloads_20260611\rl_terminal_series.pdsprj","80FE75CA0BF60CB40F99344BB979B6A616ED77D1DA1BACBC30F260FD47C833F8","","11425"
"moved_to_manual_import","C:\Users\tahab\Downloads\rlc.pdsprj","D:\Coding\protuesgen\proteus_ic\donors\manual_downloads_20260611\rlc.pdsprj","C858B7999399D6181225B53187F7E463E34E3387287E2F4FCEEDF9699F47D270","","11565"
"deleted_duplicate_in_experiments","C:\Users\tahab\Downloads\SRCP_V3_DCV2_T03_R_ONLY_D0_WITH_1G_REF.pdsprj","","B78180A47F93F4C96B9546007A72048733B249EDB3FE952E9E856C9860F03291","D:\Coding\protuesgen\experiments\source_passive_v5_fixed_v3_order_temp_2026_06_05\donors\user_fixed_v3_t03_d0_1g_ref.pdsprj","12159"
"deleted_duplicate_in_experiments","C:\Users\tahab\Downloads\testing.pdsprj","","D85D3AECB555EF355D81F1A1855D588D6D14FF6B43D73A6B5245BBD503C4A5A4","D:\Coding\protuesgen\experiments\dc_current_v12_manual_testing_study_temp_2026_06_03\DCI_V12_TEST_BATCH\DCI_V12_T00_ORIGINAL_MANUAL_TESTING_COPY\DCI_V12_T00_ORIGINAL_MANUAL_TESTING_COPY.pdsprj","12419"
"deleted_duplicate_in_experiments","C:\Users\tahab\Downloads\AI for Proteus Simulation_files\New folder\POWER_T01_6R_V0_ATTEMPT\CONTROL_E001_EMPTY_BASE.pdsprj","","74532BCB33FCC293DA833D13EB30E5FA1FEC7865EBB3793EED51602EC719781F","D:\Coding\protuesgen\experiments\source_passive_v8_compact_fixed_suffix_temp_2026_06_05\donors\e001_empty_base.pdsprj","10550"
"moved_to_manual_import","C:\Users\tahab\Downloads\AI for Proteus Simulation_files\New folder\POWER_T01_6R_V0_ATTEMPT\POWER_T01_6R_V0_ATTEMPT.pdsprj","D:\Coding\protuesgen\proteus_ic\donors\manual_downloads_20260611\AI for Proteus Simulation_files\New folder\POWER_T01_6R_V0_ATTEMPT\POWER_T01_6R_V0_ATTEMPT.pdsprj","FB8AB4C7BB8E1FDF6FEBE26ACD656D76FD9FC14B4B0C42F64C9A9C91FAD37793","","11694"
"deleted_duplicate_in_experiments","C:\Users\tahab\Downloads\AI for Proteus Simulation_files\New folder\POWER_T02_R21_V0_ATTEMPT\CONTROL_E001_EMPTY_BASE.pdsprj","","74532BCB33FCC293DA833D13EB30E5FA1FEC7865EBB3793EED51602EC719781F","D:\Coding\protuesgen\experiments\source_passive_v8_compact_fixed_suffix_temp_2026_06_05\donors\e001_empty_base.pdsprj","10550"
"moved_to_manual_import","C:\Users\tahab\Downloads\AI for Proteus Simulation_files\New folder\POWER_T02_R21_V0_ATTEMPT\POWER_T02_R21_V0_ATTEMPT.pdsprj","D:\Coding\protuesgen\proteus_ic\donors\manual_downloads_20260611\AI for Proteus Simulation_files\New folder\POWER_T02_R21_V0_ATTEMPT\POWER_T02_R21_V0_ATTEMPT.pdsprj","04370EBBB706B0107E8438AB21CD4FFD643C90BE5D21E424970BA5603F8B16F3","","13026"
"deleted_duplicate_in_experiments","C:\Users\tahab\Downloads\AI for Proteus Simulation_files\New folder (2)\POWER_T03_6R_V0_ENDPOINT_ATTEMPT\CONTROL_E001_EMPTY_BASE.pdsprj","","74532BCB33FCC293DA833D13EB30E5FA1FEC7865EBB3793EED51602EC719781F","D:\Coding\protuesgen\experiments\source_passive_v8_compact_fixed_suffix_temp_2026_06_05\donors\e001_empty_base.pdsprj","10550"
"moved_to_manual_import","C:\Users\tahab\Downloads\AI for Proteus Simulation_files\New folder (2)\POWER_T03_6R_V0_ENDPOINT_ATTEMPT\POWER_T03_6R_V0_ENDPOINT_ATTEMPT.pdsprj","D:\Coding\protuesgen\proteus_ic\donors\manual_downloads_20260611\AI for Proteus Simulation_files\New folder (2)\POWER_T03_6R_V0_ENDPOINT_ATTEMPT\POWER_T03_6R_V0_ENDPOINT_ATTEMPT.pdsprj","C395CE27238229C5413C05D4C87187EFB33D4BD2AD8700F03E330FA819498228","","11677"
"deleted_duplicate_in_experiments","C:\Users\tahab\Downloads\AI for Proteus Simulation_files\New folder (2)\POWER_T04_R21_V0_ENDPOINT_ATTEMPT\CONTROL_E001_EMPTY_BASE.pdsprj","","74532BCB33FCC293DA833D13EB30E5FA1FEC7865EBB3793EED51602EC719781F","D:\Coding\protuesgen\experiments\source_passive_v8_compact_fixed_suffix_temp_2026_06_05\donors\e001_empty_base.pdsprj","10550"
"moved_to_manual_import","C:\Users\tahab\Downloads\AI for Proteus Simulation_files\New folder (2)\POWER_T04_R21_V0_ENDPOINT_ATTEMPT\POWER_T04_R21_V0_ENDPOINT_ATTEMPT.pdsprj","D:\Coding\protuesgen\proteus_ic\donors\manual_downloads_20260611\AI for Proteus Simulation_files\New folder (2)\POWER_T04_R21_V0_ENDPOINT_ATTEMPT\POWER_T04_R21_V0_ENDPOINT_ATTEMPT.pdsprj","56127839EFF00D6923D8885B5683634D3B5B7FDF1AA08AF4C3CF0105A756C988","","13011"
"deleted_duplicate_in_experiments","C:\Users\tahab\Downloads\AI for Proteus Simulation_files\New folder (2)\POWER_T05_6R_V0_OUTPUT_LABEL_ATTEMPT\CONTROL_E001_EMPTY_BASE.pdsprj","","74532BCB33FCC293DA833D13EB30E5FA1FEC7865EBB3793EED51602EC719781F","D:\Coding\protuesgen\experiments\source_passive_v8_compact_fixed_suffix_temp_2026_06_05\donors\e001_empty_base.pdsprj","10550"
"moved_to_manual_import","C:\Users\tahab\Downloads\AI for Proteus Simulation_files\New folder (2)\POWER_T05_6R_V0_OUTPUT_LABEL_ATTEMPT\POWER_T05_6R_V0_OUTPUT_LABEL_ATTEMPT.pdsprj","D:\Coding\protuesgen\proteus_ic\donors\manual_downloads_20260611\AI for Proteus Simulation_files\New folder (2)\POWER_T05_6R_V0_OUTPUT_LABEL_ATTEMPT\POWER_T05_6R_V0_OUTPUT_LABEL_ATTEMPT.pdsprj","827F8E054C95840D2320446CF324DBC2FF401CFC35516D9B468C54DF184252D5","","11693"
"deleted_duplicate_in_experiments","C:\Users\tahab\Downloads\AI for Proteus Simulation_files\New folder (2)\POWER_T06_R21_V0_OUTPUT_LABEL_ATTEMPT\CONTROL_E001_EMPTY_BASE.pdsprj","","74532BCB33FCC293DA833D13EB30E5FA1FEC7865EBB3793EED51602EC719781F","D:\Coding\protuesgen\experiments\source_passive_v8_compact_fixed_suffix_temp_2026_06_05\donors\e001_empty_base.pdsprj","10550"
"moved_to_manual_import","C:\Users\tahab\Downloads\AI for Proteus Simulation_files\New folder (2)\POWER_T06_R21_V0_OUTPUT_LABEL_ATTEMPT\POWER_T06_R21_V0_OUTPUT_LABEL_ATTEMPT.pdsprj","D:\Coding\protuesgen\proteus_ic\donors\manual_downloads_20260611\AI for Proteus Simulation_files\New folder (2)\POWER_T06_R21_V0_OUTPUT_LABEL_ATTEMPT\POWER_T06_R21_V0_OUTPUT_LABEL_ATTEMPT.pdsprj","916943827752B04C91F7ACC1F3B0E87ACA09B96D8C2D12663327B3F549229B91","","13028"
"deleted_duplicate_in_experiments","C:\Users\tahab\Downloads\AI for Proteus Simulation_files\New folder (2)\POWER_T07_R21_N0_OUTPUT_BRIDGE_ATTEMPT\CONTROL_E001_EMPTY_BASE.pdsprj","","74532BCB33FCC293DA833D13EB30E5FA1FEC7865EBB3793EED51602EC719781F","D:\Coding\protuesgen\experiments\source_passive_v8_compact_fixed_suffix_temp_2026_06_05\donors\e001_empty_base.pdsprj","10550"
"moved_to_manual_import","C:\Users\tahab\Downloads\AI for Proteus Simulation_files\New folder (2)\POWER_T07_R21_N0_OUTPUT_BRIDGE_ATTEMPT\POWER_T07_R21_N0_OUTPUT_BRIDGE_ATTEMPT.pdsprj","D:\Coding\protuesgen\proteus_ic\donors\manual_downloads_20260611\AI for Proteus Simulation_files\New folder (2)\POWER_T07_R21_N0_OUTPUT_BRIDGE_ATTEMPT\POWER_T07_R21_N0_OUTPUT_BRIDGE_ATTEMPT.pdsprj","B2112F16E1F091F52338F64B429A957C4498B64EBDE0203CEABBEC892C8BE7B3","","13062"
"deleted_duplicate_in_experiments","C:\Users\tahab\Downloads\AI for Proteus Simulation_files\New folder (2)\POWER_T08_R21_N1_OUTPUT_BRIDGE_ATTEMPT\CONTROL_E001_EMPTY_BASE.pdsprj","","74532BCB33FCC293DA833D13EB30E5FA1FEC7865EBB3793EED51602EC719781F","D:\Coding\protuesgen\experiments\source_passive_v8_compact_fixed_suffix_temp_2026_06_05\donors\e001_empty_base.pdsprj","10550"
"moved_to_manual_import","C:\Users\tahab\Downloads\AI for Proteus Simulation_files\New folder (2)\POWER_T08_R21_N1_OUTPUT_BRIDGE_ATTEMPT\POWER_T08_R21_N1_OUTPUT_BRIDGE_ATTEMPT.pdsprj","D:\Coding\protuesgen\proteus_ic\donors\manual_downloads_20260611\AI for Proteus Simulation_files\New folder (2)\POWER_T08_R21_N1_OUTPUT_BRIDGE_ATTEMPT\POWER_T08_R21_N1_OUTPUT_BRIDGE_ATTEMPT.pdsprj","7ED7ADFD73BE6D851B8F3C9EC526FFA276DE808C6CC80B39A4D8BE0CE42B2AC9","","13063"
"deleted_duplicate_in_experiments","C:\Users\tahab\Downloads\AI for Proteus Simulation_files\New folder (2)\POWER_T09_6R_V0_OUTPUT_BRIDGE_ATTEMPT\CONTROL_E001_EMPTY_BASE.pdsprj","","74532BCB33FCC293DA833D13EB30E5FA1FEC7865EBB3793EED51602EC719781F","D:\Coding\protuesgen\experiments\source_passive_v8_compact_fixed_suffix_temp_2026_06_05\donors\e001_empty_base.pdsprj","10550"
"moved_to_manual_import","C:\Users\tahab\Downloads\AI for Proteus Simulation_files\New folder (2)\POWER_T09_6R_V0_OUTPUT_BRIDGE_ATTEMPT\POWER_T09_6R_V0_OUTPUT_BRIDGE_ATTEMPT.pdsprj","D:\Coding\protuesgen\proteus_ic\donors\manual_downloads_20260611\AI for Proteus Simulation_files\New folder (2)\POWER_T09_6R_V0_OUTPUT_BRIDGE_ATTEMPT\POWER_T09_6R_V0_OUTPUT_BRIDGE_ATTEMPT.pdsprj","45D4FDFDC721CB50052A1C7258355C9920479FE8E5FDB4A54892AABE6833101C","","11730"
"deleted_duplicate_in_experiments","C:\Users\tahab\Downloads\AI for Proteus Simulation_files\New folder (3)\GROUND_T03_R21_G0_OUTPUT_BRIDGE_ATTEMPT\CONTROL_E001_EMPTY_BASE.pdsprj","","74532BCB33FCC293DA833D13EB30E5FA1FEC7865EBB3793EED51602EC719781F","D:\Coding\protuesgen\experiments\source_passive_v8_compact_fixed_suffix_temp_2026_06_05\donors\e001_empty_base.pdsprj","10550"
"moved_to_manual_import","C:\Users\tahab\Downloads\AI for Proteus Simulation_files\New folder (3)\GROUND_T03_R21_G0_OUTPUT_BRIDGE_ATTEMPT\GROUND_T03_R21_G0_OUTPUT_BRIDGE_ATTEMPT.pdsprj","D:\Coding\protuesgen\proteus_ic\donors\manual_downloads_20260611\AI for Proteus Simulation_files\New folder (3)\GROUND_T03_R21_G0_OUTPUT_BRIDGE_ATTEMPT\GROUND_T03_R21_G0_OUTPUT_BRIDGE_ATTEMPT.pdsprj","9FC15E614A01DEAF6E4F8AF7ABB5872D8CE564274CC19CB97DB72EBD19FDC038","","13059"
"deleted_duplicate_in_experiments","C:\Users\tahab\Downloads\AI for Proteus Simulation_files\New folder (3)\GROUND_T04_R21_G0_INPUT_BRIDGE_ATTEMPT\CONTROL_E001_EMPTY_BASE.pdsprj","","74532BCB33FCC293DA833D13EB30E5FA1FEC7865EBB3793EED51602EC719781F","D:\Coding\protuesgen\experiments\source_passive_v8_compact_fixed_suffix_temp_2026_06_05\donors\e001_empty_base.pdsprj","10550"
"moved_to_manual_import","C:\Users\tahab\Downloads\AI for Proteus Simulation_files\New folder (3)\GROUND_T04_R21_G0_INPUT_BRIDGE_ATTEMPT\GROUND_T04_R21_G0_INPUT_BRIDGE_ATTEMPT.pdsprj","D:\Coding\protuesgen\proteus_ic\donors\manual_downloads_20260611\AI for Proteus Simulation_files\New folder (3)\GROUND_T04_R21_G0_INPUT_BRIDGE_ATTEMPT\GROUND_T04_R21_G0_INPUT_BRIDGE_ATTEMPT.pdsprj","4B2377368E2F46411EE3D96AD9B0BDE5298CDCBC7B2707D04569B04F4B650961","","13064"
"deleted_duplicate_in_experiments","C:\Users\tahab\Downloads\AI for Proteus Simulation_files\New folder (3)\GROUND_T05_6R_G0_OUTPUT_BRIDGE_ATTEMPT\CONTROL_E001_EMPTY_BASE.pdsprj","","74532BCB33FCC293DA833D13EB30E5FA1FEC7865EBB3793EED51602EC719781F","D:\Coding\protuesgen\experiments\source_passive_v8_compact_fixed_suffix_temp_2026_06_05\donors\e001_empty_base.pdsprj","10550"
"moved_to_manual_import","C:\Users\tahab\Downloads\AI for Proteus Simulation_files\New folder (3)\GROUND_T05_6R_G0_OUTPUT_BRIDGE_ATTEMPT\GROUND_T05_6R_G0_OUTPUT_BRIDGE_ATTEMPT.pdsprj","D:\Coding\protuesgen\proteus_ic\donors\manual_downloads_20260611\AI for Proteus Simulation_files\New folder (3)\GROUND_T05_6R_G0_OUTPUT_BRIDGE_ATTEMPT\GROUND_T05_6R_G0_OUTPUT_BRIDGE_ATTEMPT.pdsprj","3D740823274FCB3A7915F5F313F1063CA36BB6DB3BE757D658E8007BE057EA7E","","11724"
"deleted_duplicate_in_experiments","C:\Users\tahab\Downloads\AI for Proteus Simulation_files\New folder (3)\GROUND_T06_6R_G0_INPUT_BRIDGE_ATTEMPT\CONTROL_E001_EMPTY_BASE.pdsprj","","74532BCB33FCC293DA833D13EB30E5FA1FEC7865EBB3793EED51602EC719781F","D:\Coding\protuesgen\experiments\source_passive_v8_compact_fixed_suffix_temp_2026_06_05\donors\e001_empty_base.pdsprj","10550"
"moved_to_manual_import","C:\Users\tahab\Downloads\AI for Proteus Simulation_files\New folder (3)\GROUND_T06_6R_G0_INPUT_BRIDGE_ATTEMPT\GROUND_T06_6R_G0_INPUT_BRIDGE_ATTEMPT.pdsprj","D:\Coding\protuesgen\proteus_ic\donors\manual_downloads_20260611\AI for Proteus Simulation_files\New folder (3)\GROUND_T06_6R_G0_INPUT_BRIDGE_ATTEMPT\GROUND_T06_6R_G0_INPUT_BRIDGE_ATTEMPT.pdsprj","994504694BA0A12210AD316BA7E6256F722525BA6C413D9FB487BFF6B55E367F","","11734"
"deleted_duplicate_in_experiments","C:\Users\tahab\Downloads\AI for Proteus Simulation_files\POWER_T10_R21_N1_DONOR_BRIDGE_ATTEMPT\CONTROL_E001_EMPTY_BASE.pdsprj","","74532BCB33FCC293DA833D13EB30E5FA1FEC7865EBB3793EED51602EC719781F","D:\Coding\protuesgen\experiments\source_passive_v8_compact_fixed_suffix_temp_2026_06_05\donors\e001_empty_base.pdsprj","10550"
"moved_to_manual_import","C:\Users\tahab\Downloads\AI for Proteus Simulation_files\POWER_T10_R21_N1_DONOR_BRIDGE_ATTEMPT\DONOR_New_Project_1.pdsprj","D:\Coding\protuesgen\proteus_ic\donors\manual_downloads_20260611\AI for Proteus Simulation_files\POWER_T10_R21_N1_DONOR_BRIDGE_ATTEMPT\DONOR_New_Project_1.pdsprj","D06B97BEC98B2A6990A3E9E948AFA0A848ACC56815C4C5EE458D4E2F4C979D55","","11029"
"moved_to_manual_import","C:\Users\tahab\Downloads\AI for Proteus Simulation_files\POWER_T10_R21_N1_DONOR_BRIDGE_ATTEMPT\POWER_T10_R21_N1_DONOR_BRIDGE_ATTEMPT.pdsprj","D:\Coding\protuesgen\proteus_ic\donors\manual_downloads_20260611\AI for Proteus Simulation_files\POWER_T10_R21_N1_DONOR_BRIDGE_ATTEMPT\POWER_T10_R21_N1_DONOR_BRIDGE_ATTEMPT.pdsprj","D3E131E9E25C4570D1974974653F16237412A41C0B111FC939F0828382EA410D","","13060"
"deleted_duplicate_in_experiments","C:\Users\tahab\Downloads\AI for Proteus Simulation_files\procmon_proteus_test_files\01_core_open_save_files\E0_empty.pdsprj","","74532BCB33FCC293DA833D13EB30E5FA1FEC7865EBB3793EED51602EC719781F","D:\Coding\protuesgen\experiments\source_passive_v8_compact_fixed_suffix_temp_2026_06_05\donors\e001_empty_base.pdsprj","10550"
"moved_to_manual_import","C:\Users\tahab\Downloads\AI for Proteus Simulation_files\procmon_proteus_test_files\01_core_open_save_files\R1_one.pdsprj","D:\Coding\protuesgen\proteus_ic\donors\manual_downloads_20260611\AI for Proteus Simulation_files\procmon_proteus_test_files\01_core_open_save_files\R1_one.pdsprj","48A9CC0856FEF47F69D5CE5C9CA5F021489DDBE41A77D49D579D3BE0D44AA833","","10880"
"moved_to_manual_import","C:\Users\tahab\Downloads\AI for Proteus Simulation_files\procmon_proteus_test_files\01_core_open_save_files\R1_onexzxzx.pdsprj","D:\Coding\protuesgen\proteus_ic\donors\manual_downloads_20260611\AI for Proteus Simulation_files\procmon_proteus_test_files\01_core_open_save_files\R1_onexzxzx.pdsprj","C829A3B1CBDC036F7FEAC47E783DE73237C851E3F493B023A92BC45D5365A27B","","10886"
"moved_to_manual_import","C:\Users\tahab\Downloads\AI for Proteus Simulation_files\procmon_proteus_test_files\01_core_open_save_files\R2_two.pdsprj","D:\Coding\protuesgen\proteus_ic\donors\manual_downloads_20260611\AI for Proteus Simulation_files\procmon_proteus_test_files\01_core_open_save_files\R2_two.pdsprj","266F27EAF13C36268DDE58FB40BE5E72B675FD6D02B4396572AC8D1C51BFF310","","11106"
"moved_to_manual_import","C:\Users\tahab\Downloads\AI for Proteus Simulation_files\procmon_proteus_test_files\01_core_open_save_files\R3_three.pdsprj","D:\Coding\protuesgen\proteus_ic\donors\manual_downloads_20260611\AI for Proteus Simulation_files\procmon_proteus_test_files\01_core_open_save_files\R3_three.pdsprj","829924C66ACECA3511BB57DF83A7F9D658D639A55ED1523EBA273F1816507286","","11196"
"moved_to_manual_import","C:\Users\tahab\Downloads\AI for Proteus Simulation_files\procmon_proteus_test_files\01_core_open_save_files\R4_four.pdsprj","D:\Coding\protuesgen\proteus_ic\donors\manual_downloads_20260611\AI for Proteus Simulation_files\procmon_proteus_test_files\01_core_open_save_files\R4_four.pdsprj","D766529504A583C33C1450A96FB395C7FB316437218C75813D96E1CD41A44104","","11038"
"moved_to_manual_import","C:\Users\tahab\Downloads\AI for Proteus Simulation_files\procmon_proteus_test_files\01_core_open_save_files\R4_fourdsd.pdsprj","D:\Coding\protuesgen\proteus_ic\donors\manual_downloads_20260611\AI for Proteus Simulation_files\procmon_proteus_test_files\01_core_open_save_files\R4_fourdsd.pdsprj","0968CEB4885D39602E125DB3FB463670E05AA48826C14D854BCF81DF4A4491EA","","11044"
"moved_to_manual_import","C:\Users\tahab\Downloads\AI for Proteus Simulation_files\procmon_proteus_test_files\01_core_open_save_files\R4_fourdsdsaaaaa.pdsprj","D:\Coding\protuesgen\proteus_ic\donors\manual_downloads_20260611\AI for Proteus Simulation_files\procmon_proteus_test_files\01_core_open_save_files\R4_fourdsdsaaaaa.pdsprj","9BC201E04AB3879B24AFC295562D7A0DB53D4C187FF2CE175072C6A93710E62D","","11045"
"moved_to_manual_import","C:\Users\tahab\Downloads\AI for Proteus Simulation_files\procmon_proteus_test_files\01_core_open_save_files\xzxxZ.pdsprj","D:\Coding\protuesgen\proteus_ic\donors\manual_downloads_20260611\AI for Proteus Simulation_files\procmon_proteus_test_files\01_core_open_save_files\xzxxZ.pdsprj","10219E9A8C4F3255EE3FF85965849533D829C586F17044E4BC68A59DF0207010","","10558"
"moved_to_manual_import","C:\Users\tahab\Downloads\AI for Proteus Simulation_files\procmon_proteus_test_files\02_terminal_endpoint_files\CONTROL_B02_E008_four_parallel_N1_N2.pdsprj","D:\Coding\protuesgen\proteus_ic\donors\manual_downloads_20260611\AI for Proteus Simulation_files\procmon_proteus_test_files\02_terminal_endpoint_files\CONTROL_B02_E008_four_parallel_N1_N2.pdsprj","40C10245AC3A7E22D7368960A4116C4EDB85047AE043939CB8E423B7E5A623E6","","11305"
"deleted_duplicate_in_experiments","C:\Users\tahab\Downloads\AI for Proteus Simulation_files\procmon_proteus_test_files\02_terminal_endpoint_files\CONTROL_E001_empty_base.pdsprj","","74532BCB33FCC293DA833D13EB30E5FA1FEC7865EBB3793EED51602EC719781F","D:\Coding\protuesgen\experiments\source_passive_v8_compact_fixed_suffix_temp_2026_06_05\donors\e001_empty_base.pdsprj","10550"
"moved_to_manual_import","C:\Users\tahab\Downloads\AI for Proteus Simulation_files\procmon_proteus_test_files\02_terminal_endpoint_files\EXPERIMENTAL_4R_ALL_TERMINAL_TYPES_INPUT_ONE_VC.pdsprj","D:\Coding\protuesgen\proteus_ic\donors\manual_downloads_20260611\AI for Proteus Simulation_files\procmon_proteus_test_files\02_terminal_endpoint_files\EXPERIMENTAL_4R_ALL_TERMINAL_TYPES_INPUT_ONE_VC.pdsprj","CA70EA9987534BCE627BF48BDCB651BEAA1BCD4988C753B219977483CD1BC144","","11435"
"moved_to_manual_import","C:\Users\tahab\Downloads\AI for Proteus Simulation_files\procmon_proteus_test_files\02_terminal_endpoint_files\TEST_4R_ALL_ENDPOINTS_UNIQUE_TERMINALS_SAFE.pdsprj","D:\Coding\protuesgen\proteus_ic\donors\manual_downloads_20260611\AI for Proteus Simulation_files\procmon_proteus_test_files\02_terminal_endpoint_files\TEST_4R_ALL_ENDPOINTS_UNIQUE_TERMINALS_SAFE.pdsprj","C0B1AFD791F08793265567903AA2E96DB63CACEC5167BEC4F769975F8B120F95","","11438"
"moved_to_manual_import","C:\Users\tahab\Downloads\AI for Proteus Simulation_files\procmon_proteus_test_files\02_terminal_endpoint_files\TEST_4R_ENDPOINT_TERMINALS_ONE_OUTPUT_VC_SAFE.pdsprj","D:\Coding\protuesgen\proteus_ic\donors\manual_downloads_20260611\AI for Proteus Simulation_files\procmon_proteus_test_files\02_terminal_endpoint_files\TEST_4R_ENDPOINT_TERMINALS_ONE_OUTPUT_VC_SAFE.pdsprj","88F6376115598573AB9302EBD5F1A40CBEFDC1A6E93260C5308286D093CE75E8","","11438"
"moved_to_manual_import","C:\Users\tahab\Downloads\AI for Proteus Simulation_files\procmon_proteus_test_files\02_terminal_endpoint_files\TEST_4R_PARALLEL_INPUT_N1_OUTPUT_VC_SAFE.pdsprj","D:\Coding\protuesgen\proteus_ic\donors\manual_downloads_20260611\AI for Proteus Simulation_files\procmon_proteus_test_files\02_terminal_endpoint_files\TEST_4R_PARALLEL_INPUT_N1_OUTPUT_VC_SAFE.pdsprj","C781AF6697A269DCD27B53020D048440DDA44A714B9340BAE064D765E28EDA2D","","11425"
"moved_to_manual_import","C:\Users\tahab\Downloads\AI for Proteus Simulation_files\progentest\alizaycodetest\Clock_TimeZone3_PATCHED_TO_8_13.pdsprj","D:\Coding\protuesgen\proteus_ic\donors\manual_downloads_20260611\AI for Proteus Simulation_files\progentest\alizaycodetest\Clock_TimeZone3_PATCHED_TO_8_13.pdsprj","0B20793E2983A8DED60CCED85A8B5BC07C08991F1118311A3227025E766E62EA","","45772"
"moved_to_manual_import","C:\Users\tahab\Downloads\AI for Proteus Simulation_files\progentest\alizaycodetest\Clock_TimeZone3.pdsprj","D:\Coding\protuesgen\proteus_ic\donors\manual_downloads_20260611\AI for Proteus Simulation_files\progentest\alizaycodetest\Clock_TimeZone3.pdsprj","47F793723214B4E5A7FA3F0006CE9C23B08D826D95E4C5D4F9BCE4EC275607B4","","45484"
"deleted_duplicate_in_experiments","C:\Users\tahab\Downloads\AI for Proteus Simulation_files\progentest\ISIS_DLL_ERROR_DIAGNOSTIC_TEST_PACK\T01_E001_REPACK_CONTROL\T01_E001_REPACK_CONTROL.pdsprj","","74532BCB33FCC293DA833D13EB30E5FA1FEC7865EBB3793EED51602EC719781F","D:\Coding\protuesgen\experiments\source_passive_v8_compact_fixed_suffix_temp_2026_06_05\donors\e001_empty_base.pdsprj","10550"
"moved_to_manual_import","C:\Users\tahab\Downloads\AI for Proteus Simulation_files\progentest\ISIS_DLL_ERROR_DIAGNOSTIC_TEST_PACK\T02_D03_CLEAN_DONOR_CONTROL\T02_D03_CLEAN_DONOR_CONTROL.pdsprj","D:\Coding\protuesgen\proteus_ic\donors\manual_downloads_20260611\AI for Proteus Simulation_files\progentest\ISIS_DLL_ERROR_DIAGNOSTIC_TEST_PACK\T02_D03_CLEAN_DONOR_CONTROL\T02_D03_CLEAN_DONOR_CONTROL.pdsprj","400E252C6595B342B44C16CA50DA6F995C3D16DFD082469D1BD9F3737535AE3F","","12386"
"moved_to_manual_import","C:\Users\tahab\Downloads\AI for Proteus Simulation_files\progentest\ISIS_DLL_ERROR_DIAGNOSTIC_TEST_PACK\T03_D01_SINGLE_GATE_CONTROL\T03_D01_SINGLE_GATE_CONTROL.pdsprj","D:\Coding\protuesgen\proteus_ic\donors\manual_downloads_20260611\AI for Proteus Simulation_files\progentest\ISIS_DLL_ERROR_DIAGNOSTIC_TEST_PACK\T03_D01_SINGLE_GATE_CONTROL\T03_D01_SINGLE_GATE_CONTROL.pdsprj","2B5D238B6546250E6D40667F6CF1FE0E13BDB4A7A0ED2062443491A2831D8E61","","11305"
"moved_to_manual_import","C:\Users\tahab\Downloads\AI for Proteus Simulation_files\progentest\ISIS_DLL_ERROR_DIAGNOSTIC_TEST_PACK\T04_D02_FOUR_GATES_UNWIRED_CONTROL\T04_D02_FOUR_GATES_UNWIRED_CONTROL.pdsprj","D:\Coding\protuesgen\proteus_ic\donors\manual_downloads_20260611\AI for Proteus Simulation_files\progentest\ISIS_DLL_ERROR_DIAGNOSTIC_TEST_PACK\T04_D02_FOUR_GATES_UNWIRED_CONTROL\T04_D02_FOUR_GATES_UNWIRED_CONTROL.pdsprj","764D48A9711E1F4A3F5218B0F0BF25BE4E6EADA9996386F54EA77B8C75AC354E","","11332"
"moved_to_manual_import","C:\Users\tahab\Downloads\AI for Proteus Simulation_files\progentest\ISIS_DLL_ERROR_DIAGNOSTIC_TEST_PACK\T05_D03_REPACKED_ORDER_PRESERVED\T05_D03_REPACKED_ORDER_PRESERVED.pdsprj","D:\Coding\protuesgen\proteus_ic\donors\manual_downloads_20260611\AI for Proteus Simulation_files\progentest\ISIS_DLL_ERROR_DIAGNOSTIC_TEST_PACK\T05_D03_REPACKED_ORDER_PRESERVED\T05_D03_REPACKED_ORDER_PRESERVED.pdsprj","3446D3C3FAE73A7A7DE19332D5DD527E1FBC9767B5D9F15525432CF122A2825E","","12540"
"moved_to_manual_import","C:\Users\tahab\Downloads\AI for Proteus Simulation_files\progentest\ISIS_DLL_ERROR_DIAGNOSTIC_TEST_PACK\T06_D03_REPACKED_E001_ORDER\T06_D03_REPACKED_E001_ORDER.pdsprj","D:\Coding\protuesgen\proteus_ic\donors\manual_downloads_20260611\AI for Proteus Simulation_files\progentest\ISIS_DLL_ERROR_DIAGNOSTIC_TEST_PACK\T06_D03_REPACKED_E001_ORDER\T06_D03_REPACKED_E001_ORDER.pdsprj","3446D3C3FAE73A7A7DE19332D5DD527E1FBC9767B5D9F15525432CF122A2825E","","12540"
"moved_to_manual_import","C:\Users\tahab\Downloads\AI for Proteus Simulation_files\progentest\ISIS_DLL_ERROR_DIAGNOSTIC_TEST_PACK\T07_E001_XML_PWR_WITH_D03_DSN_CDB\T07_E001_XML_PWR_WITH_D03_DSN_CDB.pdsprj","D:\Coding\protuesgen\proteus_ic\donors\manual_downloads_20260611\AI for Proteus Simulation_files\progentest\ISIS_DLL_ERROR_DIAGNOSTIC_TEST_PACK\T07_E001_XML_PWR_WITH_D03_DSN_CDB\T07_E001_XML_PWR_WITH_D03_DSN_CDB.pdsprj","AAC52492B195E70B929B135060281ADC4D246C4A3ECCEA1EF425F06D772806CE","","12540"
"moved_to_manual_import","C:\Users\tahab\Downloads\AI for Proteus Simulation_files\progentest\ISIS_DLL_ERROR_DIAGNOSTIC_TEST_PACK\T08_E001_MIN_CDB_WITH_D03_DSN\T08_E001_MIN_CDB_WITH_D03_DSN.pdsprj","D:\Coding\protuesgen\proteus_ic\donors\manual_downloads_20260611\AI for Proteus Simulation_files\progentest\ISIS_DLL_ERROR_DIAGNOSTIC_TEST_PACK\T08_E001_MIN_CDB_WITH_D03_DSN\T08_E001_MIN_CDB_WITH_D03_DSN.pdsprj","16472C10C22B40046DCAD43CF08406F0309E584BAE58A43E15482C5092B45B55","","12315"
"moved_to_manual_import","C:\Users\tahab\Downloads\AI for Proteus Simulation_files\progentest\ISIS_DLL_ERROR_DIAGNOSTIC_TEST_PACK\T09_E001_DSN_WITH_D03_CDB\T09_E001_DSN_WITH_D03_CDB.pdsprj","D:\Coding\protuesgen\proteus_ic\donors\manual_downloads_20260611\AI for Proteus Simulation_files\progentest\ISIS_DLL_ERROR_DIAGNOSTIC_TEST_PACK\T09_E001_DSN_WITH_D03_CDB\T09_E001_DSN_WITH_D03_CDB.pdsprj","36608806B85CBD9C0EB509790E737012F19DD561D81853BD054198750B06A067","","10886"
"moved_to_manual_import","C:\Users\tahab\Downloads\AI for Proteus Simulation_files\progentest\ISIS_DLL_ERROR_DIAGNOSTIC_TEST_PACK\T10_D03_DSN_WITH_E001_CDB\T10_D03_DSN_WITH_E001_CDB.pdsprj","D:\Coding\protuesgen\proteus_ic\donors\manual_downloads_20260611\AI for Proteus Simulation_files\progentest\ISIS_DLL_ERROR_DIAGNOSTIC_TEST_PACK\T10_D03_DSN_WITH_E001_CDB\T10_D03_DSN_WITH_E001_CDB.pdsprj","EB7AC08FA75D96402C83D94C67F99A05854C8A9B8465885F5320AA3665742861","","12315"
"moved_to_manual_import","C:\Users\tahab\Downloads\AI for Proteus Simulation_files\progentest\ISIS_DLL_ERROR_DIAGNOSTIC_TEST_PACK\T11_D03_WITH_E001_PROJECT_XML\T11_D03_WITH_E001_PROJECT_XML.pdsprj","D:\Coding\protuesgen\proteus_ic\donors\manual_downloads_20260611\AI for Proteus Simulation_files\progentest\ISIS_DLL_ERROR_DIAGNOSTIC_TEST_PACK\T11_D03_WITH_E001_PROJECT_XML\T11_D03_WITH_E001_PROJECT_XML.pdsprj","AAC52492B195E70B929B135060281ADC4D246C4A3ECCEA1EF425F06D772806CE","","12540"
"moved_to_manual_import","C:\Users\tahab\Downloads\AI for Proteus Simulation_files\progentest\ISIS_DLL_ERROR_DIAGNOSTIC_TEST_PACK\T12_PREVIOUS_PARTIAL_COPY_SUSPECT\T12_PREVIOUS_PARTIAL_COPY_SUSPECT.pdsprj","D:\Coding\protuesgen\proteus_ic\donors\manual_downloads_20260611\AI for Proteus Simulation_files\progentest\ISIS_DLL_ERROR_DIAGNOSTIC_TEST_PACK\T12_PREVIOUS_PARTIAL_COPY_SUSPECT\T12_PREVIOUS_PARTIAL_COPY_SUSPECT.pdsprj","06734645407152E0980420F7FE39BBF7CA059217D4953A7226BE6842FD16F6D3","","11742"
"moved_to_manual_import","C:\Users\tahab\Downloads\AI for Proteus Simulation_files\progentest\ISIS_DLL_ERROR_DIAGNOSTIC_TEST_PACK\_controls\CONTROL_D01_original.pdsprj","D:\Coding\protuesgen\proteus_ic\donors\manual_downloads_20260611\AI for Proteus Simulation_files\progentest\ISIS_DLL_ERROR_DIAGNOSTIC_TEST_PACK\_controls\CONTROL_D01_original.pdsprj","2B5D238B6546250E6D40667F6CF1FE0E13BDB4A7A0ED2062443491A2831D8E61","","11305"
"moved_to_manual_import","C:\Users\tahab\Downloads\AI for Proteus Simulation_files\progentest\ISIS_DLL_ERROR_DIAGNOSTIC_TEST_PACK\_controls\CONTROL_D02_original.pdsprj","D:\Coding\protuesgen\proteus_ic\donors\manual_downloads_20260611\AI for Proteus Simulation_files\progentest\ISIS_DLL_ERROR_DIAGNOSTIC_TEST_PACK\_controls\CONTROL_D02_original.pdsprj","764D48A9711E1F4A3F5218B0F0BF25BE4E6EADA9996386F54EA77B8C75AC354E","","11332"
"moved_to_manual_import","C:\Users\tahab\Downloads\AI for Proteus Simulation_files\progentest\ISIS_DLL_ERROR_DIAGNOSTIC_TEST_PACK\_controls\CONTROL_D03_original.pdsprj","D:\Coding\protuesgen\proteus_ic\donors\manual_downloads_20260611\AI for Proteus Simulation_files\progentest\ISIS_DLL_ERROR_DIAGNOSTIC_TEST_PACK\_controls\CONTROL_D03_original.pdsprj","400E252C6595B342B44C16CA50DA6F995C3D16DFD082469D1BD9F3737535AE3F","","12386"
"deleted_duplicate_in_experiments","C:\Users\tahab\Downloads\AI for Proteus Simulation_files\progentest\ISIS_DLL_ERROR_DIAGNOSTIC_TEST_PACK\_controls\CONTROL_E001_original.pdsprj","","74532BCB33FCC293DA833D13EB30E5FA1FEC7865EBB3793EED51602EC719781F","D:\Coding\protuesgen\experiments\source_passive_v8_compact_fixed_suffix_temp_2026_06_05\donors\e001_empty_base.pdsprj","10550"
"deleted_duplicate_in_experiments","C:\Users\tahab\Downloads\AI for Proteus Simulation_files\progentest\R21_dsn_composition_diagnostic\CONTROL_E001_empty_base.pdsprj","","74532BCB33FCC293DA833D13EB30E5FA1FEC7865EBB3793EED51602EC719781F","D:\Coding\protuesgen\experiments\source_passive_v8_compact_fixed_suffix_temp_2026_06_05\donors\e001_empty_base.pdsprj","10550"
"moved_to_manual_import","C:\Users\tahab\Downloads\AI for Proteus Simulation_files\progentest\R21_dsn_composition_diagnostic\CONTROL_one_resistor_unit_template.pdsprj","D:\Coding\protuesgen\proteus_ic\donors\manual_downloads_20260611\AI for Proteus Simulation_files\progentest\R21_dsn_composition_diagnostic\CONTROL_one_resistor_unit_template.pdsprj","7166540AFA007CA328D072286A7338F11E761226A231FBC508F7C7A0B5F60E0E","","10993"
"moved_to_manual_import","C:\Users\tahab\Downloads\AI for Proteus Simulation_files\progentest\R21_dsn_composition_diagnostic\T01_E001_PLUS_ONE_UNIT_BODY_MIN_CDB.pdsprj","D:\Coding\protuesgen\proteus_ic\donors\manual_downloads_20260611\AI for Proteus Simulation_files\progentest\R21_dsn_composition_diagnostic\T01_E001_PLUS_ONE_UNIT_BODY_MIN_CDB.pdsprj","754B8933DCDB97A2CCB8D70A6C2260DFCA5A067B9B3B255274BF0EE471784528","","10900"
"moved_to_manual_import","C:\Users\tahab\Downloads\AI for Proteus Simulation_files\progentest\R21_dsn_composition_diagnostic\T02_TWO_IDENTICAL_UNIT_BODIES_NO_EDIT_MIN_CDB.pdsprj","D:\Coding\protuesgen\proteus_ic\donors\manual_downloads_20260611\AI for Proteus Simulation_files\progentest\R21_dsn_composition_diagnostic\T02_TWO_IDENTICAL_UNIT_BODIES_NO_EDIT_MIN_CDB.pdsprj","0E7349CA68B9F468639C9B42FD323D6D1342AA4C1B09ACDF2AC478419F9196A1","","10909"
"moved_to_manual_import","C:\Users\tahab\Downloads\AI for Proteus Simulation_files\progentest\R21_dsn_composition_diagnostic\T03_TWO_UNITS_STRING_PATCH_ONLY_NO_SHIFT_MIN_CDB.pdsprj","D:\Coding\protuesgen\proteus_ic\donors\manual_downloads_20260611\AI for Proteus Simulation_files\progentest\R21_dsn_composition_diagnostic\T03_TWO_UNITS_STRING_PATCH_ONLY_NO_SHIFT_MIN_CDB.pdsprj","304982706D99E7ADDFB9BBDA1247796397F30B1EF60C150D0A5AC5814D458E84","","10922"
"moved_to_manual_import","C:\Users\tahab\Downloads\AI for Proteus Simulation_files\progentest\R21_dsn_composition_diagnostic\T04_TWO_IDENTICAL_UNIT_BODIES_ONE_R_CDB.pdsprj","D:\Coding\protuesgen\proteus_ic\donors\manual_downloads_20260611\AI for Proteus Simulation_files\progentest\R21_dsn_composition_diagnostic\T04_TWO_IDENTICAL_UNIT_BODIES_ONE_R_CDB.pdsprj","7E545C160C53ACDA0A6B11AAD633F0A104023698B382419940A62C6D0528621E","","10966"
"moved_to_manual_import","C:\Users\tahab\Downloads\AI for Proteus Simulation_files\progentest\R21_dsn_composition_diagnostic\T05_THREE_UNITS_STRING_PATCH_ONLY_NO_SHIFT_MIN_CDB.pdsprj","D:\Coding\protuesgen\proteus_ic\donors\manual_downloads_20260611\AI for Proteus Simulation_files\progentest\R21_dsn_composition_diagnostic\T05_THREE_UNITS_STRING_PATCH_ONLY_NO_SHIFT_MIN_CDB.pdsprj","CF950A4ABBE517B3F693CCEE3584DE452FC1B8952B9F4DF2F43BD8BA08F8011B","","10941"
"moved_to_manual_import","C:\Users\tahab\Downloads\AI for Proteus Simulation_files\progentest\R21_dsn_composition_diagnostic\T06_SEVEN_UNITS_STRING_PATCH_ONLY_NO_SHIFT_MIN_CDB.pdsprj","D:\Coding\protuesgen\proteus_ic\donors\manual_downloads_20260611\AI for Proteus Simulation_files\progentest\R21_dsn_composition_diagnostic\T06_SEVEN_UNITS_STRING_PATCH_ONLY_NO_SHIFT_MIN_CDB.pdsprj","5CFA9B50265BAB52B6097BB323BDB425B67DCEF126A6E46F96AE4892E3CB2A05","","11016"
"moved_to_manual_import","C:\Users\tahab\Downloads\AI for Proteus Simulation_files\progentest\R21_dsn_composition_diagnostic\T07_SEVEN_IDENTICAL_UNITS_NO_EDIT_MIN_CDB.pdsprj","D:\Coding\protuesgen\proteus_ic\donors\manual_downloads_20260611\AI for Proteus Simulation_files\progentest\R21_dsn_composition_diagnostic\T07_SEVEN_IDENTICAL_UNITS_NO_EDIT_MIN_CDB.pdsprj","FB955E3E7013A106D9F059B9570E395568A0DE043D4D4B99FC152B927B56D32D","","10942"
"moved_to_manual_import","C:\Users\tahab\Downloads\AI for Proteus Simulation_files\progentest\R21_dsn_composition_diagnostic\T08_TWO_UNITS_STRING_PATCH_AND_NAIVE_SHIFT_MIN_CDB.pdsprj","D:\Coding\protuesgen\proteus_ic\donors\manual_downloads_20260611\AI for Proteus Simulation_files\progentest\R21_dsn_composition_diagnostic\T08_TWO_UNITS_STRING_PATCH_AND_NAIVE_SHIFT_MIN_CDB.pdsprj","304982706D99E7ADDFB9BBDA1247796397F30B1EF60C150D0A5AC5814D458E84","","10922"
"moved_to_manual_import","C:\Users\tahab\Downloads\AI for Proteus Simulation_files\progentest\R21_dsn_composition_diagnostic\T09_ONE_UNIT_STRING_PATCH_ONLY_MIN_CDB.pdsprj","D:\Coding\protuesgen\proteus_ic\donors\manual_downloads_20260611\AI for Proteus Simulation_files\progentest\R21_dsn_composition_diagnostic\T09_ONE_UNIT_STRING_PATCH_ONLY_MIN_CDB.pdsprj","47519299C4ECB7E538D124FDABA8A34B60FE51EFA72D0273331F78DC39C492FA","","10900"
"moved_to_manual_import","C:\Users\tahab\Downloads\AI for Proteus Simulation_files\progentest\R21_dsn_composition_diagnostic\T10_RECONSTRUCT_E001_EMPTY_BODY_MIN_CDB.pdsprj","D:\Coding\protuesgen\proteus_ic\donors\manual_downloads_20260611\AI for Proteus Simulation_files\progentest\R21_dsn_composition_diagnostic\T10_RECONSTRUCT_E001_EMPTY_BODY_MIN_CDB.pdsprj","8434867E76C116523FED790453103DFAD8A8F571065528521D2431F6E22400D3","","10661"
"moved_to_manual_import","C:\Users\tahab\Downloads\AI for Proteus Simulation_files\progentest\R21_dsn_composition_diagnostic\resaved\T01_E001_PLUS_ONE_UNIT_BODY_MIN_CDB.pdsprj","D:\Coding\protuesgen\proteus_ic\donors\manual_downloads_20260611\AI for Proteus Simulation_files\progentest\R21_dsn_composition_diagnostic\resaved\T01_E001_PLUS_ONE_UNIT_BODY_MIN_CDB.pdsprj","865B975BA789F86448432E4FC62E6484CB38261AD40225190A85DD955800AF9C","","10999"
"deleted_duplicate_in_experiments","C:\Users\tahab\Downloads\AI for Proteus Simulation_files\progentest\R21_pointer_fix_diagnostic\CONTROL_E001_empty_base.pdsprj","","74532BCB33FCC293DA833D13EB30E5FA1FEC7865EBB3793EED51602EC719781F","D:\Coding\protuesgen\experiments\source_passive_v8_compact_fixed_suffix_temp_2026_06_05\donors\e001_empty_base.pdsprj","10550"
"moved_to_manual_import","C:\Users\tahab\Downloads\AI for Proteus Simulation_files\progentest\R21_pointer_fix_diagnostic\CONTROL_one_resistor_unit_template.pdsprj","D:\Coding\protuesgen\proteus_ic\donors\manual_downloads_20260611\AI for Proteus Simulation_files\progentest\R21_pointer_fix_diagnostic\CONTROL_one_resistor_unit_template.pdsprj","7166540AFA007CA328D072286A7338F11E761226A231FBC508F7C7A0B5F60E0E","","10993"
"moved_to_manual_import","C:\Users\tahab\Downloads\AI for Proteus Simulation_files\progentest\R21_pointer_fix_diagnostic\ORIGINAL_FAIL_MIN_CDB.pdsprj","D:\Coding\protuesgen\proteus_ic\donors\manual_downloads_20260611\AI for Proteus Simulation_files\progentest\R21_pointer_fix_diagnostic\ORIGINAL_FAIL_MIN_CDB.pdsprj","2E4C4DC04097C264DA6741E89052801BA323A062B89D4A37302AAEA361AEC2C8","","11937"
"moved_to_manual_import","C:\Users\tahab\Downloads\AI for Proteus Simulation_files\progentest\R21_pointer_fix_diagnostic\ORIGINAL_FAIL_ONE_R_CDB_SEED.pdsprj","D:\Coding\protuesgen\proteus_ic\donors\manual_downloads_20260611\AI for Proteus Simulation_files\progentest\R21_pointer_fix_diagnostic\ORIGINAL_FAIL_ONE_R_CDB_SEED.pdsprj","C80CDFC5A049579D4D8747A6904F13E0ABA48EB18A5C9672C2676B372F3C07D3","","11994"
"moved_to_manual_import","C:\Users\tahab\Downloads\AI for Proteus Simulation_files\progentest\R21_pointer_fix_diagnostic\TEST_R21_MIN_CDB_POINTER_FIXED_STORED_COMPRESSION.pdsprj","D:\Coding\protuesgen\proteus_ic\donors\manual_downloads_20260611\AI for Proteus Simulation_files\progentest\R21_pointer_fix_diagnostic\TEST_R21_MIN_CDB_POINTER_FIXED_STORED_COMPRESSION.pdsprj","248E5156C24623F8D66F9D33A5464EB04191812807F16717081AA07508FE0737","","79684"
"moved_to_manual_import","C:\Users\tahab\Downloads\AI for Proteus Simulation_files\progentest\R21_pointer_fix_diagnostic\TEST_R21_MIN_CDB_POINTER_FIXED.pdsprj","D:\Coding\protuesgen\proteus_ic\donors\manual_downloads_20260611\AI for Proteus Simulation_files\progentest\R21_pointer_fix_diagnostic\TEST_R21_MIN_CDB_POINTER_FIXED.pdsprj","20B1F1CFC28592962A0B1210F8E172C7CF8A6944D1DA4CB92405CDDE07EE9C04","","11936"
"moved_to_manual_import","C:\Users\tahab\Downloads\AI for Proteus Simulation_files\progentest\R21_pointer_fix_diagnostic\TEST_R21_ONE_R_CDB_SEED_POINTER_FIXED.pdsprj","D:\Coding\protuesgen\proteus_ic\donors\manual_downloads_20260611\AI for Proteus Simulation_files\progentest\R21_pointer_fix_diagnostic\TEST_R21_ONE_R_CDB_SEED_POINTER_FIXED.pdsprj","2967B62B6821D6673CC993CE9F29EC4533949B87FA5316C0A6AC2839B1A98AC6","","11993"
"deleted_duplicate_in_experiments","C:\Users\tahab\Downloads\AI for Proteus Simulation_files\progentest\R21_three_parallel_series_branches\CONTROL_E001_empty_base.pdsprj","","74532BCB33FCC293DA833D13EB30E5FA1FEC7865EBB3793EED51602EC719781F","D:\Coding\protuesgen\experiments\source_passive_v8_compact_fixed_suffix_temp_2026_06_05\donors\e001_empty_base.pdsprj","10550"
"moved_to_manual_import","C:\Users\tahab\Downloads\AI for Proteus Simulation_files\progentest\R21_three_parallel_series_branches\CONTROL_one_resistor_unit_template.pdsprj","D:\Coding\protuesgen\proteus_ic\donors\manual_downloads_20260611\AI for Proteus Simulation_files\progentest\R21_three_parallel_series_branches\CONTROL_one_resistor_unit_template.pdsprj","7166540AFA007CA328D072286A7338F11E761226A231FBC508F7C7A0B5F60E0E","","10993"
"moved_to_manual_import","C:\Users\tahab\Downloads\AI for Proteus Simulation_files\progentest\R21_three_parallel_series_branches\TEST_R21_3x7_series_parallel_MIN_CDB.pdsprj","D:\Coding\protuesgen\proteus_ic\donors\manual_downloads_20260611\AI for Proteus Simulation_files\progentest\R21_three_parallel_series_branches\TEST_R21_3x7_series_parallel_MIN_CDB.pdsprj","2E4C4DC04097C264DA6741E89052801BA323A062B89D4A37302AAEA361AEC2C8","","11937"
"moved_to_manual_import","C:\Users\tahab\Downloads\AI for Proteus Simulation_files\progentest\R21_three_parallel_series_branches\TEST_R21_3x7_series_parallel_ONE_R_CDB_SEED.pdsprj","D:\Coding\protuesgen\proteus_ic\donors\manual_downloads_20260611\AI for Proteus Simulation_files\progentest\R21_three_parallel_series_branches\TEST_R21_3x7_series_parallel_ONE_R_CDB_SEED.pdsprj","C80CDFC5A049579D4D8747A6904F13E0ABA48EB18A5C9672C2676B372F3C07D3","","11994"
"moved_to_manual_import","C:\Users\tahab\Downloads\AI for Proteus Simulation_files\progentest\RESISTOR_CATALOG_REGISTRY_DIAGNOSTIC_PACK\CONTROL_E001\CONTROL_E001.pdsprj","D:\Coding\protuesgen\proteus_ic\donors\manual_downloads_20260611\AI for Proteus Simulation_files\progentest\RESISTOR_CATALOG_REGISTRY_DIAGNOSTIC_PACK\CONTROL_E001\CONTROL_E001.pdsprj","22BA89020CA6CC914934536A341DD1C21402E42DB51BA353FDB1BE4808A0CEA5","","10661"
"moved_to_manual_import","C:\Users\tahab\Downloads\AI for Proteus Simulation_files\progentest\RESISTOR_CATALOG_REGISTRY_DIAGNOSTIC_PACK\CONTROL_FOUR_REAL_RESISTORS\CONTROL_FOUR_REAL_RESISTORS.pdsprj","D:\Coding\protuesgen\proteus_ic\donors\manual_downloads_20260611\AI for Proteus Simulation_files\progentest\RESISTOR_CATALOG_REGISTRY_DIAGNOSTIC_PACK\CONTROL_FOUR_REAL_RESISTORS\CONTROL_FOUR_REAL_RESISTORS.pdsprj","CD87ECF077F789D4718458A8781695AC6523FD8C99E9A72FB0A3E6B5DB6B6106","","11159"
"moved_to_manual_import","C:\Users\tahab\Downloads\AI for Proteus Simulation_files\progentest\RESISTOR_CATALOG_REGISTRY_DIAGNOSTIC_PACK\CONTROL_ONE_REAL_RESISTOR\CONTROL_ONE_REAL_RESISTOR.pdsprj","D:\Coding\protuesgen\proteus_ic\donors\manual_downloads_20260611\AI for Proteus Simulation_files\progentest\RESISTOR_CATALOG_REGISTRY_DIAGNOSTIC_PACK\CONTROL_ONE_REAL_RESISTOR\CONTROL_ONE_REAL_RESISTOR.pdsprj","CCB48C5B027BC5E376070374E7137DD735543914309A82D6BA0633DF8C090687","","11001"
"moved_to_manual_import","C:\Users\tahab\Downloads\AI for Proteus Simulation_files\progentest\RESISTOR_CATALOG_REGISTRY_DIAGNOSTIC_PACK\T01_E001_PROJECT_WITH_WHOLE_FOUR_DSN_CDB\T01_E001_PROJECT_WITH_WHOLE_FOUR_DSN_CDB.pdsprj","D:\Coding\protuesgen\proteus_ic\donors\manual_downloads_20260611\AI for Proteus Simulation_files\progentest\RESISTOR_CATALOG_REGISTRY_DIAGNOSTIC_PACK\T01_E001_PROJECT_WITH_WHOLE_FOUR_DSN_CDB\T01_E001_PROJECT_WITH_WHOLE_FOUR_DSN_CDB.pdsprj","AB091275DAE5955042A146CF19ABDCC427CBAD2849DB9E6B12818B4982A3586A","","11157"
"moved_to_manual_import","C:\Users\tahab\Downloads\AI for Proteus Simulation_files\progentest\RESISTOR_CATALOG_REGISTRY_DIAGNOSTIC_PACK\T02_E001_PROJECT_WITH_WHOLE_FOUR_DSN_MIN_CDB\T02_E001_PROJECT_WITH_WHOLE_FOUR_DSN_MIN_CDB.pdsprj","D:\Coding\protuesgen\proteus_ic\donors\manual_downloads_20260611\AI for Proteus Simulation_files\progentest\RESISTOR_CATALOG_REGISTRY_DIAGNOSTIC_PACK\T02_E001_PROJECT_WITH_WHOLE_FOUR_DSN_MIN_CDB\T02_E001_PROJECT_WITH_WHOLE_FOUR_DSN_MIN_CDB.pdsprj","B523676F4F5BF941B02F26F69420A0EB11297529565D872B59365F86C9DE2E23","","11040"
"moved_to_manual_import","C:\Users\tahab\Downloads\AI for Proteus Simulation_files\progentest\RESISTOR_CATALOG_REGISTRY_DIAGNOSTIC_PACK\T03_E001_PLUS_FOUR_CIRCUIT_NO_CATALOG\T03_E001_PLUS_FOUR_CIRCUIT_NO_CATALOG.pdsprj","D:\Coding\protuesgen\proteus_ic\donors\manual_downloads_20260611\AI for Proteus Simulation_files\progentest\RESISTOR_CATALOG_REGISTRY_DIAGNOSTIC_PACK\T03_E001_PLUS_FOUR_CIRCUIT_NO_CATALOG\T03_E001_PLUS_FOUR_CIRCUIT_NO_CATALOG.pdsprj","6E63A58876DFA2D6696519F51E2A33637629E533BECFD00541DF1064F406F545","","11002"
"moved_to_manual_import","C:\Users\tahab\Downloads\AI for Proteus Simulation_files\progentest\RESISTOR_CATALOG_REGISTRY_DIAGNOSTIC_PACK\T04_E001_PLUS_CATALOG_AND_FOUR_CIRCUIT\T04_E001_PLUS_CATALOG_AND_FOUR_CIRCUIT.pdsprj","D:\Coding\protuesgen\proteus_ic\donors\manual_downloads_20260611\AI for Proteus Simulation_files\progentest\RESISTOR_CATALOG_REGISTRY_DIAGNOSTIC_PACK\T04_E001_PLUS_CATALOG_AND_FOUR_CIRCUIT\T04_E001_PLUS_CATALOG_AND_FOUR_CIRCUIT.pdsprj","36D43DEB4FCB12D1E32A317F6F21A26ED1DB0420C6847847227B1D7B80ADD8A9","","11160"
"moved_to_manual_import","C:\Users\tahab\Downloads\AI for Proteus Simulation_files\progentest\RESISTOR_CATALOG_REGISTRY_DIAGNOSTIC_PACK\T05_E001_PREFIX_PLUS_FOUR_CATALOG_AND_FULL_TAIL\T05_E001_PREFIX_PLUS_FOUR_CATALOG_AND_FULL_TAIL.pdsprj","D:\Coding\protuesgen\proteus_ic\donors\manual_downloads_20260611\AI for Proteus Simulation_files\progentest\RESISTOR_CATALOG_REGISTRY_DIAGNOSTIC_PACK\T05_E001_PREFIX_PLUS_FOUR_CATALOG_AND_FULL_TAIL\T05_E001_PREFIX_PLUS_FOUR_CATALOG_AND_FULL_TAIL.pdsprj","D60E03C722E855F8A094188A9CB3A0D0E9EA43E40E37E86313C96F784D451BD0","","11160"
"deleted_duplicate_in_experiments","C:\Users\tahab\Downloads\AI for Proteus Simulation_files\progentest\RESISTOR_IDENTITY_FIELD_DIAGNOSTIC_PACK\CONTROL_E001_empty_base\CONTROL_E001_empty_base.pdsprj","","74532BCB33FCC293DA833D13EB30E5FA1FEC7865EBB3793EED51602EC719781F","D:\Coding\protuesgen\experiments\source_passive_v8_compact_fixed_suffix_temp_2026_06_05\donors\e001_empty_base.pdsprj","10550"
"moved_to_manual_import","C:\Users\tahab\Downloads\AI for Proteus Simulation_files\progentest\RESISTOR_IDENTITY_FIELD_DIAGNOSTIC_PACK\CONTROL_four_real_resistors\CONTROL_four_real_resistors.pdsprj","D:\Coding\protuesgen\proteus_ic\donors\manual_downloads_20260611\AI for Proteus Simulation_files\progentest\RESISTOR_IDENTITY_FIELD_DIAGNOSTIC_PACK\CONTROL_four_real_resistors\CONTROL_four_real_resistors.pdsprj","D766529504A583C33C1450A96FB395C7FB316437218C75813D96E1CD41A44104","","11038"
"moved_to_manual_import","C:\Users\tahab\Downloads\AI for Proteus Simulation_files\progentest\RESISTOR_IDENTITY_FIELD_DIAGNOSTIC_PACK\CONTROL_one_resistor\CONTROL_one_resistor.pdsprj","D:\Coding\protuesgen\proteus_ic\donors\manual_downloads_20260611\AI for Proteus Simulation_files\progentest\RESISTOR_IDENTITY_FIELD_DIAGNOSTIC_PACK\CONTROL_one_resistor\CONTROL_one_resistor.pdsprj","48A9CC0856FEF47F69D5CE5C9CA5F021489DDBE41A77D49D579D3BE0D44AA833","","10880"
"moved_to_manual_import","C:\Users\tahab\Downloads\AI for Proteus Simulation_files\progentest\RESISTOR_IDENTITY_FIELD_DIAGNOSTIC_PACK\T01_two_units_real_R1_R2_ids_min_cdb\TEST_T01_two_units_real_ids_min_cdb.pdsprj","D:\Coding\protuesgen\proteus_ic\donors\manual_downloads_20260611\AI for Proteus Simulation_files\progentest\RESISTOR_IDENTITY_FIELD_DIAGNOSTIC_PACK\T01_two_units_real_R1_R2_ids_min_cdb\TEST_T01_two_units_real_ids_min_cdb.pdsprj","E7393919D59D3C07AB513CDC090B9F93847BA6FA71EF602A29DA19ECFC80B4C3","","10826"
"moved_to_manual_import","C:\Users\tahab\Downloads\AI for Proteus Simulation_files\progentest\RESISTOR_IDENTITY_FIELD_DIAGNOSTIC_PACK\T02_four_units_real_R1_R4_ids_min_cdb\TEST_T02_four_units_real_ids_min_cdb.pdsprj","D:\Coding\protuesgen\proteus_ic\donors\manual_downloads_20260611\AI for Proteus Simulation_files\progentest\RESISTOR_IDENTITY_FIELD_DIAGNOSTIC_PACK\T02_four_units_real_R1_R4_ids_min_cdb\TEST_T02_four_units_real_ids_min_cdb.pdsprj","CAE83EC657DA91E4B19142F9264BEBFDCBB58B1CD0645A6899EB7211118F0816","","10885"
"moved_to_manual_import","C:\Users\tahab\Downloads\AI for Proteus Simulation_files\progentest\RESISTOR_IDENTITY_FIELD_DIAGNOSTIC_PACK\T03_four_units_real_R1_R4_ids_real_four_cdb\TEST_T03_four_units_real_ids_real_four_cdb.pdsprj","D:\Coding\protuesgen\proteus_ic\donors\manual_downloads_20260611\AI for Proteus Simulation_files\progentest\RESISTOR_IDENTITY_FIELD_DIAGNOSTIC_PACK\T03_four_units_real_R1_R4_ids_real_four_cdb\TEST_T03_four_units_real_ids_real_four_cdb.pdsprj","14DAC704BD3D9A686E394CC5CB534B73466934FE0E89082BCEEF55C5ECACA995","","11002"
"moved_to_manual_import","C:\Users\tahab\Downloads\AI for Proteus Simulation_files\progentest\RESISTOR_IDENTITY_FIELD_DIAGNOSTIC_PACK\T04_four_units_generated_unique_ids_min_cdb\TEST_T04_four_units_generated_unique_ids_min_cdb.pdsprj","D:\Coding\protuesgen\proteus_ic\donors\manual_downloads_20260611\AI for Proteus Simulation_files\progentest\RESISTOR_IDENTITY_FIELD_DIAGNOSTIC_PACK\T04_four_units_generated_unique_ids_min_cdb\TEST_T04_four_units_generated_unique_ids_min_cdb.pdsprj","CF3EF6C6FA08B7F7628FD2E1107C0783428C47C4D0FAD9D7793ABE79DAB022AA","","10895"
"moved_to_manual_import","C:\Users\tahab\Downloads\AI for Proteus Simulation_files\progentest\RESISTOR_IDENTITY_FIELD_DIAGNOSTIC_PACK\T05_nine_units_generated_unique_ids_min_cdb\TEST_T05_nine_units_generated_unique_ids_min_cdb.pdsprj","D:\Coding\protuesgen\proteus_ic\donors\manual_downloads_20260611\AI for Proteus Simulation_files\progentest\RESISTOR_IDENTITY_FIELD_DIAGNOSTIC_PACK\T05_nine_units_generated_unique_ids_min_cdb\TEST_T05_nine_units_generated_unique_ids_min_cdb.pdsprj","649A840E8734AD950C7AC9A4152E51D5414A962BBBB442CAC700AB832585EEBF","","11068"
"moved_to_manual_import","C:\Users\tahab\Downloads\AI for Proteus Simulation_files\progentest\RESISTOR_IDENTITY_FIELD_DIAGNOSTIC_PACK\T06_twentyone_units_generated_unique_ids_min_cdb\TEST_T06_21_units_generated_unique_ids_min_cdb.pdsprj","D:\Coding\protuesgen\proteus_ic\donors\manual_downloads_20260611\AI for Proteus Simulation_files\progentest\RESISTOR_IDENTITY_FIELD_DIAGNOSTIC_PACK\T06_twentyone_units_generated_unique_ids_min_cdb\TEST_T06_21_units_generated_unique_ids_min_cdb.pdsprj","17AB9E4114F31E3BA2E50E7B9E2015BCDF4F2D2DEE49CE110B8A0F117069C435","","11451"
"moved_to_manual_import","C:\Users\tahab\Downloads\AI for Proteus Simulation_files\progentest\RESISTOR_IDENTITY_FIELD_DIAGNOSTIC_PACK\T07_twentyone_units_generated_unique_ids_one_resistor_cdb\TEST_T07_21_units_generated_unique_ids_one_resistor_cdb.pdsprj","D:\Coding\protuesgen\proteus_ic\donors\manual_downloads_20260611\AI for Proteus Simulation_files\progentest\RESISTOR_IDENTITY_FIELD_DIAGNOSTIC_PACK\T07_twentyone_units_generated_unique_ids_one_resistor_cdb\TEST_T07_21_units_generated_unique_ids_one_resistor_cdb.pdsprj","08B910AD319352DEC10A9D6235949E26A59EC79346B4E69C2A9D76B64988C0FB","","11508"
"moved_to_manual_import","C:\Users\tahab\Downloads\AI for Proteus Simulation_files\Project Backups\Clock_TimeZone3_PATCHED_TO_8_13.pdsprj","D:\Coding\protuesgen\proteus_ic\donors\manual_downloads_20260611\AI for Proteus Simulation_files\Project Backups\Clock_TimeZone3_PATCHED_TO_8_13.pdsprj","0B20793E2983A8DED60CCED85A8B5BC07C08991F1118311A3227025E766E62EA","","45772"
"moved_to_manual_import","C:\Users\tahab\Downloads\AI for Proteus Simulation_files\Project Backups\TEST_R12_DOWN_PLUS_Y_T04_METHOD_DSN_ONLY_CDB_R4.pdsprj","D:\Coding\protuesgen\proteus_ic\donors\manual_downloads_20260611\AI for Proteus Simulation_files\Project Backups\TEST_R12_DOWN_PLUS_Y_T04_METHOD_DSN_ONLY_CDB_R4.pdsprj","4C46782BA1C1D8E934C93ED8FEC71E476B4138DC4455C75F91626EBFF74AC062","","11462"
"deleted_duplicate_in_experiments","C:\Users\tahab\Downloads\AI for Proteus Simulation_files\Project Backups\E001_CDB_WRITTEN_R7_R12_GENERATION_SHOT\CONTROL_E001_EMPTY_BASE.pdsprj","","74532BCB33FCC293DA833D13EB30E5FA1FEC7865EBB3793EED51602EC719781F","D:\Coding\protuesgen\experiments\source_passive_v8_compact_fixed_suffix_temp_2026_06_05\donors\e001_empty_base.pdsprj","10550"
"moved_to_manual_import","C:\Users\tahab\Downloads\AI for Proteus Simulation_files\Project Backups\E001_CDB_WRITTEN_R7_R12_GENERATION_SHOT\CONTROL_R4_REAL_SOURCE_FOR_DEVICE_RECORDS_ONLY.pdsprj","D:\Coding\protuesgen\proteus_ic\donors\manual_downloads_20260611\AI for Proteus Simulation_files\Project Backups\E001_CDB_WRITTEN_R7_R12_GENERATION_SHOT\CONTROL_R4_REAL_SOURCE_FOR_DEVICE_RECORDS_ONLY.pdsprj","D766529504A583C33C1450A96FB395C7FB316437218C75813D96E1CD41A44104","","11038"
"moved_to_manual_import","C:\Users\tahab\Downloads\AI for Proteus Simulation_files\Project Backups\E001_CDB_WRITTEN_R7_R12_GENERATION_SHOT\TEST_E001_R12_CDB_WRITTEN_DSN_REBUILT_E0_TAIL.pdsprj","D:\Coding\protuesgen\proteus_ic\donors\manual_downloads_20260611\AI for Proteus Simulation_files\Project Backups\E001_CDB_WRITTEN_R7_R12_GENERATION_SHOT\TEST_E001_R12_CDB_WRITTEN_DSN_REBUILT_E0_TAIL.pdsprj","8687B3E90B4321F69CD94CF66A28A6594700F82B33ECF2515F4FF945A78F12D3","","11526"
"moved_to_manual_import","C:\Users\tahab\Downloads\AI for Proteus Simulation_files\Project Backups\E001_CDB_WRITTEN_R7_R12_GENERATION_SHOT\TEST_E001_R12_CDB_WRITTEN_DSN_REBUILT_R4_TAIL.pdsprj","D:\Coding\protuesgen\proteus_ic\donors\manual_downloads_20260611\AI for Proteus Simulation_files\Project Backups\E001_CDB_WRITTEN_R7_R12_GENERATION_SHOT\TEST_E001_R12_CDB_WRITTEN_DSN_REBUILT_R4_TAIL.pdsprj","8687B3E90B4321F69CD94CF66A28A6594700F82B33ECF2515F4FF945A78F12D3","","11526"
"moved_to_manual_import","C:\Users\tahab\Downloads\AI for Proteus Simulation_files\Project Backups\E001_CDB_WRITTEN_R7_R12_GENERATION_SHOT\TEST_E001_R7_CDB_WRITTEN_DSN_REBUILT_E0_TAIL.pdsprj","D:\Coding\protuesgen\proteus_ic\donors\manual_downloads_20260611\AI for Proteus Simulation_files\Project Backups\E001_CDB_WRITTEN_R7_R12_GENERATION_SHOT\TEST_E001_R7_CDB_WRITTEN_DSN_REBUILT_E0_TAIL.pdsprj","966E3827F1151A61AD1C4637429C10F30CEF7E0C2FF11D30A581E9F2B75D978A","","11308"
"moved_to_manual_import","C:\Users\tahab\Downloads\AI for Proteus Simulation_files\Project Backups\E001_CDB_WRITTEN_R7_R12_GENERATION_SHOT\TEST_E001_R7_CDB_WRITTEN_DSN_REBUILT_R4_TAIL.pdsprj","D:\Coding\protuesgen\proteus_ic\donors\manual_downloads_20260611\AI for Proteus Simulation_files\Project Backups\E001_CDB_WRITTEN_R7_R12_GENERATION_SHOT\TEST_E001_R7_CDB_WRITTEN_DSN_REBUILT_R4_TAIL.pdsprj","966E3827F1151A61AD1C4637429C10F30CEF7E0C2FF11D30A581E9F2B75D978A","","11308"
"deleted_duplicate_in_experiments","C:\Users\tahab\Downloads\AI for Proteus Simulation_files\Project Backups\New folder\CONTROL_E001_EMPTY_BASE.pdsprj","","74532BCB33FCC293DA833D13EB30E5FA1FEC7865EBB3793EED51602EC719781F","D:\Coding\protuesgen\experiments\source_passive_v8_compact_fixed_suffix_temp_2026_06_05\donors\e001_empty_base.pdsprj","10550"
"moved_to_manual_import","C:\Users\tahab\Downloads\AI for Proteus Simulation_files\Project Backups\New folder\TEST_R21_V6_ALL_TERMS_FIXED_LABELPATCH_KEEP_NO_WIRES_E0_TAIL.pdsprj","D:\Coding\protuesgen\proteus_ic\donors\manual_downloads_20260611\AI for Proteus Simulation_files\Project Backups\New folder\TEST_R21_V6_ALL_TERMS_FIXED_LABELPATCH_KEEP_NO_WIRES_E0_TAIL.pdsprj","C2EAED66FDCEF5F3D3B8428A3897576DEDBC20DF2ACD192EABD592FD218F0F6C","","12482"
"moved_to_manual_import","C:\Users\tahab\Downloads\AI for Proteus Simulation_files\Project Backups\New folder\TEST_R21_V6_ALL_TERMS_FIXED_LABELPATCH_KEEP_WITH_WIRES_E0_TAIL.pdsprj","D:\Coding\protuesgen\proteus_ic\donors\manual_downloads_20260611\AI for Proteus Simulation_files\Project Backups\New folder\TEST_R21_V6_ALL_TERMS_FIXED_LABELPATCH_KEEP_WITH_WIRES_E0_TAIL.pdsprj","A7C9399B3D7C0EF39044C11C0CBEB9A9A9B60371931243130E595992120FD97B","","12837"
"moved_to_manual_import","C:\Users\tahab\Downloads\AI for Proteus Simulation_files\Project Backups\New folder\TEST_R21_V6_ALL_TERMS_FIXED_LABELPATCH_UNIQUE_NO_WIRES_E0_TAIL.pdsprj","D:\Coding\protuesgen\proteus_ic\donors\manual_downloads_20260611\AI for Proteus Simulation_files\Project Backups\New folder\TEST_R21_V6_ALL_TERMS_FIXED_LABELPATCH_UNIQUE_NO_WIRES_E0_TAIL.pdsprj","9C626A2C6710C400B487884FE4A90ED750601A6BABF9328B814C55FF9A4DA240","","12544"
"moved_to_manual_import","C:\Users\tahab\Downloads\AI for Proteus Simulation_files\Project Backups\New folder\TEST_R21_V6_ALL_TERMS_FIXED_LABELPATCH_UNIQUE_WITH_WIRES_E0_TAIL.pdsprj","D:\Coding\protuesgen\proteus_ic\donors\manual_downloads_20260611\AI for Proteus Simulation_files\Project Backups\New folder\TEST_R21_V6_ALL_TERMS_FIXED_LABELPATCH_UNIQUE_WITH_WIRES_E0_TAIL.pdsprj","25D5E55F7C673BFCBFBA3A5BD2C0B59C5FCEEEB0C42E4628C6CB366ACFA65CF6","","12900"
"moved_to_manual_import","C:\Users\tahab\Downloads\AI for Proteus Simulation_files\Project Backups\New folder\TEST_R21_V6_RESISTORS_ONLY_BASELINE_E0_TAIL.pdsprj","D:\Coding\protuesgen\proteus_ic\donors\manual_downloads_20260611\AI for Proteus Simulation_files\Project Backups\New folder\TEST_R21_V6_RESISTORS_ONLY_BASELINE_E0_TAIL.pdsprj","859E041B8A21154BF38A1E859B92C85F6483C0C234ED3C2E0444D2E7D0B251C5","","11930"
"moved_to_manual_import","C:\Users\tahab\Downloads\AI for Proteus Simulation_files\Project Backups\New folder\TEST_R21_V6_TWO_TERMS_B6_M0_FIXED_LABELPATCH_E0_TAIL.pdsprj","D:\Coding\protuesgen\proteus_ic\donors\manual_downloads_20260611\AI for Proteus Simulation_files\Project Backups\New folder\TEST_R21_V6_TWO_TERMS_B6_M0_FIXED_LABELPATCH_E0_TAIL.pdsprj","DD3D3BE23AEAFD3B6A9BA644052949E09408ECC97A3E1E8DAB8BC751EB0C7F62","","12003"
"moved_to_manual_import","C:\Users\tahab\Downloads\AI for Proteus Simulation_files\Project Backups\New folder\TEST_R21_V6_TWO_TERMS_N0_A1_FIXED_LABELPATCH_E0_TAIL.pdsprj","D:\Coding\protuesgen\proteus_ic\donors\manual_downloads_20260611\AI for Proteus Simulation_files\Project Backups\New folder\TEST_R21_V6_TWO_TERMS_N0_A1_FIXED_LABELPATCH_E0_TAIL.pdsprj","D99A8A885E3CE6EA85E4742551CF0493AF363031C07C87667A7EDBB402BDAC67","","12007"
"deleted_duplicate_in_experiments","C:\Users\tahab\Downloads\AI for Proteus Simulation_files\Project Backups\New folder (2)\CONTROL_E001_EMPTY_BASE.pdsprj","","74532BCB33FCC293DA833D13EB30E5FA1FEC7865EBB3793EED51602EC719781F","D:\Coding\protuesgen\experiments\source_passive_v8_compact_fixed_suffix_temp_2026_06_05\donors\e001_empty_base.pdsprj","10550"
"moved_to_manual_import","C:\Users\tahab\Downloads\AI for Proteus Simulation_files\Project Backups\New folder (2)\TEST_V7_R1_RESISTOR_ONLY_E001_BASELINE.pdsprj","D:\Coding\protuesgen\proteus_ic\donors\manual_downloads_20260611\AI for Proteus Simulation_files\Project Backups\New folder (2)\TEST_V7_R1_RESISTOR_ONLY_E001_BASELINE.pdsprj","F468958F7AFD00A23D18FD608DD0B5E293CC0FF061E6F92D322B086F34C0EEBB","","11002"
"moved_to_manual_import","C:\Users\tahab\Downloads\AI for Proteus Simulation_files\Project Backups\New folder (2)\TEST_V7_R1_TERMINALS_CONTACT_TIP_NO_WIRES.pdsprj","D:\Coding\protuesgen\proteus_ic\donors\manual_downloads_20260611\AI for Proteus Simulation_files\Project Backups\New folder (2)\TEST_V7_R1_TERMINALS_CONTACT_TIP_NO_WIRES.pdsprj","E952E141EDAF9F1208CB3BDF08CE962FDFF35E6752C02388F96A360BB43776D5","","11079"
"moved_to_manual_import","C:\Users\tahab\Downloads\AI for Proteus Simulation_files\Project Backups\New folder (2)\TEST_V7_R1_TERMINALS_OLD_SPACING_NO_WIRES.pdsprj","D:\Coding\protuesgen\proteus_ic\donors\manual_downloads_20260611\AI for Proteus Simulation_files\Project Backups\New folder (2)\TEST_V7_R1_TERMINALS_OLD_SPACING_NO_WIRES.pdsprj","A901F3C117C453D9C231DF51734355C0BB887C48EAD56F65BE1D403F335EB395","","11078"
"moved_to_manual_import","C:\Users\tahab\Downloads\AI for Proteus Simulation_files\Project Backups\New folder (2)\TEST_V7_R1_TERMINALS_SYMBOL_ON_PIN_NO_WIRES.pdsprj","D:\Coding\protuesgen\proteus_ic\donors\manual_downloads_20260611\AI for Proteus Simulation_files\Project Backups\New folder (2)\TEST_V7_R1_TERMINALS_SYMBOL_ON_PIN_NO_WIRES.pdsprj","B3F39D57CE84CBFE77913C0E9A15B34227C9E860F4530215E61559899A912AA7","","11074"
"moved_to_manual_import","C:\Users\tahab\Downloads\AI for Proteus Simulation_files\Project Backups\New folder (2)\TEST_V7_R2_SERIES_TERMINALS_CONTACT_TIP_INTERLEAVED_NO_WIRES.pdsprj","D:\Coding\protuesgen\proteus_ic\donors\manual_downloads_20260611\AI for Proteus Simulation_files\Project Backups\New folder (2)\TEST_V7_R2_SERIES_TERMINALS_CONTACT_TIP_INTERLEAVED_NO_WIRES.pdsprj","D168B07CB7664C7042F1A15075CC2344EDE9609AFE610735B41E6245A1287CCF","","11166"
"moved_to_manual_import","C:\Users\tahab\Downloads\AI for Proteus Simulation_files\Project Backups\New folder (2)\TEST_V7_R2_SERIES_TERMINALS_CONTACT_TIP_NO_WIRES.pdsprj","D:\Coding\protuesgen\proteus_ic\donors\manual_downloads_20260611\AI for Proteus Simulation_files\Project Backups\New folder (2)\TEST_V7_R2_SERIES_TERMINALS_CONTACT_TIP_NO_WIRES.pdsprj","A3F3FF3C99878E8B407F02922C582E3BDC7FBA653720FFF6F6E9F379C94E706A","","11163"
"moved_to_manual_import","C:\Users\tahab\Downloads\AI for Proteus Simulation_files\Project Backups\New folder (2)\TEST_V7_R21_EXPERIMENTAL_TRUE_VISIBLE_VALUES_CONTACT_TIP_NO_WIRES.pdsprj","D:\Coding\protuesgen\proteus_ic\donors\manual_downloads_20260611\AI for Proteus Simulation_files\Project Backups\New folder (2)\TEST_V7_R21_EXPERIMENTAL_TRUE_VISIBLE_VALUES_CONTACT_TIP_NO_WIRES.pdsprj","4CD4D9C603151F4C22937B88055FFA7C21E6F07FF0A71819D2978C7A76A5F5B5","","12550"
"moved_to_manual_import","C:\Users\tahab\Downloads\AI for Proteus Simulation_files\Project Backups\New folder (2)\TEST_V7_R21_FINAL_CONTACT_TIP_INTERLEAVED_NO_WIRES_SAFE_VALUES.pdsprj","D:\Coding\protuesgen\proteus_ic\donors\manual_downloads_20260611\AI for Proteus Simulation_files\Project Backups\New folder (2)\TEST_V7_R21_FINAL_CONTACT_TIP_INTERLEAVED_NO_WIRES_SAFE_VALUES.pdsprj","FE25FEB3FEFE3F935FDF4E438B68534A4AB4364B6E74825FE63126312683A535","","12608"
"moved_to_manual_import","C:\Users\tahab\Downloads\AI for Proteus Simulation_files\Project Backups\New folder (2)\TEST_V7_R21_FINAL_CONTACT_TIP_TERMS_FIRST_NO_WIRES_SAFE_VALUES.pdsprj","D:\Coding\protuesgen\proteus_ic\donors\manual_downloads_20260611\AI for Proteus Simulation_files\Project Backups\New folder (2)\TEST_V7_R21_FINAL_CONTACT_TIP_TERMS_FIRST_NO_WIRES_SAFE_VALUES.pdsprj","E6AFA6E63F9CE9E5ED02191175F4B363091D5C8B5C338DC4DC917BE8CD82BD31","","12547"
"moved_to_manual_import","C:\Users\tahab\Downloads\AI for Proteus Simulation_files\Project Backups\New folder (2)\TEST_V7_R21_RESISTORS_ONLY_E001_BASELINE.pdsprj","D:\Coding\protuesgen\proteus_ic\donors\manual_downloads_20260611\AI for Proteus Simulation_files\Project Backups\New folder (2)\TEST_V7_R21_RESISTORS_ONLY_E001_BASELINE.pdsprj","519B148AC3381366135D5D96FA65165AF6351057623626ACC9159FE329B8FD02","","11923"
"deleted_duplicate_in_experiments","C:\Users\tahab\Downloads\AI for Proteus Simulation_files\Project Backups\New folder (2)\New folder\GROUND_T11_R21_G0_PROPER_DONOR_OUTPUT_BRIDGE_ATTEMPT\CONTROL_E001_EMPTY_BASE.pdsprj","","74532BCB33FCC293DA833D13EB30E5FA1FEC7865EBB3793EED51602EC719781F","D:\Coding\protuesgen\experiments\source_passive_v8_compact_fixed_suffix_temp_2026_06_05\donors\e001_empty_base.pdsprj","10550"
"moved_to_manual_import","C:\Users\tahab\Downloads\AI for Proteus Simulation_files\Project Backups\New folder (2)\New folder\GROUND_T11_R21_G0_PROPER_DONOR_OUTPUT_BRIDGE_ATTEMPT\GROUND_T11_R21_G0_PROPER_DONOR_OUTPUT_BRIDGE_ATTEMPT.pdsprj","D:\Coding\protuesgen\proteus_ic\donors\manual_downloads_20260611\AI for Proteus Simulation_files\Project Backups\New folder (2)\New folder\GROUND_T11_R21_G0_PROPER_DONOR_OUTPUT_BRIDGE_ATTEMPT\GROUND_T11_R21_G0_PROPER_DONOR_OUTPUT_BRIDGE_ATTEMPT.pdsprj","DFF31E2413E4D4171262BB5CE9F9A6039B5FBF9A5F25D60CF1D6AE61D1576604","","13059"
"deleted_duplicate_in_experiments","C:\Users\tahab\Downloads\AI for Proteus Simulation_files\Project Backups\New folder (2)\New folder\GROUND_T12_6R_G0_PROPER_DONOR_OUTPUT_BRIDGE_ATTEMPT\CONTROL_E001_EMPTY_BASE.pdsprj","","74532BCB33FCC293DA833D13EB30E5FA1FEC7865EBB3793EED51602EC719781F","D:\Coding\protuesgen\experiments\source_passive_v8_compact_fixed_suffix_temp_2026_06_05\donors\e001_empty_base.pdsprj","10550"
"moved_to_manual_import","C:\Users\tahab\Downloads\AI for Proteus Simulation_files\Project Backups\New folder (2)\New folder\GROUND_T12_6R_G0_PROPER_DONOR_OUTPUT_BRIDGE_ATTEMPT\GROUND_T12_6R_G0_PROPER_DONOR_OUTPUT_BRIDGE_ATTEMPT.pdsprj","D:\Coding\protuesgen\proteus_ic\donors\manual_downloads_20260611\AI for Proteus Simulation_files\Project Backups\New folder (2)\New folder\GROUND_T12_6R_G0_PROPER_DONOR_OUTPUT_BRIDGE_ATTEMPT\GROUND_T12_6R_G0_PROPER_DONOR_OUTPUT_BRIDGE_ATTEMPT.pdsprj","C1406527193493F651CC7F885197790F612253B1A33801EA73A77F7838AFB4AF","","11729"
"moved_to_manual_import","C:\Users\tahab\Downloads\AI for Proteus Simulation_files\Project Backups\New folder (2)\New folder (2)\BOTH_T01_6R_V0_G0_SHORTWIRE_ATTEMPT\BOTH_T01_6R_V0_G0_SHORTWIRE_ATTEMPT.pdsprj","D:\Coding\protuesgen\proteus_ic\donors\manual_downloads_20260611\AI for Proteus Simulation_files\Project Backups\New folder (2)\New folder (2)\BOTH_T01_6R_V0_G0_SHORTWIRE_ATTEMPT\BOTH_T01_6R_V0_G0_SHORTWIRE_ATTEMPT.pdsprj","41049B93FEB20C8C4181AB63FB0F191DFD4A9879F19B90EB3AEF1E76B5D07AEA","","11684"
"deleted_duplicate_in_experiments","C:\Users\tahab\Downloads\AI for Proteus Simulation_files\Project Backups\New folder (2)\New folder (2)\BOTH_T01_6R_V0_G0_SHORTWIRE_ATTEMPT\CONTROL_E001_EMPTY_BASE.pdsprj","","74532BCB33FCC293DA833D13EB30E5FA1FEC7865EBB3793EED51602EC719781F","D:\Coding\protuesgen\experiments\source_passive_v8_compact_fixed_suffix_temp_2026_06_05\donors\e001_empty_base.pdsprj","10550"
"moved_to_manual_import","C:\Users\tahab\Downloads\AI for Proteus Simulation_files\Project Backups\New folder (2)\New folder (2)\BOTH_T02_R21_V0_G0_SHORTWIRE_ATTEMPT\BOTH_T02_R21_V0_G0_SHORTWIRE_ATTEMPT.pdsprj","D:\Coding\protuesgen\proteus_ic\donors\manual_downloads_20260611\AI for Proteus Simulation_files\Project Backups\New folder (2)\New folder (2)\BOTH_T02_R21_V0_G0_SHORTWIRE_ATTEMPT\BOTH_T02_R21_V0_G0_SHORTWIRE_ATTEMPT.pdsprj","41D53B8AF99FA61C4840AA2C197DA871F0FB6482E4E1217C676D01E6CBC68485","","13017"
"deleted_duplicate_in_experiments","C:\Users\tahab\Downloads\AI for Proteus Simulation_files\Project Backups\New folder (2)\New folder (2)\BOTH_T02_R21_V0_G0_SHORTWIRE_ATTEMPT\CONTROL_E001_EMPTY_BASE.pdsprj","","74532BCB33FCC293DA833D13EB30E5FA1FEC7865EBB3793EED51602EC719781F","D:\Coding\protuesgen\experiments\source_passive_v8_compact_fixed_suffix_temp_2026_06_05\donors\e001_empty_base.pdsprj","10550"
"deleted_duplicate_in_experiments","C:\Users\tahab\Downloads\AI for Proteus Simulation_files\Project Backups\New folder (2)\New folder (3)\TERM_T01_6R_POWER_BRIDGE_GROUND_SHORTWIRE\CONTROL_E001_EMPTY_BASE.pdsprj","","74532BCB33FCC293DA833D13EB30E5FA1FEC7865EBB3793EED51602EC719781F","D:\Coding\protuesgen\experiments\source_passive_v8_compact_fixed_suffix_temp_2026_06_05\donors\e001_empty_base.pdsprj","10550"
"moved_to_manual_import","C:\Users\tahab\Downloads\AI for Proteus Simulation_files\Project Backups\New folder (2)\New folder (3)\TERM_T01_6R_POWER_BRIDGE_GROUND_SHORTWIRE\TERM_T01_6R_POWER_BRIDGE_GROUND_SHORTWIRE.pdsprj","D:\Coding\protuesgen\proteus_ic\donors\manual_downloads_20260611\AI for Proteus Simulation_files\Project Backups\New folder (2)\New folder (3)\TERM_T01_6R_POWER_BRIDGE_GROUND_SHORTWIRE\TERM_T01_6R_POWER_BRIDGE_GROUND_SHORTWIRE.pdsprj","9C0F84A838073FC514E3DBDE8C7E4FFC63252FCA7FEA434EEDA2A02ECF21FCD6","","11746"
"deleted_duplicate_in_experiments","C:\Users\tahab\Downloads\AI for Proteus Simulation_files\Project Backups\New folder (2)\New folder (3)\TERM_T02_R21_POWER_BRIDGE_GROUND_SHORTWIRE\CONTROL_E001_EMPTY_BASE.pdsprj","","74532BCB33FCC293DA833D13EB30E5FA1FEC7865EBB3793EED51602EC719781F","D:\Coding\protuesgen\experiments\source_passive_v8_compact_fixed_suffix_temp_2026_06_05\donors\e001_empty_base.pdsprj","10550"
"moved_to_manual_import","C:\Users\tahab\Downloads\AI for Proteus Simulation_files\Project Backups\New folder (2)\New folder (3)\TERM_T02_R21_POWER_BRIDGE_GROUND_SHORTWIRE\TERM_T02_R21_POWER_BRIDGE_GROUND_SHORTWIRE.pdsprj","D:\Coding\protuesgen\proteus_ic\donors\manual_downloads_20260611\AI for Proteus Simulation_files\Project Backups\New folder (2)\New folder (3)\TERM_T02_R21_POWER_BRIDGE_GROUND_SHORTWIRE\TERM_T02_R21_POWER_BRIDGE_GROUND_SHORTWIRE.pdsprj","7534E8E6AD2E2AB5061E207453CF4DB47B650525852C54CE5D61EFCAD37E4361","","13075"
"deleted_duplicate_in_experiments","C:\Users\tahab\Downloads\AI for Proteus Simulation_files\Project Backups\New folder (2)\New folder (3)\TERM_T03_6R_POWER_BRIDGE_GROUND_POWERLAYOUT_BRIDGE\CONTROL_E001_EMPTY_BASE.pdsprj","","74532BCB33FCC293DA833D13EB30E5FA1FEC7865EBB3793EED51602EC719781F","D:\Coding\protuesgen\experiments\source_passive_v8_compact_fixed_suffix_temp_2026_06_05\donors\e001_empty_base.pdsprj","10550"
"moved_to_manual_import","C:\Users\tahab\Downloads\AI for Proteus Simulation_files\Project Backups\New folder (2)\New folder (3)\TERM_T03_6R_POWER_BRIDGE_GROUND_POWERLAYOUT_BRIDGE\TERM_T03_6R_POWER_BRIDGE_GROUND_POWERLAYOUT_BRIDGE.pdsprj","D:\Coding\protuesgen\proteus_ic\donors\manual_downloads_20260611\AI for Proteus Simulation_files\Project Backups\New folder (2)\New folder (3)\TERM_T03_6R_POWER_BRIDGE_GROUND_POWERLAYOUT_BRIDGE\TERM_T03_6R_POWER_BRIDGE_GROUND_POWERLAYOUT_BRIDGE.pdsprj","97C11416EC0D7C4702446E79FAF107FC9A51A03118E3D995CCE3630FE6F56669","","11756"
"deleted_duplicate_in_experiments","C:\Users\tahab\Downloads\AI for Proteus Simulation_files\Project Backups\New folder (2)\New folder (3)\TERM_T04_R21_POWER_BRIDGE_GROUND_POWERLAYOUT_BRIDGE\CONTROL_E001_EMPTY_BASE.pdsprj","","74532BCB33FCC293DA833D13EB30E5FA1FEC7865EBB3793EED51602EC719781F","D:\Coding\protuesgen\experiments\source_passive_v8_compact_fixed_suffix_temp_2026_06_05\donors\e001_empty_base.pdsprj","10550"
"moved_to_manual_import","C:\Users\tahab\Downloads\AI for Proteus Simulation_files\Project Backups\New folder (2)\New folder (3)\TERM_T04_R21_POWER_BRIDGE_GROUND_POWERLAYOUT_BRIDGE\TERM_T04_R21_POWER_BRIDGE_GROUND_POWERLAYOUT_BRIDGE.pdsprj","D:\Coding\protuesgen\proteus_ic\donors\manual_downloads_20260611\AI for Proteus Simulation_files\Project Backups\New folder (2)\New folder (3)\TERM_T04_R21_POWER_BRIDGE_GROUND_POWERLAYOUT_BRIDGE\TERM_T04_R21_POWER_BRIDGE_GROUND_POWERLAYOUT_BRIDGE.pdsprj","7F0AFAF703868EC0AE70C0A2670BCAC78BA40E5241B3CF4C8485A1C7D2F72432","","13085"
"deleted_duplicate_in_experiments","C:\Users\tahab\Downloads\AI for Proteus Simulation_files\Project Backups\New folder (2)\New folder (4)\New folder\CORRECTED_T03_6R_GROUND_INPUT_BRIDGE_V9_TEMPLATES\CONTROL_E001_EMPTY_BASE.pdsprj","","74532BCB33FCC293DA833D13EB30E5FA1FEC7865EBB3793EED51602EC719781F","D:\Coding\protuesgen\experiments\source_passive_v8_compact_fixed_suffix_temp_2026_06_05\donors\e001_empty_base.pdsprj","10550"
"moved_to_manual_import","C:\Users\tahab\Downloads\AI for Proteus Simulation_files\Project Backups\New folder (2)\New folder (4)\New folder\CORRECTED_T03_6R_GROUND_INPUT_BRIDGE_V9_TEMPLATES\CORRECTED_T03_6R_GROUND_INPUT_BRIDGE_V9_TEMPLATES.pdsprj","D:\Coding\protuesgen\proteus_ic\donors\manual_downloads_20260611\AI for Proteus Simulation_files\Project Backups\New folder (2)\New folder (4)\New folder\CORRECTED_T03_6R_GROUND_INPUT_BRIDGE_V9_TEMPLATES\CORRECTED_T03_6R_GROUND_INPUT_BRIDGE_V9_TEMPLATES.pdsprj","81FC607B33C1153F5D11A39CBC5D8F411F00A62972611F2DEA8147669F725CE7","","11785"
"deleted_duplicate_in_experiments","C:\Users\tahab\Downloads\AI for Proteus Simulation_files\Project Backups\New folder (2)\New folder (4)\New folder\CORRECTED_T04_R21_GROUND_INPUT_BRIDGE_V9_TEMPLATES\CONTROL_E001_EMPTY_BASE.pdsprj","","74532BCB33FCC293DA833D13EB30E5FA1FEC7865EBB3793EED51602EC719781F","D:\Coding\protuesgen\experiments\source_passive_v8_compact_fixed_suffix_temp_2026_06_05\donors\e001_empty_base.pdsprj","10550"
"moved_to_manual_import","C:\Users\tahab\Downloads\AI for Proteus Simulation_files\Project Backups\New folder (2)\New folder (4)\New folder\CORRECTED_T04_R21_GROUND_INPUT_BRIDGE_V9_TEMPLATES\CORRECTED_T04_R21_GROUND_INPUT_BRIDGE_V9_TEMPLATES.pdsprj","D:\Coding\protuesgen\proteus_ic\donors\manual_downloads_20260611\AI for Proteus Simulation_files\Project Backups\New folder (2)\New folder (4)\New folder\CORRECTED_T04_R21_GROUND_INPUT_BRIDGE_V9_TEMPLATES\CORRECTED_T04_R21_GROUND_INPUT_BRIDGE_V9_TEMPLATES.pdsprj","01FFFEA260E942E1851B0B14B5B194E4668D04FAB40F5BF1882079350BA11D5E","","13110"
"deleted_duplicate_in_experiments","C:\Users\tahab\Downloads\AI for Proteus Simulation_files\Project Backups\New folder (2)\New folder (4)\New folder\REF_T01_6R_POWER_BRIDGE_GROUND_SHORTWIRE\CONTROL_E001_EMPTY_BASE.pdsprj","","74532BCB33FCC293DA833D13EB30E5FA1FEC7865EBB3793EED51602EC719781F","D:\Coding\protuesgen\experiments\source_passive_v8_compact_fixed_suffix_temp_2026_06_05\donors\e001_empty_base.pdsprj","10550"
"moved_to_manual_import","C:\Users\tahab\Downloads\AI for Proteus Simulation_files\Project Backups\New folder (2)\New folder (4)\New folder\REF_T01_6R_POWER_BRIDGE_GROUND_SHORTWIRE\REF_T01_6R_POWER_BRIDGE_GROUND_SHORTWIRE.pdsprj","D:\Coding\protuesgen\proteus_ic\donors\manual_downloads_20260611\AI for Proteus Simulation_files\Project Backups\New folder (2)\New folder (4)\New folder\REF_T01_6R_POWER_BRIDGE_GROUND_SHORTWIRE\REF_T01_6R_POWER_BRIDGE_GROUND_SHORTWIRE.pdsprj","732A6EF43074AD32A7E269F73E3A7C29E630E210DDA0503A01FA44A8B56789AD","","11736"
"deleted_duplicate_in_experiments","C:\Users\tahab\Downloads\AI for Proteus Simulation_files\Project Backups\New folder (2)\New folder (4)\New folder\REF_T02_R21_POWER_BRIDGE_GROUND_SHORTWIRE\CONTROL_E001_EMPTY_BASE.pdsprj","","74532BCB33FCC293DA833D13EB30E5FA1FEC7865EBB3793EED51602EC719781F","D:\Coding\protuesgen\experiments\source_passive_v8_compact_fixed_suffix_temp_2026_06_05\donors\e001_empty_base.pdsprj","10550"
"moved_to_manual_import","C:\Users\tahab\Downloads\AI for Proteus Simulation_files\Project Backups\New folder (2)\New folder (4)\New folder\REF_T02_R21_POWER_BRIDGE_GROUND_SHORTWIRE\REF_T02_R21_POWER_BRIDGE_GROUND_SHORTWIRE.pdsprj","D:\Coding\protuesgen\proteus_ic\donors\manual_downloads_20260611\AI for Proteus Simulation_files\Project Backups\New folder (2)\New folder (4)\New folder\REF_T02_R21_POWER_BRIDGE_GROUND_SHORTWIRE\REF_T02_R21_POWER_BRIDGE_GROUND_SHORTWIRE.pdsprj","8D82454117FC3FA8C8F765D2852CA7678920EF0B1B64CA2BBD8ECF7D6854EACD","","13066"
"deleted_duplicate_in_experiments","C:\Users\tahab\Downloads\AI for Proteus Simulation_files\Project Backups\New folder (2)\New folder (4)\TERM_T01_6R_POWER_BRIDGE_GROUND_SHORTWIRE\CONTROL_E001_EMPTY_BASE.pdsprj","","74532BCB33FCC293DA833D13EB30E5FA1FEC7865EBB3793EED51602EC719781F","D:\Coding\protuesgen\experiments\source_passive_v8_compact_fixed_suffix_temp_2026_06_05\donors\e001_empty_base.pdsprj","10550"
"moved_to_manual_import","C:\Users\tahab\Downloads\AI for Proteus Simulation_files\Project Backups\New folder (2)\New folder (4)\TERM_T01_6R_POWER_BRIDGE_GROUND_SHORTWIRE\TERM_T01_6R_POWER_BRIDGE_GROUND_SHORTWIRE.pdsprj","D:\Coding\protuesgen\proteus_ic\donors\manual_downloads_20260611\AI for Proteus Simulation_files\Project Backups\New folder (2)\New folder (4)\TERM_T01_6R_POWER_BRIDGE_GROUND_SHORTWIRE\TERM_T01_6R_POWER_BRIDGE_GROUND_SHORTWIRE.pdsprj","87FB34B1E065450C3CD174C82C5A600B813A90AF4FA90C19A028BCFD618988E2","","11747"
"deleted_duplicate_in_experiments","C:\Users\tahab\Downloads\AI for Proteus Simulation_files\Project Backups\New folder (2)\New folder (4)\TERM_T02_R21_POWER_BRIDGE_GROUND_SHORTWIRE\CONTROL_E001_EMPTY_BASE.pdsprj","","74532BCB33FCC293DA833D13EB30E5FA1FEC7865EBB3793EED51602EC719781F","D:\Coding\protuesgen\experiments\source_passive_v8_compact_fixed_suffix_temp_2026_06_05\donors\e001_empty_base.pdsprj","10550"
"moved_to_manual_import","C:\Users\tahab\Downloads\AI for Proteus Simulation_files\Project Backups\New folder (2)\New folder (4)\TERM_T02_R21_POWER_BRIDGE_GROUND_SHORTWIRE\TERM_T02_R21_POWER_BRIDGE_GROUND_SHORTWIRE.pdsprj","D:\Coding\protuesgen\proteus_ic\donors\manual_downloads_20260611\AI for Proteus Simulation_files\Project Backups\New folder (2)\New folder (4)\TERM_T02_R21_POWER_BRIDGE_GROUND_SHORTWIRE\TERM_T02_R21_POWER_BRIDGE_GROUND_SHORTWIRE.pdsprj","097A835D4AD3E34DF41AC9DEC04394F9A7922A80B365E93BCC42C094C50AFEDD","","13077"
"deleted_duplicate_in_experiments","C:\Users\tahab\Downloads\AI for Proteus Simulation_files\Project Backups\New folder (2)\New folder (4)\TERM_T03_6R_POWER_BRIDGE_GROUND_POWERLAYOUT_BRIDGE\CONTROL_E001_EMPTY_BASE.pdsprj","","74532BCB33FCC293DA833D13EB30E5FA1FEC7865EBB3793EED51602EC719781F","D:\Coding\protuesgen\experiments\source_passive_v8_compact_fixed_suffix_temp_2026_06_05\donors\e001_empty_base.pdsprj","10550"
"moved_to_manual_import","C:\Users\tahab\Downloads\AI for Proteus Simulation_files\Project Backups\New folder (2)\New folder (4)\TERM_T03_6R_POWER_BRIDGE_GROUND_POWERLAYOUT_BRIDGE\TERM_T03_6R_POWER_BRIDGE_GROUND_POWERLAYOUT_BRIDGE.pdsprj","D:\Coding\protuesgen\proteus_ic\donors\manual_downloads_20260611\AI for Proteus Simulation_files\Project Backups\New folder (2)\New folder (4)\TERM_T03_6R_POWER_BRIDGE_GROUND_POWERLAYOUT_BRIDGE\TERM_T03_6R_POWER_BRIDGE_GROUND_POWERLAYOUT_BRIDGE.pdsprj","AF680C7328497E89ABD6D75AE0479A9D0D966C3834590DD875544EAF1C7E72D9","","11756"
"deleted_duplicate_in_experiments","C:\Users\tahab\Downloads\AI for Proteus Simulation_files\Project Backups\New folder (2)\New folder (4)\TERM_T04_R21_POWER_BRIDGE_GROUND_POWERLAYOUT_BRIDGE\CONTROL_E001_EMPTY_BASE.pdsprj","","74532BCB33FCC293DA833D13EB30E5FA1FEC7865EBB3793EED51602EC719781F","D:\Coding\protuesgen\experiments\source_passive_v8_compact_fixed_suffix_temp_2026_06_05\donors\e001_empty_base.pdsprj","10550"
"moved_to_manual_import","C:\Users\tahab\Downloads\AI for Proteus Simulation_files\Project Backups\New folder (2)\New folder (4)\TERM_T04_R21_POWER_BRIDGE_GROUND_POWERLAYOUT_BRIDGE\TERM_T04_R21_POWER_BRIDGE_GROUND_POWERLAYOUT_BRIDGE.pdsprj","D:\Coding\protuesgen\proteus_ic\donors\manual_downloads_20260611\AI for Proteus Simulation_files\Project Backups\New folder (2)\New folder (4)\TERM_T04_R21_POWER_BRIDGE_GROUND_POWERLAYOUT_BRIDGE\TERM_T04_R21_POWER_BRIDGE_GROUND_POWERLAYOUT_BRIDGE.pdsprj","48A936FEE80383EFCF64D0D2AC7468577A2D73DC142C557AB99EAEAC8BED9A25","","13085"
"moved_to_manual_import","C:\Users\tahab\Downloads\AI for Proteus Simulation_files\Project Backups\New folder (2)\New folder (5)\APPEND_T03_6R_GROUND_INPUT_BRIDGE_AFTER_NETWORK\APPEND_T03_6R_GROUND_INPUT_BRIDGE_AFTER_NETWORK.pdsprj","D:\Coding\protuesgen\proteus_ic\donors\manual_downloads_20260611\AI for Proteus Simulation_files\Project Backups\New folder (2)\New folder (5)\APPEND_T03_6R_GROUND_INPUT_BRIDGE_AFTER_NETWORK\APPEND_T03_6R_GROUND_INPUT_BRIDGE_AFTER_NETWORK.pdsprj","6067476E435FE986EACF5EAC6AEA00863BB85882EED611832E5FB264DFEB1922","","11784"
"deleted_duplicate_in_experiments","C:\Users\tahab\Downloads\AI for Proteus Simulation_files\Project Backups\New folder (2)\New folder (5)\APPEND_T03_6R_GROUND_INPUT_BRIDGE_AFTER_NETWORK\CONTROL_E001_EMPTY_BASE.pdsprj","","74532BCB33FCC293DA833D13EB30E5FA1FEC7865EBB3793EED51602EC719781F","D:\Coding\protuesgen\experiments\source_passive_v8_compact_fixed_suffix_temp_2026_06_05\donors\e001_empty_base.pdsprj","10550"
"moved_to_manual_import","C:\Users\tahab\Downloads\AI for Proteus Simulation_files\Project Backups\New folder (2)\New folder (5)\APPEND_T04_R21_GROUND_INPUT_BRIDGE_AFTER_NETWORK\APPEND_T04_R21_GROUND_INPUT_BRIDGE_AFTER_NETWORK.pdsprj","D:\Coding\protuesgen\proteus_ic\donors\manual_downloads_20260611\AI for Proteus Simulation_files\Project Backups\New folder (2)\New folder (5)\APPEND_T04_R21_GROUND_INPUT_BRIDGE_AFTER_NETWORK\APPEND_T04_R21_GROUND_INPUT_BRIDGE_AFTER_NETWORK.pdsprj","4D2CC609C219EA901903647CDF15AF069A7A494CB4D4DE4FAEFECE0DFABD4B69","","13117"
"deleted_duplicate_in_experiments","C:\Users\tahab\Downloads\AI for Proteus Simulation_files\Project Backups\New folder (2)\New folder (5)\APPEND_T04_R21_GROUND_INPUT_BRIDGE_AFTER_NETWORK\CONTROL_E001_EMPTY_BASE.pdsprj","","74532BCB33FCC293DA833D13EB30E5FA1FEC7865EBB3793EED51602EC719781F","D:\Coding\protuesgen\experiments\source_passive_v8_compact_fixed_suffix_temp_2026_06_05\donors\e001_empty_base.pdsprj","10550"
"deleted_duplicate_in_experiments","C:\Users\tahab\Downloads\AI for Proteus Simulation_files\Project Backups\New folder (2)\New folder (5)\REF_T01_6R_POWER_BRIDGE_GROUND_SHORTWIRE\CONTROL_E001_EMPTY_BASE.pdsprj","","74532BCB33FCC293DA833D13EB30E5FA1FEC7865EBB3793EED51602EC719781F","D:\Coding\protuesgen\experiments\source_passive_v8_compact_fixed_suffix_temp_2026_06_05\donors\e001_empty_base.pdsprj","10550"
"moved_to_manual_import","C:\Users\tahab\Downloads\AI for Proteus Simulation_files\Project Backups\New folder (2)\New folder (5)\REF_T01_6R_POWER_BRIDGE_GROUND_SHORTWIRE\REF_T01_6R_POWER_BRIDGE_GROUND_SHORTWIRE.pdsprj","D:\Coding\protuesgen\proteus_ic\donors\manual_downloads_20260611\AI for Proteus Simulation_files\Project Backups\New folder (2)\New folder (5)\REF_T01_6R_POWER_BRIDGE_GROUND_SHORTWIRE\REF_T01_6R_POWER_BRIDGE_GROUND_SHORTWIRE.pdsprj","871FD0FD1EE0968E1C476EF45B74735E46CD2D418594293DF2758D243863F724","","11736"
"deleted_duplicate_in_experiments","C:\Users\tahab\Downloads\AI for Proteus Simulation_files\Project Backups\New folder (2)\New folder (5)\REF_T02_R21_POWER_BRIDGE_GROUND_SHORTWIRE\CONTROL_E001_EMPTY_BASE.pdsprj","","74532BCB33FCC293DA833D13EB30E5FA1FEC7865EBB3793EED51602EC719781F","D:\Coding\protuesgen\experiments\source_passive_v8_compact_fixed_suffix_temp_2026_06_05\donors\e001_empty_base.pdsprj","10550"
"moved_to_manual_import","C:\Users\tahab\Downloads\AI for Proteus Simulation_files\Project Backups\New folder (2)\New folder (5)\REF_T02_R21_POWER_BRIDGE_GROUND_SHORTWIRE\REF_T02_R21_POWER_BRIDGE_GROUND_SHORTWIRE.pdsprj","D:\Coding\protuesgen\proteus_ic\donors\manual_downloads_20260611\AI for Proteus Simulation_files\Project Backups\New folder (2)\New folder (5)\REF_T02_R21_POWER_BRIDGE_GROUND_SHORTWIRE\REF_T02_R21_POWER_BRIDGE_GROUND_SHORTWIRE.pdsprj","E31340BCD75802167E3B13864F6C62570AE349E86F19FA10FD2E7E0F1152B6DD","","13066"
"moved_to_manual_import","C:\Users\tahab\Downloads\AI for Proteus Simulation_files\Project Backups\New folder (2)\New folder (6)\CAP_NET_V2_T01_6C_PARTITIONED_ORDER\CAP_NET_V2_T01_6C_PARTITIONED_ORDER.pdsprj","D:\Coding\protuesgen\proteus_ic\donors\manual_downloads_20260611\AI for Proteus Simulation_files\Project Backups\New folder (2)\New folder (6)\CAP_NET_V2_T01_6C_PARTITIONED_ORDER\CAP_NET_V2_T01_6C_PARTITIONED_ORDER.pdsprj","9278C9B6D56C82EEA459E3E6102E4AA23A177E3E4A2F29C925C36FEE257E266D","","11734"
"deleted_duplicate_in_experiments","C:\Users\tahab\Downloads\AI for Proteus Simulation_files\Project Backups\New folder (2)\New folder (6)\CAP_NET_V2_T01_6C_PARTITIONED_ORDER\CONTROL_E001_EMPTY_BASE.pdsprj","","3F6D521B7CD77B4AD9211D9F68858FCA0521CF25B9F1E2C331C50E6AEC733761","D:\Coding\protuesgen\experiments\source_passive_v7_fixed_file_controls_temp_2026_06_05\donors\e001_empty_base.pdsprj","10549"
"moved_to_manual_import","C:\Users\tahab\Downloads\AI for Proteus Simulation_files\Project Backups\New folder (2)\New folder (6)\CAP_NET_V2_T02_21C_PARTITIONED_ORDER\CAP_NET_V2_T02_21C_PARTITIONED_ORDER.pdsprj","D:\Coding\protuesgen\proteus_ic\donors\manual_downloads_20260611\AI for Proteus Simulation_files\Project Backups\New folder (2)\New folder (6)\CAP_NET_V2_T02_21C_PARTITIONED_ORDER\CAP_NET_V2_T02_21C_PARTITIONED_ORDER.pdsprj","16E07AE011961B7D321AC60F31098CA920272A34AB6A0AB3AF34B3CE90B39AEE","","12979"
"deleted_duplicate_in_experiments","C:\Users\tahab\Downloads\AI for Proteus Simulation_files\Project Backups\New folder (2)\New folder (6)\CAP_NET_V2_T02_21C_PARTITIONED_ORDER\CONTROL_E001_EMPTY_BASE.pdsprj","","3F6D521B7CD77B4AD9211D9F68858FCA0521CF25B9F1E2C331C50E6AEC733761","D:\Coding\protuesgen\experiments\source_passive_v7_fixed_file_controls_temp_2026_06_05\donors\e001_empty_base.pdsprj","10549"
"deleted_duplicate_in_experiments","C:\Users\tahab\Downloads\AI for Proteus Simulation_files\Project Backups\New folder (2)\POWER_T10_R21_N1_DONOR_BRIDGE_ATTEMPT\CONTROL_E001_EMPTY_BASE.pdsprj","","74532BCB33FCC293DA833D13EB30E5FA1FEC7865EBB3793EED51602EC719781F","D:\Coding\protuesgen\experiments\source_passive_v8_compact_fixed_suffix_temp_2026_06_05\donors\e001_empty_base.pdsprj","10550"
"moved_to_manual_import","C:\Users\tahab\Downloads\AI for Proteus Simulation_files\Project Backups\New folder (2)\POWER_T10_R21_N1_DONOR_BRIDGE_ATTEMPT\DONOR_New_Project_1.pdsprj","D:\Coding\protuesgen\proteus_ic\donors\manual_downloads_20260611\AI for Proteus Simulation_files\Project Backups\New folder (2)\POWER_T10_R21_N1_DONOR_BRIDGE_ATTEMPT\DONOR_New_Project_1.pdsprj","D06B97BEC98B2A6990A3E9E948AFA0A848ACC56815C4C5EE458D4E2F4C979D55","","11029"
"moved_to_manual_import","C:\Users\tahab\Downloads\AI for Proteus Simulation_files\Project Backups\New folder (2)\POWER_T10_R21_N1_DONOR_BRIDGE_ATTEMPT\POWER_T10_R21_N1_DONOR_BRIDGE_ATTEMPT.pdsprj","D:\Coding\protuesgen\proteus_ic\donors\manual_downloads_20260611\AI for Proteus Simulation_files\Project Backups\New folder (2)\POWER_T10_R21_N1_DONOR_BRIDGE_ATTEMPT\POWER_T10_R21_N1_DONOR_BRIDGE_ATTEMPT.pdsprj","D3E131E9E25C4570D1974974653F16237412A41C0B111FC939F0828382EA410D","","13060"
"deleted_duplicate_in_experiments","C:\Users\tahab\Downloads\AI for Proteus Simulation_files\Project Backups\New folder (2)\POWER_T10_R21_N1_DONOR_BRIDGE_ATTEMPT\GROUND_T01_6R_G0_ENDPOINT_ATTEMPT\CONTROL_E001_EMPTY_BASE.pdsprj","","74532BCB33FCC293DA833D13EB30E5FA1FEC7865EBB3793EED51602EC719781F","D:\Coding\protuesgen\experiments\source_passive_v8_compact_fixed_suffix_temp_2026_06_05\donors\e001_empty_base.pdsprj","10550"
"moved_to_manual_import","C:\Users\tahab\Downloads\AI for Proteus Simulation_files\Project Backups\New folder (2)\POWER_T10_R21_N1_DONOR_BRIDGE_ATTEMPT\GROUND_T01_6R_G0_ENDPOINT_ATTEMPT\GROUND_T01_6R_G0_ENDPOINT_ATTEMPT.pdsprj","D:\Coding\protuesgen\proteus_ic\donors\manual_downloads_20260611\AI for Proteus Simulation_files\Project Backups\New folder (2)\POWER_T10_R21_N1_DONOR_BRIDGE_ATTEMPT\GROUND_T01_6R_G0_ENDPOINT_ATTEMPT\GROUND_T01_6R_G0_ENDPOINT_ATTEMPT.pdsprj","FFE3A2E71B5246E6B561BBFDCC078348514EB3086F75EE99E3C1038A77DC1E0E","","11679"
"deleted_duplicate_in_experiments","C:\Users\tahab\Downloads\AI for Proteus Simulation_files\Project Backups\New folder (2)\POWER_T10_R21_N1_DONOR_BRIDGE_ATTEMPT\GROUND_T02_R21_G0_ENDPOINT_ATTEMPT\CONTROL_E001_EMPTY_BASE.pdsprj","","74532BCB33FCC293DA833D13EB30E5FA1FEC7865EBB3793EED51602EC719781F","D:\Coding\protuesgen\experiments\source_passive_v8_compact_fixed_suffix_temp_2026_06_05\donors\e001_empty_base.pdsprj","10550"
"moved_to_manual_import","C:\Users\tahab\Downloads\AI for Proteus Simulation_files\Project Backups\New folder (2)\POWER_T10_R21_N1_DONOR_BRIDGE_ATTEMPT\GROUND_T02_R21_G0_ENDPOINT_ATTEMPT\GROUND_T02_R21_G0_ENDPOINT_ATTEMPT.pdsprj","D:\Coding\protuesgen\proteus_ic\donors\manual_downloads_20260611\AI for Proteus Simulation_files\Project Backups\New folder (2)\POWER_T10_R21_N1_DONOR_BRIDGE_ATTEMPT\GROUND_T02_R21_G0_ENDPOINT_ATTEMPT\GROUND_T02_R21_G0_ENDPOINT_ATTEMPT.pdsprj","8D6D44B7C051D6AEBE8E840BCC06B536B55A9397A72E0569122CECBC6189C1DB","","13010"
"deleted_duplicate_in_experiments","C:\Users\tahab\Downloads\AI for Proteus Simulation_files\Project Backups\New folder (3)\CONTROL_E001_EMPTY_BASE.pdsprj","","74532BCB33FCC293DA833D13EB30E5FA1FEC7865EBB3793EED51602EC719781F","D:\Coding\protuesgen\experiments\source_passive_v8_compact_fixed_suffix_temp_2026_06_05\donors\e001_empty_base.pdsprj","10550"
"moved_to_manual_import","C:\Users\tahab\Downloads\AI for Proteus Simulation_files\Project Backups\New folder (3)\FINAL_E001_R21_7PAR7_PLUS_7SERIES_TERMINALS_CDB_TRUE_SAFE_VISIBLE.pdsprj","D:\Coding\protuesgen\proteus_ic\donors\manual_downloads_20260611\AI for Proteus Simulation_files\Project Backups\New folder (3)\FINAL_E001_R21_7PAR7_PLUS_7SERIES_TERMINALS_CDB_TRUE_SAFE_VISIBLE.pdsprj","F8EBDC1033CEECE34A97A4001CF5D61571EC290B97FDD06C6006E83214B716E6","","12480"
"moved_to_manual_import","C:\Users\tahab\Downloads\AI for Proteus Simulation_files\Project Backups\New folder (3)\OPTIONAL_E001_R21_7PAR7_PLUS_7SERIES_TERMINALS_TRUE_VISIBLE_VALUES.pdsprj","D:\Coding\protuesgen\proteus_ic\donors\manual_downloads_20260611\AI for Proteus Simulation_files\Project Backups\New folder (3)\OPTIONAL_E001_R21_7PAR7_PLUS_7SERIES_TERMINALS_TRUE_VISIBLE_VALUES.pdsprj","8FB10DDEAF7D168BFB623FEC62DCCED3A026B616AE64AC78EB88E0C035BE6E12","","12497"
"deleted_duplicate_in_experiments","C:\Users\tahab\Downloads\AI for Proteus Simulation_files\Project Backups\New folder (4)\GROUND_T07_R21_G0_DONOR_OUTPUT_BRIDGE_ATTEMPT\CONTROL_E001_EMPTY_BASE.pdsprj","","74532BCB33FCC293DA833D13EB30E5FA1FEC7865EBB3793EED51602EC719781F","D:\Coding\protuesgen\experiments\source_passive_v8_compact_fixed_suffix_temp_2026_06_05\donors\e001_empty_base.pdsprj","10550"
"moved_to_manual_import","C:\Users\tahab\Downloads\AI for Proteus Simulation_files\Project Backups\New folder (4)\GROUND_T07_R21_G0_DONOR_OUTPUT_BRIDGE_ATTEMPT\GROUND_T07_R21_G0_DONOR_OUTPUT_BRIDGE_ATTEMPT.pdsprj","D:\Coding\protuesgen\proteus_ic\donors\manual_downloads_20260611\AI for Proteus Simulation_files\Project Backups\New folder (4)\GROUND_T07_R21_G0_DONOR_OUTPUT_BRIDGE_ATTEMPT\GROUND_T07_R21_G0_DONOR_OUTPUT_BRIDGE_ATTEMPT.pdsprj","68AC62735A5E9D5A1570FA17AAE636DD499F3BCC0C1782E25BB3FD3CC462B538","","13068"
"deleted_duplicate_in_experiments","C:\Users\tahab\Downloads\AI for Proteus Simulation_files\Project Backups\New folder (4)\GROUND_T08_R21_G0_DONOR_INPUT_BRIDGE_ATTEMPT\CONTROL_E001_EMPTY_BASE.pdsprj","","74532BCB33FCC293DA833D13EB30E5FA1FEC7865EBB3793EED51602EC719781F","D:\Coding\protuesgen\experiments\source_passive_v8_compact_fixed_suffix_temp_2026_06_05\donors\e001_empty_base.pdsprj","10550"
"moved_to_manual_import","C:\Users\tahab\Downloads\AI for Proteus Simulation_files\Project Backups\New folder (4)\GROUND_T08_R21_G0_DONOR_INPUT_BRIDGE_ATTEMPT\GROUND_T08_R21_G0_DONOR_INPUT_BRIDGE_ATTEMPT.pdsprj","D:\Coding\protuesgen\proteus_ic\donors\manual_downloads_20260611\AI for Proteus Simulation_files\Project Backups\New folder (4)\GROUND_T08_R21_G0_DONOR_INPUT_BRIDGE_ATTEMPT\GROUND_T08_R21_G0_DONOR_INPUT_BRIDGE_ATTEMPT.pdsprj","0CC0457ABCD3D7D103311F72207AB0CC870274EE1B1B4CF2542F8C17E2194738","","13071"
"deleted_duplicate_in_experiments","C:\Users\tahab\Downloads\AI for Proteus Simulation_files\Project Backups\New folder (4)\GROUND_T09_6R_G0_DONOR_OUTPUT_BRIDGE_ATTEMPT\CONTROL_E001_EMPTY_BASE.pdsprj","","74532BCB33FCC293DA833D13EB30E5FA1FEC7865EBB3793EED51602EC719781F","D:\Coding\protuesgen\experiments\source_passive_v8_compact_fixed_suffix_temp_2026_06_05\donors\e001_empty_base.pdsprj","10550"
"moved_to_manual_import","C:\Users\tahab\Downloads\AI for Proteus Simulation_files\Project Backups\New folder (4)\GROUND_T09_6R_G0_DONOR_OUTPUT_BRIDGE_ATTEMPT\GROUND_T09_6R_G0_DONOR_OUTPUT_BRIDGE_ATTEMPT.pdsprj","D:\Coding\protuesgen\proteus_ic\donors\manual_downloads_20260611\AI for Proteus Simulation_files\Project Backups\New folder (4)\GROUND_T09_6R_G0_DONOR_OUTPUT_BRIDGE_ATTEMPT\GROUND_T09_6R_G0_DONOR_OUTPUT_BRIDGE_ATTEMPT.pdsprj","B958A5CD08DCE916A217C8A7EA9942A3298EF66EB22F7E588BD009D2377A568B","","11736"
"deleted_duplicate_in_experiments","C:\Users\tahab\Downloads\AI for Proteus Simulation_files\Project Backups\New folder (4)\GROUND_T10_6R_G0_DONOR_INPUT_BRIDGE_ATTEMPT\CONTROL_E001_EMPTY_BASE.pdsprj","","74532BCB33FCC293DA833D13EB30E5FA1FEC7865EBB3793EED51602EC719781F","D:\Coding\protuesgen\experiments\source_passive_v8_compact_fixed_suffix_temp_2026_06_05\donors\e001_empty_base.pdsprj","10550"
"moved_to_manual_import","C:\Users\tahab\Downloads\AI for Proteus Simulation_files\Project Backups\New folder (4)\GROUND_T10_6R_G0_DONOR_INPUT_BRIDGE_ATTEMPT\GROUND_T10_6R_G0_DONOR_INPUT_BRIDGE_ATTEMPT.pdsprj","D:\Coding\protuesgen\proteus_ic\donors\manual_downloads_20260611\AI for Proteus Simulation_files\Project Backups\New folder (4)\GROUND_T10_6R_G0_DONOR_INPUT_BRIDGE_ATTEMPT\GROUND_T10_6R_G0_DONOR_INPUT_BRIDGE_ATTEMPT.pdsprj","D5BAB9C32282F1ECE8C448B7D69F729C1DC7AFB9F628BAB6C8DEEF3AF0C81C08","","11742"
"moved_to_manual_import","C:\Users\tahab\Downloads\AI for Proteus Simulation_files\Project Backups\New folder (5)\CLEAN_T01_6R_POWER_BRIDGE_GROUND_SHORTWIRE\CLEAN_T01_6R_POWER_BRIDGE_GROUND_SHORTWIRE.pdsprj","D:\Coding\protuesgen\proteus_ic\donors\manual_downloads_20260611\AI for Proteus Simulation_files\Project Backups\New folder (5)\CLEAN_T01_6R_POWER_BRIDGE_GROUND_SHORTWIRE\CLEAN_T01_6R_POWER_BRIDGE_GROUND_SHORTWIRE.pdsprj","D68933DC3BE2034D111B913EE41D9F07976D114E2F60320095D5BEE7C6C757C1","","11736"
"deleted_duplicate_in_experiments","C:\Users\tahab\Downloads\AI for Proteus Simulation_files\Project Backups\New folder (5)\CLEAN_T01_6R_POWER_BRIDGE_GROUND_SHORTWIRE\CONTROL_E001_EMPTY_BASE.pdsprj","","74532BCB33FCC293DA833D13EB30E5FA1FEC7865EBB3793EED51602EC719781F","D:\Coding\protuesgen\experiments\source_passive_v8_compact_fixed_suffix_temp_2026_06_05\donors\e001_empty_base.pdsprj","10550"
"moved_to_manual_import","C:\Users\tahab\Downloads\AI for Proteus Simulation_files\Project Backups\New folder (5)\CLEAN_T02_R21_POWER_BRIDGE_GROUND_SHORTWIRE\CLEAN_T02_R21_POWER_BRIDGE_GROUND_SHORTWIRE.pdsprj","D:\Coding\protuesgen\proteus_ic\donors\manual_downloads_20260611\AI for Proteus Simulation_files\Project Backups\New folder (5)\CLEAN_T02_R21_POWER_BRIDGE_GROUND_SHORTWIRE\CLEAN_T02_R21_POWER_BRIDGE_GROUND_SHORTWIRE.pdsprj","1E166A322D47FAF07585F904E10A7763CC0BFB444DABBF6283BCDD849A798904","","13066"
"deleted_duplicate_in_experiments","C:\Users\tahab\Downloads\AI for Proteus Simulation_files\Project Backups\New folder (5)\CLEAN_T02_R21_POWER_BRIDGE_GROUND_SHORTWIRE\CONTROL_E001_EMPTY_BASE.pdsprj","","74532BCB33FCC293DA833D13EB30E5FA1FEC7865EBB3793EED51602EC719781F","D:\Coding\protuesgen\experiments\source_passive_v8_compact_fixed_suffix_temp_2026_06_05\donors\e001_empty_base.pdsprj","10550"
"moved_to_manual_import","C:\Users\tahab\Downloads\AI for Proteus Simulation_files\Project Backups\New folder (5)\CLEAN_T03_6R_POWER_BRIDGE_GROUND_POWERLAYOUT_BRIDGE\CLEAN_T03_6R_POWER_BRIDGE_GROUND_POWERLAYOUT_BRIDGE.pdsprj","D:\Coding\protuesgen\proteus_ic\donors\manual_downloads_20260611\AI for Proteus Simulation_files\Project Backups\New folder (5)\CLEAN_T03_6R_POWER_BRIDGE_GROUND_POWERLAYOUT_BRIDGE\CLEAN_T03_6R_POWER_BRIDGE_GROUND_POWERLAYOUT_BRIDGE.pdsprj","46F5633693C7B7CB14BEB66683B211D0DDC64EE442E8916637985FC5AC167A6E","","11744"
"deleted_duplicate_in_experiments","C:\Users\tahab\Downloads\AI for Proteus Simulation_files\Project Backups\New folder (5)\CLEAN_T03_6R_POWER_BRIDGE_GROUND_POWERLAYOUT_BRIDGE\CONTROL_E001_EMPTY_BASE.pdsprj","","74532BCB33FCC293DA833D13EB30E5FA1FEC7865EBB3793EED51602EC719781F","D:\Coding\protuesgen\experiments\source_passive_v8_compact_fixed_suffix_temp_2026_06_05\donors\e001_empty_base.pdsprj","10550"
"moved_to_manual_import","C:\Users\tahab\Downloads\AI for Proteus Simulation_files\Project Backups\New folder (5)\CLEAN_T04_R21_POWER_BRIDGE_GROUND_POWERLAYOUT_BRIDGE\CLEAN_T04_R21_POWER_BRIDGE_GROUND_POWERLAYOUT_BRIDGE.pdsprj","D:\Coding\protuesgen\proteus_ic\donors\manual_downloads_20260611\AI for Proteus Simulation_files\Project Backups\New folder (5)\CLEAN_T04_R21_POWER_BRIDGE_GROUND_POWERLAYOUT_BRIDGE\CLEAN_T04_R21_POWER_BRIDGE_GROUND_POWERLAYOUT_BRIDGE.pdsprj","E4A9CBF69C45759A9CB0AF5EE8A2DAAA114F82B0DD2585D0E5E4BBF7187A9700","","13075"
"deleted_duplicate_in_experiments","C:\Users\tahab\Downloads\AI for Proteus Simulation_files\Project Backups\New folder (5)\CLEAN_T04_R21_POWER_BRIDGE_GROUND_POWERLAYOUT_BRIDGE\CONTROL_E001_EMPTY_BASE.pdsprj","","74532BCB33FCC293DA833D13EB30E5FA1FEC7865EBB3793EED51602EC719781F","D:\Coding\protuesgen\experiments\source_passive_v8_compact_fixed_suffix_temp_2026_06_05\donors\e001_empty_base.pdsprj","10550"
"deleted_duplicate_in_experiments","C:\Users\tahab\Downloads\AI for Proteus Simulation_files\Project Backups\New folder (6)\IMPROVED_T03_6R_POWER_BRIDGE_GROUND_INPUT_BRIDGE\CONTROL_E001_EMPTY_BASE.pdsprj","","74532BCB33FCC293DA833D13EB30E5FA1FEC7865EBB3793EED51602EC719781F","D:\Coding\protuesgen\experiments\source_passive_v8_compact_fixed_suffix_temp_2026_06_05\donors\e001_empty_base.pdsprj","10550"
"moved_to_manual_import","C:\Users\tahab\Downloads\AI for Proteus Simulation_files\Project Backups\New folder (6)\IMPROVED_T03_6R_POWER_BRIDGE_GROUND_INPUT_BRIDGE\IMPROVED_T03_6R_POWER_BRIDGE_GROUND_INPUT_BRIDGE.pdsprj","D:\Coding\protuesgen\proteus_ic\donors\manual_downloads_20260611\AI for Proteus Simulation_files\Project Backups\New folder (6)\IMPROVED_T03_6R_POWER_BRIDGE_GROUND_INPUT_BRIDGE\IMPROVED_T03_6R_POWER_BRIDGE_GROUND_INPUT_BRIDGE.pdsprj","0F8CBD74BF9DD53E1347AC33F62122592AE18795965238D5719E75DAAAB9E2A1","","11778"
"deleted_duplicate_in_experiments","C:\Users\tahab\Downloads\AI for Proteus Simulation_files\Project Backups\New folder (6)\IMPROVED_T04_R21_POWER_BRIDGE_GROUND_INPUT_BRIDGE\CONTROL_E001_EMPTY_BASE.pdsprj","","74532BCB33FCC293DA833D13EB30E5FA1FEC7865EBB3793EED51602EC719781F","D:\Coding\protuesgen\experiments\source_passive_v8_compact_fixed_suffix_temp_2026_06_05\donors\e001_empty_base.pdsprj","10550"
"moved_to_manual_import","C:\Users\tahab\Downloads\AI for Proteus Simulation_files\Project Backups\New folder (6)\IMPROVED_T04_R21_POWER_BRIDGE_GROUND_INPUT_BRIDGE\IMPROVED_T04_R21_POWER_BRIDGE_GROUND_INPUT_BRIDGE.pdsprj","D:\Coding\protuesgen\proteus_ic\donors\manual_downloads_20260611\AI for Proteus Simulation_files\Project Backups\New folder (6)\IMPROVED_T04_R21_POWER_BRIDGE_GROUND_INPUT_BRIDGE\IMPROVED_T04_R21_POWER_BRIDGE_GROUND_INPUT_BRIDGE.pdsprj","20B1B50F9CBBFEAEFF188E8BE1AF8DAEB31FEC13DE717916F92A8DF11E82E85C","","13106"
"deleted_duplicate_in_experiments","C:\Users\tahab\Downloads\AI for Proteus Simulation_files\Project Backups\New folder (6)\LOCKED_T01_6R_POWER_BRIDGE_GROUND_SHORTWIRE\CONTROL_E001_EMPTY_BASE.pdsprj","","74532BCB33FCC293DA833D13EB30E5FA1FEC7865EBB3793EED51602EC719781F","D:\Coding\protuesgen\experiments\source_passive_v8_compact_fixed_suffix_temp_2026_06_05\donors\e001_empty_base.pdsprj","10550"
"moved_to_manual_import","C:\Users\tahab\Downloads\AI for Proteus Simulation_files\Project Backups\New folder (6)\LOCKED_T01_6R_POWER_BRIDGE_GROUND_SHORTWIRE\LOCKED_T01_6R_POWER_BRIDGE_GROUND_SHORTWIRE.pdsprj","D:\Coding\protuesgen\proteus_ic\donors\manual_downloads_20260611\AI for Proteus Simulation_files\Project Backups\New folder (6)\LOCKED_T01_6R_POWER_BRIDGE_GROUND_SHORTWIRE\LOCKED_T01_6R_POWER_BRIDGE_GROUND_SHORTWIRE.pdsprj","2BD553350634B1250247F8D72B93106BBA843E558830128CF554EFC14323D265","","11736"
"deleted_duplicate_in_experiments","C:\Users\tahab\Downloads\AI for Proteus Simulation_files\Project Backups\New folder (6)\LOCKED_T02_R21_POWER_BRIDGE_GROUND_SHORTWIRE\CONTROL_E001_EMPTY_BASE.pdsprj","","74532BCB33FCC293DA833D13EB30E5FA1FEC7865EBB3793EED51602EC719781F","D:\Coding\protuesgen\experiments\source_passive_v8_compact_fixed_suffix_temp_2026_06_05\donors\e001_empty_base.pdsprj","10550"
"moved_to_manual_import","C:\Users\tahab\Downloads\AI for Proteus Simulation_files\Project Backups\New folder (6)\LOCKED_T02_R21_POWER_BRIDGE_GROUND_SHORTWIRE\LOCKED_T02_R21_POWER_BRIDGE_GROUND_SHORTWIRE.pdsprj","D:\Coding\protuesgen\proteus_ic\donors\manual_downloads_20260611\AI for Proteus Simulation_files\Project Backups\New folder (6)\LOCKED_T02_R21_POWER_BRIDGE_GROUND_SHORTWIRE\LOCKED_T02_R21_POWER_BRIDGE_GROUND_SHORTWIRE.pdsprj","A6839970F014FC3E4E30AA3DEDABC9EB32C570671BBEAACE78700A61CA4D6A6B","","13066"
"moved_to_manual_import","C:\Users\tahab\Downloads\AI for Proteus Simulation_files\Project Backups\New folder (7)\CAP_GEN_T01_SINGLE_CAPACITOR_TEMPLATE\CAP_GEN_T01_SINGLE_CAPACITOR_TEMPLATE.pdsprj","D:\Coding\protuesgen\proteus_ic\donors\manual_downloads_20260611\AI for Proteus Simulation_files\Project Backups\New folder (7)\CAP_GEN_T01_SINGLE_CAPACITOR_TEMPLATE\CAP_GEN_T01_SINGLE_CAPACITOR_TEMPLATE.pdsprj","58143D3EB1D6FAEEA0E69E796EDC55BEF57ECD6F6F819CC60B6CEBC649DB079D","","11102"
"moved_to_manual_import","C:\Users\tahab\Downloads\AI for Proteus Simulation_files\Project Backups\New folder (7)\CAP_GEN_T02_CAPACITOR_BETWEEN_TERMINALS_TEMPLATE\CAP_GEN_T02_CAPACITOR_BETWEEN_TERMINALS_TEMPLATE.pdsprj","D:\Coding\protuesgen\proteus_ic\donors\manual_downloads_20260611\AI for Proteus Simulation_files\Project Backups\New folder (7)\CAP_GEN_T02_CAPACITOR_BETWEEN_TERMINALS_TEMPLATE\CAP_GEN_T02_CAPACITOR_BETWEEN_TERMINALS_TEMPLATE.pdsprj","7783C99130ACC07FA35D8FEC8468CBD2E075636E98410B840A974571B1989F10","","11212"
"moved_to_manual_import","C:\Users\tahab\Downloads\AI for Proteus Simulation_files\Project Backups\New folder (7)\CAP_GEN_T03_RESISTOR_CAPACITOR_SERIES_TEMPLATE\CAP_GEN_T03_RESISTOR_CAPACITOR_SERIES_TEMPLATE.pdsprj","D:\Coding\protuesgen\proteus_ic\donors\manual_downloads_20260611\AI for Proteus Simulation_files\Project Backups\New folder (7)\CAP_GEN_T03_RESISTOR_CAPACITOR_SERIES_TEMPLATE\CAP_GEN_T03_RESISTOR_CAPACITOR_SERIES_TEMPLATE.pdsprj","7B6C2999D3596825366256772A43752257BF13EC0B5BEFDBBA1EE293FEEFEB19","","11347"
"moved_to_manual_import","C:\Users\tahab\Downloads\AI for Proteus Simulation_files\Project Backups\New folder (7)\CAP_GEN_T04_POWER_CAPACITOR_GROUND_TEMPLATE\CAP_GEN_T04_POWER_CAPACITOR_GROUND_TEMPLATE.pdsprj","D:\Coding\protuesgen\proteus_ic\donors\manual_downloads_20260611\AI for Proteus Simulation_files\Project Backups\New folder (7)\CAP_GEN_T04_POWER_CAPACITOR_GROUND_TEMPLATE\CAP_GEN_T04_POWER_CAPACITOR_GROUND_TEMPLATE.pdsprj","26165D5B91E496F72334B38317D11FF807BA015096342113B684702BC20B51BC","","11408"
"moved_to_manual_import","C:\Users\tahab\Downloads\AI for Proteus Simulation_files\Project Backups\New folder (8)\CAP_NET_T01_6C_SAME_TOPOLOGY_AS_6R\CAP_NET_T01_6C_SAME_TOPOLOGY_AS_6R.pdsprj","D:\Coding\protuesgen\proteus_ic\donors\manual_downloads_20260611\AI for Proteus Simulation_files\Project Backups\New folder (8)\CAP_NET_T01_6C_SAME_TOPOLOGY_AS_6R\CAP_NET_T01_6C_SAME_TOPOLOGY_AS_6R.pdsprj","54693429E915D55B511D5A7CCA485868EA355784ECFC0FAD60E2DCCDA79DF605","","11749"
"deleted_duplicate_in_experiments","C:\Users\tahab\Downloads\AI for Proteus Simulation_files\Project Backups\New folder (8)\CAP_NET_T01_6C_SAME_TOPOLOGY_AS_6R\CONTROL_E001_EMPTY_BASE.pdsprj","","3F6D521B7CD77B4AD9211D9F68858FCA0521CF25B9F1E2C331C50E6AEC733761","D:\Coding\protuesgen\experiments\source_passive_v7_fixed_file_controls_temp_2026_06_05\donors\e001_empty_base.pdsprj","10549"
"moved_to_manual_import","C:\Users\tahab\Downloads\AI for Proteus Simulation_files\Project Backups\New folder (8)\CAP_NET_T02_21C_SAME_TOPOLOGY_AS_R21\CAP_NET_T02_21C_SAME_TOPOLOGY_AS_R21.pdsprj","D:\Coding\protuesgen\proteus_ic\donors\manual_downloads_20260611\AI for Proteus Simulation_files\Project Backups\New folder (8)\CAP_NET_T02_21C_SAME_TOPOLOGY_AS_R21\CAP_NET_T02_21C_SAME_TOPOLOGY_AS_R21.pdsprj","5F70A0C3E6E76B416EFFE40AFF36502C29FF5059498EB9788D2EE174580C7CEB","","13084"
"deleted_duplicate_in_experiments","C:\Users\tahab\Downloads\AI for Proteus Simulation_files\Project Backups\New folder (8)\CAP_NET_T02_21C_SAME_TOPOLOGY_AS_R21\CONTROL_E001_EMPTY_BASE.pdsprj","","3F6D521B7CD77B4AD9211D9F68858FCA0521CF25B9F1E2C331C50E6AEC733761","D:\Coding\protuesgen\experiments\source_passive_v7_fixed_file_controls_temp_2026_06_05\donors\e001_empty_base.pdsprj","10549"
"deleted_duplicate_in_experiments","C:\Users\tahab\Downloads\AI for Proteus Simulation_files\Project Backups\R21_7PAR7_PLUS_7SERIES_TERMINAL_NETWORK\CONTROL_E001_EMPTY_BASE.pdsprj","","74532BCB33FCC293DA833D13EB30E5FA1FEC7865EBB3793EED51602EC719781F","D:\Coding\protuesgen\experiments\source_passive_v8_compact_fixed_suffix_temp_2026_06_05\donors\e001_empty_base.pdsprj","10550"
"moved_to_manual_import","C:\Users\tahab\Downloads\AI for Proteus Simulation_files\Project Backups\R21_7PAR7_PLUS_7SERIES_TERMINAL_NETWORK\TEST_R21_7PAR7_PLUS_7SERIES_TERMINALS_VISIBLE_3CHAR_VALUES_E0_TAIL.pdsprj","D:\Coding\protuesgen\proteus_ic\donors\manual_downloads_20260611\AI for Proteus Simulation_files\Project Backups\R21_7PAR7_PLUS_7SERIES_TERMINAL_NETWORK\TEST_R21_7PAR7_PLUS_7SERIES_TERMINALS_VISIBLE_3CHAR_VALUES_E0_TAIL.pdsprj","4BB5695D4EACA1F4592C1CF17A84929A32C0DF1C2FDA70FAA06C8B7E7A5CA732","","12843"
"moved_to_manual_import","C:\Users\tahab\Downloads\AI for Proteus Simulation_files\Project Backups\R21_7PAR7_PLUS_7SERIES_TERMINAL_NETWORK\TEST_R21_7PAR7_PLUS_7SERIES_TERMINALS_VISIBLE_3CHAR_VALUES_R4_TAIL.pdsprj","D:\Coding\protuesgen\proteus_ic\donors\manual_downloads_20260611\AI for Proteus Simulation_files\Project Backups\R21_7PAR7_PLUS_7SERIES_TERMINAL_NETWORK\TEST_R21_7PAR7_PLUS_7SERIES_TERMINALS_VISIBLE_3CHAR_VALUES_R4_TAIL.pdsprj","4BB5695D4EACA1F4592C1CF17A84929A32C0DF1C2FDA70FAA06C8B7E7A5CA732","","12843"
"deleted_duplicate_in_experiments","C:\Users\tahab\Downloads\AI for Proteus Simulation_files\Project Backups\R21_TERMINAL_NETWORK_V2_FIXED_RESISTOR_RECORD\CONTROL_E001_EMPTY_BASE.pdsprj","","74532BCB33FCC293DA833D13EB30E5FA1FEC7865EBB3793EED51602EC719781F","D:\Coding\protuesgen\experiments\source_passive_v8_compact_fixed_suffix_temp_2026_06_05\donors\e001_empty_base.pdsprj","10550"
"moved_to_manual_import","C:\Users\tahab\Downloads\AI for Proteus Simulation_files\Project Backups\R21_TERMINAL_NETWORK_V2_FIXED_RESISTOR_RECORD\TEST_R21_V2_RESISTORS_ONLY_E0_TAIL.pdsprj","D:\Coding\protuesgen\proteus_ic\donors\manual_downloads_20260611\AI for Proteus Simulation_files\Project Backups\R21_TERMINAL_NETWORK_V2_FIXED_RESISTOR_RECORD\TEST_R21_V2_RESISTORS_ONLY_E0_TAIL.pdsprj","719269011ED821CA48C04C8514FF81682A088CA634F5D79CD283117ECCDB671A","","11930"
"moved_to_manual_import","C:\Users\tahab\Downloads\AI for Proteus Simulation_files\Project Backups\R21_TERMINAL_NETWORK_V2_FIXED_RESISTOR_RECORD\TEST_R21_V2_RESISTORS_ONLY_R4_TAIL.pdsprj","D:\Coding\protuesgen\proteus_ic\donors\manual_downloads_20260611\AI for Proteus Simulation_files\Project Backups\R21_TERMINAL_NETWORK_V2_FIXED_RESISTOR_RECORD\TEST_R21_V2_RESISTORS_ONLY_R4_TAIL.pdsprj","719269011ED821CA48C04C8514FF81682A088CA634F5D79CD283117ECCDB671A","","11930"
"moved_to_manual_import","C:\Users\tahab\Downloads\AI for Proteus Simulation_files\Project Backups\R21_TERMINAL_NETWORK_V2_FIXED_RESISTOR_RECORD\TEST_R21_V2_TERMINALS_RESISTORS_NO_WIRES_E0_TAIL.pdsprj","D:\Coding\protuesgen\proteus_ic\donors\manual_downloads_20260611\AI for Proteus Simulation_files\Project Backups\R21_TERMINAL_NETWORK_V2_FIXED_RESISTOR_RECORD\TEST_R21_V2_TERMINALS_RESISTORS_NO_WIRES_E0_TAIL.pdsprj","541C7B3C81472271C982A6B7EAC6B300C57A0DF96C7BA2279AB84BDD0CD7654B","","12486"
"moved_to_manual_import","C:\Users\tahab\Downloads\AI for Proteus Simulation_files\Project Backups\R21_TERMINAL_NETWORK_V2_FIXED_RESISTOR_RECORD\TEST_R21_V2_TERMINALS_RESISTORS_NO_WIRES_R4_TAIL.pdsprj","D:\Coding\protuesgen\proteus_ic\donors\manual_downloads_20260611\AI for Proteus Simulation_files\Project Backups\R21_TERMINAL_NETWORK_V2_FIXED_RESISTOR_RECORD\TEST_R21_V2_TERMINALS_RESISTORS_NO_WIRES_R4_TAIL.pdsprj","541C7B3C81472271C982A6B7EAC6B300C57A0DF96C7BA2279AB84BDD0CD7654B","","12486"
"moved_to_manual_import","C:\Users\tahab\Downloads\AI for Proteus Simulation_files\Project Backups\R21_TERMINAL_NETWORK_V2_FIXED_RESISTOR_RECORD\TEST_R21_V2_TERMINALS_RESISTORS_WIRES_E019_ORDER_E0_TAIL.pdsprj","D:\Coding\protuesgen\proteus_ic\donors\manual_downloads_20260611\AI for Proteus Simulation_files\Project Backups\R21_TERMINAL_NETWORK_V2_FIXED_RESISTOR_RECORD\TEST_R21_V2_TERMINALS_RESISTORS_WIRES_E019_ORDER_E0_TAIL.pdsprj","6A9B8213E6506445E25A1366159B7F7AEA961EFD2270A4BEDF397C99C5E8940A","","12842"
"moved_to_manual_import","C:\Users\tahab\Downloads\AI for Proteus Simulation_files\Project Backups\R21_TERMINAL_NETWORK_V2_FIXED_RESISTOR_RECORD\TEST_R21_V2_TERMINALS_RESISTORS_WIRES_E019_ORDER_R4_TAIL.pdsprj","D:\Coding\protuesgen\proteus_ic\donors\manual_downloads_20260611\AI for Proteus Simulation_files\Project Backups\R21_TERMINAL_NETWORK_V2_FIXED_RESISTOR_RECORD\TEST_R21_V2_TERMINALS_RESISTORS_WIRES_E019_ORDER_R4_TAIL.pdsprj","6A9B8213E6506445E25A1366159B7F7AEA961EFD2270A4BEDF397C99C5E8940A","","12842"
"deleted_duplicate_in_experiments","C:\Users\tahab\Downloads\AI for Proteus Simulation_files\Project Backups\R21_TERMINAL_NETWORK_V3_TERMINAL_FIELD_FIX\CONTROL_E001_EMPTY_BASE.pdsprj","","74532BCB33FCC293DA833D13EB30E5FA1FEC7865EBB3793EED51602EC719781F","D:\Coding\protuesgen\experiments\source_passive_v8_compact_fixed_suffix_temp_2026_06_05\donors\e001_empty_base.pdsprj","10550"
"moved_to_manual_import","C:\Users\tahab\Downloads\AI for Proteus Simulation_files\Project Backups\R21_TERMINAL_NETWORK_V3_TERMINAL_FIELD_FIX\TEST_R21_V3_RESISTORS_ONLY_E0_TAIL.pdsprj","D:\Coding\protuesgen\proteus_ic\donors\manual_downloads_20260611\AI for Proteus Simulation_files\Project Backups\R21_TERMINAL_NETWORK_V3_TERMINAL_FIELD_FIX\TEST_R21_V3_RESISTORS_ONLY_E0_TAIL.pdsprj","103B1F3EEEFFCE9B8118162C6162C15000C249DFCC42173CB913142CFBA5BC7E","","11930"
"moved_to_manual_import","C:\Users\tahab\Downloads\AI for Proteus Simulation_files\Project Backups\R21_TERMINAL_NETWORK_V3_TERMINAL_FIELD_FIX\TEST_R21_V3_RESISTORS_ONLY_R4_TAIL.pdsprj","D:\Coding\protuesgen\proteus_ic\donors\manual_downloads_20260611\AI for Proteus Simulation_files\Project Backups\R21_TERMINAL_NETWORK_V3_TERMINAL_FIELD_FIX\TEST_R21_V3_RESISTORS_ONLY_R4_TAIL.pdsprj","103B1F3EEEFFCE9B8118162C6162C15000C249DFCC42173CB913142CFBA5BC7E","","11930"
"moved_to_manual_import","C:\Users\tahab\Downloads\AI for Proteus Simulation_files\Project Backups\R21_TERMINAL_NETWORK_V3_TERMINAL_FIELD_FIX\TEST_R21_V3_TERMINALS_RESISTORS_NO_WIRES_E0_TAIL.pdsprj","D:\Coding\protuesgen\proteus_ic\donors\manual_downloads_20260611\AI for Proteus Simulation_files\Project Backups\R21_TERMINAL_NETWORK_V3_TERMINAL_FIELD_FIX\TEST_R21_V3_TERMINALS_RESISTORS_NO_WIRES_E0_TAIL.pdsprj","AEC641866F171225E05CF21230494DBD495165F20902B3D68E5E329C66809F3A","","12642"
"moved_to_manual_import","C:\Users\tahab\Downloads\AI for Proteus Simulation_files\Project Backups\R21_TERMINAL_NETWORK_V3_TERMINAL_FIELD_FIX\TEST_R21_V3_TERMINALS_RESISTORS_NO_WIRES_R4_TAIL.pdsprj","D:\Coding\protuesgen\proteus_ic\donors\manual_downloads_20260611\AI for Proteus Simulation_files\Project Backups\R21_TERMINAL_NETWORK_V3_TERMINAL_FIELD_FIX\TEST_R21_V3_TERMINALS_RESISTORS_NO_WIRES_R4_TAIL.pdsprj","AEC641866F171225E05CF21230494DBD495165F20902B3D68E5E329C66809F3A","","12642"
"moved_to_manual_import","C:\Users\tahab\Downloads\AI for Proteus Simulation_files\Project Backups\R21_TERMINAL_NETWORK_V3_TERMINAL_FIELD_FIX\TEST_R21_V3_TERMINALS_RESISTORS_WIRES_E019_ORDER_E0_TAIL.pdsprj","D:\Coding\protuesgen\proteus_ic\donors\manual_downloads_20260611\AI for Proteus Simulation_files\Project Backups\R21_TERMINAL_NETWORK_V3_TERMINAL_FIELD_FIX\TEST_R21_V3_TERMINALS_RESISTORS_WIRES_E019_ORDER_E0_TAIL.pdsprj","EA25E67012CDE6022D18F38593DC96FC1382DD7B5203746D89D1C38283D608BE","","12999"
"moved_to_manual_import","C:\Users\tahab\Downloads\AI for Proteus Simulation_files\Project Backups\R21_TERMINAL_NETWORK_V3_TERMINAL_FIELD_FIX\TEST_R21_V3_TERMINALS_RESISTORS_WIRES_E019_ORDER_R4_TAIL.pdsprj","D:\Coding\protuesgen\proteus_ic\donors\manual_downloads_20260611\AI for Proteus Simulation_files\Project Backups\R21_TERMINAL_NETWORK_V3_TERMINAL_FIELD_FIX\TEST_R21_V3_TERMINALS_RESISTORS_WIRES_E019_ORDER_R4_TAIL.pdsprj","EA25E67012CDE6022D18F38593DC96FC1382DD7B5203746D89D1C38283D608BE","","12999"
"moved_to_manual_import","C:\Users\tahab\Downloads\AI for Proteus Simulation_files\Project Backups\R21_TERMINAL_NETWORK_V3_TERMINAL_FIELD_FIX\TEST_R21_V3_TWO_TERMINALS_ONLY_THEN_RESISTORS_E0_TAIL.pdsprj","D:\Coding\protuesgen\proteus_ic\donors\manual_downloads_20260611\AI for Proteus Simulation_files\Project Backups\R21_TERMINAL_NETWORK_V3_TERMINAL_FIELD_FIX\TEST_R21_V3_TWO_TERMINALS_ONLY_THEN_RESISTORS_E0_TAIL.pdsprj","02F2514AD9EB2B33D3CCD53179F92F4CA140FA6633EF399088092869BB12E634","","12008"
"moved_to_manual_import","C:\Users\tahab\Downloads\AI for Proteus Simulation_files\Project Backups\R21_TERMINAL_NETWORK_V3_TERMINAL_FIELD_FIX\TEST_R21_V3_TWO_TERMINALS_ONLY_THEN_RESISTORS_R4_TAIL.pdsprj","D:\Coding\protuesgen\proteus_ic\donors\manual_downloads_20260611\AI for Proteus Simulation_files\Project Backups\R21_TERMINAL_NETWORK_V3_TERMINAL_FIELD_FIX\TEST_R21_V3_TWO_TERMINALS_ONLY_THEN_RESISTORS_R4_TAIL.pdsprj","02F2514AD9EB2B33D3CCD53179F92F4CA140FA6633EF399088092869BB12E634","","12008"
"deleted_duplicate_in_experiments","C:\Users\tahab\Downloads\AI for Proteus Simulation_files\Project Backups\R21_TERMINAL_NETWORK_V4_ORDER_SUFFIX_DIAGNOSTICS\CONTROL_E001_EMPTY_BASE.pdsprj","","74532BCB33FCC293DA833D13EB30E5FA1FEC7865EBB3793EED51602EC719781F","D:\Coding\protuesgen\experiments\source_passive_v8_compact_fixed_suffix_temp_2026_06_05\donors\e001_empty_base.pdsprj","10550"
"moved_to_manual_import","C:\Users\tahab\Downloads\AI for Proteus Simulation_files\Project Backups\R21_TERMINAL_NETWORK_V4_ORDER_SUFFIX_DIAGNOSTICS\TEST_R21_V4_ALL_INPUTS_OUTPUTS_THEN_RESISTORS_SUFFIX_KEEP_E0_TAIL.pdsprj","D:\Coding\protuesgen\proteus_ic\donors\manual_downloads_20260611\AI for Proteus Simulation_files\Project Backups\R21_TERMINAL_NETWORK_V4_ORDER_SUFFIX_DIAGNOSTICS\TEST_R21_V4_ALL_INPUTS_OUTPUTS_THEN_RESISTORS_SUFFIX_KEEP_E0_TAIL.pdsprj","F5BA75C179EA4182DAFF37C501E77A5B2A977043E0A661CDB509AA7576364C47","","12499"
"moved_to_manual_import","C:\Users\tahab\Downloads\AI for Proteus Simulation_files\Project Backups\R21_TERMINAL_NETWORK_V4_ORDER_SUFFIX_DIAGNOSTICS\TEST_R21_V4_ALL_INPUTS_OUTPUTS_THEN_RESISTORS_SUFFIX_KEEP_R4_TAIL.pdsprj","D:\Coding\protuesgen\proteus_ic\donors\manual_downloads_20260611\AI for Proteus Simulation_files\Project Backups\R21_TERMINAL_NETWORK_V4_ORDER_SUFFIX_DIAGNOSTICS\TEST_R21_V4_ALL_INPUTS_OUTPUTS_THEN_RESISTORS_SUFFIX_KEEP_R4_TAIL.pdsprj","F5BA75C179EA4182DAFF37C501E77A5B2A977043E0A661CDB509AA7576364C47","","12499"
"moved_to_manual_import","C:\Users\tahab\Downloads\AI for Proteus Simulation_files\Project Backups\R21_TERMINAL_NETWORK_V4_ORDER_SUFFIX_DIAGNOSTICS\TEST_R21_V4_ALL_INPUTS_OUTPUTS_THEN_RESISTORS_SUFFIX_UNIQUE_E0_TAIL.pdsprj","D:\Coding\protuesgen\proteus_ic\donors\manual_downloads_20260611\AI for Proteus Simulation_files\Project Backups\R21_TERMINAL_NETWORK_V4_ORDER_SUFFIX_DIAGNOSTICS\TEST_R21_V4_ALL_INPUTS_OUTPUTS_THEN_RESISTORS_SUFFIX_UNIQUE_E0_TAIL.pdsprj","B46F56CBBCF8B393AC02EAD99D557B9774B5833705D59EDA689BD0D00C02DFE8","","12563"
"moved_to_manual_import","C:\Users\tahab\Downloads\AI for Proteus Simulation_files\Project Backups\R21_TERMINAL_NETWORK_V4_ORDER_SUFFIX_DIAGNOSTICS\TEST_R21_V4_ALL_INPUTS_OUTPUTS_THEN_RESISTORS_SUFFIX_UNIQUE_R4_TAIL.pdsprj","D:\Coding\protuesgen\proteus_ic\donors\manual_downloads_20260611\AI for Proteus Simulation_files\Project Backups\R21_TERMINAL_NETWORK_V4_ORDER_SUFFIX_DIAGNOSTICS\TEST_R21_V4_ALL_INPUTS_OUTPUTS_THEN_RESISTORS_SUFFIX_UNIQUE_R4_TAIL.pdsprj","B46F56CBBCF8B393AC02EAD99D557B9774B5833705D59EDA689BD0D00C02DFE8","","12563"
"moved_to_manual_import","C:\Users\tahab\Downloads\AI for Proteus Simulation_files\Project Backups\R21_TERMINAL_NETWORK_V4_ORDER_SUFFIX_DIAGNOSTICS\TEST_R21_V4_ALL_INPUTS_OUTPUTS_THEN_RESISTORS_WIRES_SUFFIX_KEEP_E0_TAIL.pdsprj","D:\Coding\protuesgen\proteus_ic\donors\manual_downloads_20260611\AI for Proteus Simulation_files\Project Backups\R21_TERMINAL_NETWORK_V4_ORDER_SUFFIX_DIAGNOSTICS\TEST_R21_V4_ALL_INPUTS_OUTPUTS_THEN_RESISTORS_WIRES_SUFFIX_KEEP_E0_TAIL.pdsprj","6323954E9EE09E2EDA4B42ED6906EC4EE39D055A9EECFBD8B8DBE08B21920652","","12849"
"moved_to_manual_import","C:\Users\tahab\Downloads\AI for Proteus Simulation_files\Project Backups\R21_TERMINAL_NETWORK_V4_ORDER_SUFFIX_DIAGNOSTICS\TEST_R21_V4_ALL_INPUTS_OUTPUTS_THEN_RESISTORS_WIRES_SUFFIX_KEEP_R4_TAIL.pdsprj","D:\Coding\protuesgen\proteus_ic\donors\manual_downloads_20260611\AI for Proteus Simulation_files\Project Backups\R21_TERMINAL_NETWORK_V4_ORDER_SUFFIX_DIAGNOSTICS\TEST_R21_V4_ALL_INPUTS_OUTPUTS_THEN_RESISTORS_WIRES_SUFFIX_KEEP_R4_TAIL.pdsprj","6323954E9EE09E2EDA4B42ED6906EC4EE39D055A9EECFBD8B8DBE08B21920652","","12849"
"moved_to_manual_import","C:\Users\tahab\Downloads\AI for Proteus Simulation_files\Project Backups\R21_TERMINAL_NETWORK_V4_ORDER_SUFFIX_DIAGNOSTICS\TEST_R21_V4_ALL_INPUTS_OUTPUTS_THEN_RESISTORS_WIRES_SUFFIX_UNIQUE_E0_TAIL.pdsprj","D:\Coding\protuesgen\proteus_ic\donors\manual_downloads_20260611\AI for Proteus Simulation_files\Project Backups\R21_TERMINAL_NETWORK_V4_ORDER_SUFFIX_DIAGNOSTICS\TEST_R21_V4_ALL_INPUTS_OUTPUTS_THEN_RESISTORS_WIRES_SUFFIX_UNIQUE_E0_TAIL.pdsprj","AD22087056AA588AE373F02529B4063B5CE0D0FF76FD1E08C238AA1D4EBA4702","","12917"
"moved_to_manual_import","C:\Users\tahab\Downloads\AI for Proteus Simulation_files\Project Backups\R21_TERMINAL_NETWORK_V4_ORDER_SUFFIX_DIAGNOSTICS\TEST_R21_V4_ALL_INPUTS_OUTPUTS_THEN_RESISTORS_WIRES_SUFFIX_UNIQUE_R4_TAIL.pdsprj","D:\Coding\protuesgen\proteus_ic\donors\manual_downloads_20260611\AI for Proteus Simulation_files\Project Backups\R21_TERMINAL_NETWORK_V4_ORDER_SUFFIX_DIAGNOSTICS\TEST_R21_V4_ALL_INPUTS_OUTPUTS_THEN_RESISTORS_WIRES_SUFFIX_UNIQUE_R4_TAIL.pdsprj","AD22087056AA588AE373F02529B4063B5CE0D0FF76FD1E08C238AA1D4EBA4702","","12917"
"moved_to_manual_import","C:\Users\tahab\Downloads\AI for Proteus Simulation_files\Project Backups\R21_TERMINAL_NETWORK_V4_ORDER_SUFFIX_DIAGNOSTICS\TEST_R21_V4_RESISTORS_ONLY_SUFFIX_KEEP_E0_TAIL.pdsprj","D:\Coding\protuesgen\proteus_ic\donors\manual_downloads_20260611\AI for Proteus Simulation_files\Project Backups\R21_TERMINAL_NETWORK_V4_ORDER_SUFFIX_DIAGNOSTICS\TEST_R21_V4_RESISTORS_ONLY_SUFFIX_KEEP_E0_TAIL.pdsprj","83655FC2CCA0C029752867070FBBDE9A4387F7B6A042B8EE45A045D265DD7BFA","","11930"
"moved_to_manual_import","C:\Users\tahab\Downloads\AI for Proteus Simulation_files\Project Backups\R21_TERMINAL_NETWORK_V4_ORDER_SUFFIX_DIAGNOSTICS\TEST_R21_V4_RESISTORS_ONLY_SUFFIX_KEEP_R4_TAIL.pdsprj","D:\Coding\protuesgen\proteus_ic\donors\manual_downloads_20260611\AI for Proteus Simulation_files\Project Backups\R21_TERMINAL_NETWORK_V4_ORDER_SUFFIX_DIAGNOSTICS\TEST_R21_V4_RESISTORS_ONLY_SUFFIX_KEEP_R4_TAIL.pdsprj","83655FC2CCA0C029752867070FBBDE9A4387F7B6A042B8EE45A045D265DD7BFA","","11930"
"moved_to_manual_import","C:\Users\tahab\Downloads\AI for Proteus Simulation_files\Project Backups\R21_TERMINAL_NETWORK_V4_ORDER_SUFFIX_DIAGNOSTICS\TEST_R21_V4_TWO_TERMS_DONORCOORDS_THEN_RESISTORS_SUFFIX_KEEP_E0_TAIL.pdsprj","D:\Coding\protuesgen\proteus_ic\donors\manual_downloads_20260611\AI for Proteus Simulation_files\Project Backups\R21_TERMINAL_NETWORK_V4_ORDER_SUFFIX_DIAGNOSTICS\TEST_R21_V4_TWO_TERMS_DONORCOORDS_THEN_RESISTORS_SUFFIX_KEEP_E0_TAIL.pdsprj","B7DD34DE30F348BD3DC8EA09525561E98BC1033A77D76F8828429A5BDBB19DBA","","12008"
"moved_to_manual_import","C:\Users\tahab\Downloads\AI for Proteus Simulation_files\Project Backups\R21_TERMINAL_NETWORK_V4_ORDER_SUFFIX_DIAGNOSTICS\TEST_R21_V4_TWO_TERMS_DONORCOORDS_THEN_RESISTORS_SUFFIX_KEEP_R4_TAIL.pdsprj","D:\Coding\protuesgen\proteus_ic\donors\manual_downloads_20260611\AI for Proteus Simulation_files\Project Backups\R21_TERMINAL_NETWORK_V4_ORDER_SUFFIX_DIAGNOSTICS\TEST_R21_V4_TWO_TERMS_DONORCOORDS_THEN_RESISTORS_SUFFIX_KEEP_R4_TAIL.pdsprj","B7DD34DE30F348BD3DC8EA09525561E98BC1033A77D76F8828429A5BDBB19DBA","","12008"
"moved_to_manual_import","C:\Users\tahab\Downloads\AI for Proteus Simulation_files\Project Backups\R21_TERMINAL_NETWORK_V4_ORDER_SUFFIX_DIAGNOSTICS\TEST_R21_V4_TWO_TERMS_DONORCOORDS_THEN_RESISTORS_SUFFIX_UNIQUE_E0_TAIL.pdsprj","D:\Coding\protuesgen\proteus_ic\donors\manual_downloads_20260611\AI for Proteus Simulation_files\Project Backups\R21_TERMINAL_NETWORK_V4_ORDER_SUFFIX_DIAGNOSTICS\TEST_R21_V4_TWO_TERMS_DONORCOORDS_THEN_RESISTORS_SUFFIX_UNIQUE_E0_TAIL.pdsprj","1BDA20AA394C6AAD884FEA07DD5E2F5EFAE18CA06500E4191C40D24E6AB16F9F","","12008"
"moved_to_manual_import","C:\Users\tahab\Downloads\AI for Proteus Simulation_files\Project Backups\R21_TERMINAL_NETWORK_V4_ORDER_SUFFIX_DIAGNOSTICS\TEST_R21_V4_TWO_TERMS_DONORCOORDS_THEN_RESISTORS_SUFFIX_UNIQUE_R4_TAIL.pdsprj","D:\Coding\protuesgen\proteus_ic\donors\manual_downloads_20260611\AI for Proteus Simulation_files\Project Backups\R21_TERMINAL_NETWORK_V4_ORDER_SUFFIX_DIAGNOSTICS\TEST_R21_V4_TWO_TERMS_DONORCOORDS_THEN_RESISTORS_SUFFIX_UNIQUE_R4_TAIL.pdsprj","1BDA20AA394C6AAD884FEA07DD5E2F5EFAE18CA06500E4191C40D24E6AB16F9F","","12008"
"moved_to_manual_import","C:\Users\tahab\Downloads\AI for Proteus Simulation_files\Project Backups\R21_TERMINAL_NETWORK_V4_ORDER_SUFFIX_DIAGNOSTICS\TEST_R21_V4_TWO_TERMS_ORDERED_THEN_RESISTORS_SUFFIX_KEEP_E0_TAIL.pdsprj","D:\Coding\protuesgen\proteus_ic\donors\manual_downloads_20260611\AI for Proteus Simulation_files\Project Backups\R21_TERMINAL_NETWORK_V4_ORDER_SUFFIX_DIAGNOSTICS\TEST_R21_V4_TWO_TERMS_ORDERED_THEN_RESISTORS_SUFFIX_KEEP_E0_TAIL.pdsprj","B7DD34DE30F348BD3DC8EA09525561E98BC1033A77D76F8828429A5BDBB19DBA","","12008"
"moved_to_manual_import","C:\Users\tahab\Downloads\AI for Proteus Simulation_files\Project Backups\R21_TERMINAL_NETWORK_V4_ORDER_SUFFIX_DIAGNOSTICS\TEST_R21_V4_TWO_TERMS_ORDERED_THEN_RESISTORS_SUFFIX_KEEP_R4_TAIL.pdsprj","D:\Coding\protuesgen\proteus_ic\donors\manual_downloads_20260611\AI for Proteus Simulation_files\Project Backups\R21_TERMINAL_NETWORK_V4_ORDER_SUFFIX_DIAGNOSTICS\TEST_R21_V4_TWO_TERMS_ORDERED_THEN_RESISTORS_SUFFIX_KEEP_R4_TAIL.pdsprj","B7DD34DE30F348BD3DC8EA09525561E98BC1033A77D76F8828429A5BDBB19DBA","","12008"
"moved_to_manual_import","C:\Users\tahab\Downloads\AI for Proteus Simulation_files\Project Backups\R21_TERMINAL_NETWORK_V4_ORDER_SUFFIX_DIAGNOSTICS\TEST_R21_V4_TWO_TERMS_ORDERED_THEN_RESISTORS_SUFFIX_UNIQUE_E0_TAIL.pdsprj","D:\Coding\protuesgen\proteus_ic\donors\manual_downloads_20260611\AI for Proteus Simulation_files\Project Backups\R21_TERMINAL_NETWORK_V4_ORDER_SUFFIX_DIAGNOSTICS\TEST_R21_V4_TWO_TERMS_ORDERED_THEN_RESISTORS_SUFFIX_UNIQUE_E0_TAIL.pdsprj","1BDA20AA394C6AAD884FEA07DD5E2F5EFAE18CA06500E4191C40D24E6AB16F9F","","12008"
"moved_to_manual_import","C:\Users\tahab\Downloads\AI for Proteus Simulation_files\Project Backups\R21_TERMINAL_NETWORK_V4_ORDER_SUFFIX_DIAGNOSTICS\TEST_R21_V4_TWO_TERMS_ORDERED_THEN_RESISTORS_SUFFIX_UNIQUE_R4_TAIL.pdsprj","D:\Coding\protuesgen\proteus_ic\donors\manual_downloads_20260611\AI for Proteus Simulation_files\Project Backups\R21_TERMINAL_NETWORK_V4_ORDER_SUFFIX_DIAGNOSTICS\TEST_R21_V4_TWO_TERMS_ORDERED_THEN_RESISTORS_SUFFIX_UNIQUE_R4_TAIL.pdsprj","1BDA20AA394C6AAD884FEA07DD5E2F5EFAE18CA06500E4191C40D24E6AB16F9F","","12008"
"moved_to_manual_import","C:\Users\tahab\Downloads\AI for Proteus Simulation_files\Project Backups\R21_TERMINAL_NETWORK_V4_ORDER_SUFFIX_DIAGNOSTICS\TEST_R21_V5_ALL_TERMS_THEN_RESISTORS_E0_TAIL.pdsprj","D:\Coding\protuesgen\proteus_ic\donors\manual_downloads_20260611\AI for Proteus Simulation_files\Project Backups\R21_TERMINAL_NETWORK_V4_ORDER_SUFFIX_DIAGNOSTICS\TEST_R21_V5_ALL_TERMS_THEN_RESISTORS_E0_TAIL.pdsprj","368E1C4E422A194980B46CFDD63EA89B7B4D4DD139404833F70FD069379C8DB8","","12496"
"moved_to_manual_import","C:\Users\tahab\Downloads\AI for Proteus Simulation_files\Project Backups\R21_TERMINAL_NETWORK_V4_ORDER_SUFFIX_DIAGNOSTICS\TEST_R21_V5_ALL_TERMS_THEN_RESISTORS_R4_TAIL.pdsprj","D:\Coding\protuesgen\proteus_ic\donors\manual_downloads_20260611\AI for Proteus Simulation_files\Project Backups\R21_TERMINAL_NETWORK_V4_ORDER_SUFFIX_DIAGNOSTICS\TEST_R21_V5_ALL_TERMS_THEN_RESISTORS_R4_TAIL.pdsprj","368E1C4E422A194980B46CFDD63EA89B7B4D4DD139404833F70FD069379C8DB8","","12496"
"moved_to_manual_import","C:\Users\tahab\Downloads\AI for Proteus Simulation_files\Project Backups\R21_TERMINAL_NETWORK_V4_ORDER_SUFFIX_DIAGNOSTICS\TEST_R21_V5_ALL_TERMS_THEN_RESISTORS_WIRES_E0_TAIL.pdsprj","D:\Coding\protuesgen\proteus_ic\donors\manual_downloads_20260611\AI for Proteus Simulation_files\Project Backups\R21_TERMINAL_NETWORK_V4_ORDER_SUFFIX_DIAGNOSTICS\TEST_R21_V5_ALL_TERMS_THEN_RESISTORS_WIRES_E0_TAIL.pdsprj","A51595B15F8BF8C6356BD83D8425C5E95EBA5E73DA76EE1536AD6BF8B3330650","","12851"
"moved_to_manual_import","C:\Users\tahab\Downloads\AI for Proteus Simulation_files\Project Backups\R21_TERMINAL_NETWORK_V4_ORDER_SUFFIX_DIAGNOSTICS\TEST_R21_V5_ALL_TERMS_THEN_RESISTORS_WIRES_R4_TAIL.pdsprj","D:\Coding\protuesgen\proteus_ic\donors\manual_downloads_20260611\AI for Proteus Simulation_files\Project Backups\R21_TERMINAL_NETWORK_V4_ORDER_SUFFIX_DIAGNOSTICS\TEST_R21_V5_ALL_TERMS_THEN_RESISTORS_WIRES_R4_TAIL.pdsprj","A51595B15F8BF8C6356BD83D8425C5E95EBA5E73DA76EE1536AD6BF8B3330650","","12851"
"moved_to_manual_import","C:\Users\tahab\Downloads\AI for Proteus Simulation_files\Project Backups\R21_TERMINAL_NETWORK_V4_ORDER_SUFFIX_DIAGNOSTICS\TEST_R21_V5_RESISTORS_ONLY_CORRECT_BOUNDARY_E0_TAIL.pdsprj","D:\Coding\protuesgen\proteus_ic\donors\manual_downloads_20260611\AI for Proteus Simulation_files\Project Backups\R21_TERMINAL_NETWORK_V4_ORDER_SUFFIX_DIAGNOSTICS\TEST_R21_V5_RESISTORS_ONLY_CORRECT_BOUNDARY_E0_TAIL.pdsprj","2A553A82E47BD1F30A752E568119B2DA0320CABCB3C4C12197D32509DEC104D8","","11930"
"moved_to_manual_import","C:\Users\tahab\Downloads\AI for Proteus Simulation_files\Project Backups\R21_TERMINAL_NETWORK_V4_ORDER_SUFFIX_DIAGNOSTICS\TEST_R21_V5_TWO_TERMS_DONORBYTES_THEN_RESISTORS_E0_TAIL.pdsprj","D:\Coding\protuesgen\proteus_ic\donors\manual_downloads_20260611\AI for Proteus Simulation_files\Project Backups\R21_TERMINAL_NETWORK_V4_ORDER_SUFFIX_DIAGNOSTICS\TEST_R21_V5_TWO_TERMS_DONORBYTES_THEN_RESISTORS_E0_TAIL.pdsprj","7A1EAE25D5A4D666B99D1AB6E2F40568681F4B901E00A2A2C9235B7647A22284","","12006"
"moved_to_manual_import","C:\Users\tahab\Downloads\AI for Proteus Simulation_files\Project Backups\R21_TERMINAL_NETWORK_V4_ORDER_SUFFIX_DIAGNOSTICS\TEST_R21_V5_TWO_TERMS_DONORBYTES_THEN_RESISTORS_R4_TAIL.pdsprj","D:\Coding\protuesgen\proteus_ic\donors\manual_downloads_20260611\AI for Proteus Simulation_files\Project Backups\R21_TERMINAL_NETWORK_V4_ORDER_SUFFIX_DIAGNOSTICS\TEST_R21_V5_TWO_TERMS_DONORBYTES_THEN_RESISTORS_R4_TAIL.pdsprj","7A1EAE25D5A4D666B99D1AB6E2F40568681F4B901E00A2A2C9235B7647A22284","","12006"
"moved_to_manual_import","C:\Users\tahab\Downloads\AI for Proteus Simulation_files\Project Backups\R21_TERMINAL_NETWORK_V4_ORDER_SUFFIX_DIAGNOSTICS\TEST_R21_V5_TWO_TERMS_PATCHED_THEN_RESISTORS_E0_TAIL.pdsprj","D:\Coding\protuesgen\proteus_ic\donors\manual_downloads_20260611\AI for Proteus Simulation_files\Project Backups\R21_TERMINAL_NETWORK_V4_ORDER_SUFFIX_DIAGNOSTICS\TEST_R21_V5_TWO_TERMS_PATCHED_THEN_RESISTORS_E0_TAIL.pdsprj","BDD044B5F5DDD0F834A06C0B11D7C86695D2A10C36EE00D54DA32C295292711C","","12007"
"moved_to_manual_import","C:\Users\tahab\Downloads\AI for Proteus Simulation_files\Project Backups\R21_TERMINAL_NETWORK_V4_ORDER_SUFFIX_DIAGNOSTICS\TEST_R21_V5_TWO_TERMS_PATCHED_THEN_RESISTORS_R4_TAIL.pdsprj","D:\Coding\protuesgen\proteus_ic\donors\manual_downloads_20260611\AI for Proteus Simulation_files\Project Backups\R21_TERMINAL_NETWORK_V4_ORDER_SUFFIX_DIAGNOSTICS\TEST_R21_V5_TWO_TERMS_PATCHED_THEN_RESISTORS_R4_TAIL.pdsprj","BDD044B5F5DDD0F834A06C0B11D7C86695D2A10C36EE00D54DA32C295292711C","","12007"
"moved_to_manual_import","C:\Users\tahab\Downloads\AI for Proteus Simulation_files\Project Backups\R21_TERMINAL_NETWORK_V4_ORDER_SUFFIX_DIAGNOSTICS\TEST_R21_V5_TWO_TERMS_PATCHED_THEN_RESISTORS_SUFFIX_UNIQUE_E0_TAIL.pdsprj","D:\Coding\protuesgen\proteus_ic\donors\manual_downloads_20260611\AI for Proteus Simulation_files\Project Backups\R21_TERMINAL_NETWORK_V4_ORDER_SUFFIX_DIAGNOSTICS\TEST_R21_V5_TWO_TERMS_PATCHED_THEN_RESISTORS_SUFFIX_UNIQUE_E0_TAIL.pdsprj","4EFCEFB43999486D18725F48AEAAA6E70E09001B8D072837718954B9DE99E9B2","","12008"
"moved_to_manual_import","C:\Users\tahab\Downloads\AI for Proteus Simulation_files\Project Backups\R5_GENERATION_SHOT_CDB_DSN_BINDING\CONTROL_R4_four_real.pdsprj","D:\Coding\protuesgen\proteus_ic\donors\manual_downloads_20260611\AI for Proteus Simulation_files\Project Backups\R5_GENERATION_SHOT_CDB_DSN_BINDING\CONTROL_R4_four_real.pdsprj","D766529504A583C33C1450A96FB395C7FB316437218C75813D96E1CD41A44104","","11038"
"moved_to_manual_import","C:\Users\tahab\Downloads\AI for Proteus Simulation_files\Project Backups\R5_GENERATION_SHOT_CDB_DSN_BINDING\T01_R5_CDB_EXTENDED_ONLY_DSN_R4_CONTROL.pdsprj","D:\Coding\protuesgen\proteus_ic\donors\manual_downloads_20260611\AI for Proteus Simulation_files\Project Backups\R5_GENERATION_SHOT_CDB_DSN_BINDING\T01_R5_CDB_EXTENDED_ONLY_DSN_R4_CONTROL.pdsprj","D407A21D0D35AEBA96A2AAECFFB34DD34697D70FFCE8E4AB8DACFA21C16FCFF8","","11179"
"moved_to_manual_import","C:\Users\tahab\Downloads\AI for Proteus Simulation_files\Project Backups\R5_GENERATION_SHOT_CDB_DSN_BINDING\T02_R5_CDB_AND_DSN_CLONED_R4_RECORD_DUP_TOKENS.pdsprj","D:\Coding\protuesgen\proteus_ic\donors\manual_downloads_20260611\AI for Proteus Simulation_files\Project Backups\R5_GENERATION_SHOT_CDB_DSN_BINDING\T02_R5_CDB_AND_DSN_CLONED_R4_RECORD_DUP_TOKENS.pdsprj","B5F191B0D45AE903767B9EDAF96A2B66C8FA9613067605E26A33C7517CF4A694","","11139"
"moved_to_manual_import","C:\Users\tahab\Downloads\AI for Proteus Simulation_files\Project Backups\R5_GENERATION_SHOT_CDB_DSN_BINDING\T03_R5_CDB_AND_DSN_CLONED_R4_RECORD_SYNTH_TOKENS.pdsprj","D:\Coding\protuesgen\proteus_ic\donors\manual_downloads_20260611\AI for Proteus Simulation_files\Project Backups\R5_GENERATION_SHOT_CDB_DSN_BINDING\T03_R5_CDB_AND_DSN_CLONED_R4_RECORD_SYNTH_TOKENS.pdsprj","C189D265A2781ADEAE38BA7E8E01A7D9534BF375D718518A7639303D93804FA1","","11220"
"moved_to_manual_import","C:\Users\tahab\Downloads\AI for Proteus Simulation_files\Project Backups\R5_GENERATION_SHOT_CDB_DSN_BINDING\T04_R5_DSN_EXTENDED_ONLY_CDB_R4_CONTROL.pdsprj","D:\Coding\protuesgen\proteus_ic\donors\manual_downloads_20260611\AI for Proteus Simulation_files\Project Backups\R5_GENERATION_SHOT_CDB_DSN_BINDING\T04_R5_DSN_EXTENDED_ONLY_CDB_R4_CONTROL.pdsprj","41F45996621EB9A7C1E89B361137DDDB4E654D60D35C9B0EC725DF8171BE9184","","11172"
"moved_to_manual_import","C:\Users\tahab\Downloads\AI for Proteus Simulation_files\Project Backups\R5_GENERATION_SHOT_CDB_DSN_BINDING\Project Backups\T02_R5_CDB_AND_DSN_CLONED_R4_RECORD_DUP_TOKENS [20260528, 00-53-06].pdsprj","D:\Coding\protuesgen\proteus_ic\donors\manual_downloads_20260611\AI for Proteus Simulation_files\Project Backups\R5_GENERATION_SHOT_CDB_DSN_BINDING\Project Backups\T02_R5_CDB_AND_DSN_CLONED_R4_RECORD_DUP_TOKENS [20260528, 00-53-06].pdsprj","B1B5E26035440B7FE86FE59581FCC97E024B5BA46AA1BEE49E064B8DF5FA853B","","11192"
"moved_to_manual_import","C:\Users\tahab\Downloads\AI for Proteus Simulation_files\Project Backups\R7_R12_T04_METHOD_GENERATION_SHOT\CONTROL_R4_four_real.pdsprj","D:\Coding\protuesgen\proteus_ic\donors\manual_downloads_20260611\AI for Proteus Simulation_files\Project Backups\R7_R12_T04_METHOD_GENERATION_SHOT\CONTROL_R4_four_real.pdsprj","D766529504A583C33C1450A96FB395C7FB316437218C75813D96E1CD41A44104","","11038"
"moved_to_manual_import","C:\Users\tahab\Downloads\AI for Proteus Simulation_files\Project Backups\R7_R12_T04_METHOD_GENERATION_SHOT\CONTROL_T04_R5_DSN_EXTENDED_ONLY_WORKED.pdsprj","D:\Coding\protuesgen\proteus_ic\donors\manual_downloads_20260611\AI for Proteus Simulation_files\Project Backups\R7_R12_T04_METHOD_GENERATION_SHOT\CONTROL_T04_R5_DSN_EXTENDED_ONLY_WORKED.pdsprj","41F45996621EB9A7C1E89B361137DDDB4E654D60D35C9B0EC725DF8171BE9184","","11172"
"moved_to_manual_import","C:\Users\tahab\Downloads\AI for Proteus Simulation_files\Project Backups\R7_R12_T04_METHOD_GENERATION_SHOT\TEST_R12_DOWN_MINUS_Y_T04_METHOD_DSN_ONLY_CDB_R4.pdsprj","D:\Coding\protuesgen\proteus_ic\donors\manual_downloads_20260611\AI for Proteus Simulation_files\Project Backups\R7_R12_T04_METHOD_GENERATION_SHOT\TEST_R12_DOWN_MINUS_Y_T04_METHOD_DSN_ONLY_CDB_R4.pdsprj","F7B4CAA683DB69874C0D83EDF047D2D02716BC54F46F22B48869B6AE4E36BD1B","","11396"
"moved_to_manual_import","C:\Users\tahab\Downloads\AI for Proteus Simulation_files\Project Backups\R7_R12_T04_METHOD_GENERATION_SHOT\TEST_R12_DOWN_PLUS_Y_T04_METHOD_DSN_ONLY_CDB_R4.pdsprj","D:\Coding\protuesgen\proteus_ic\donors\manual_downloads_20260611\AI for Proteus Simulation_files\Project Backups\R7_R12_T04_METHOD_GENERATION_SHOT\TEST_R12_DOWN_PLUS_Y_T04_METHOD_DSN_ONLY_CDB_R4.pdsprj","714FF1868D49829BE448A7A557058CFF225A8152CD61B78B834D0EE6E8711C8C","","11398"
"moved_to_manual_import","C:\Users\tahab\Downloads\AI for Proteus Simulation_files\Project Backups\R7_R12_T04_METHOD_GENERATION_SHOT\TEST_R7_DOWN_MINUS_Y_T04_METHOD_DSN_ONLY_CDB_R4.pdsprj","D:\Coding\protuesgen\proteus_ic\donors\manual_downloads_20260611\AI for Proteus Simulation_files\Project Backups\R7_R12_T04_METHOD_GENERATION_SHOT\TEST_R7_DOWN_MINUS_Y_T04_METHOD_DSN_ONLY_CDB_R4.pdsprj","63C83F955442DBEC0D905FB98486B04CAD81E169F47709644E097AD8EA0A6ECF","","11262"
"moved_to_manual_import","C:\Users\tahab\Downloads\AI for Proteus Simulation_files\Project Backups\R7_R12_T04_METHOD_GENERATION_SHOT\TEST_R7_DOWN_PLUS_Y_T04_METHOD_DSN_ONLY_CDB_R4.pdsprj","D:\Coding\protuesgen\proteus_ic\donors\manual_downloads_20260611\AI for Proteus Simulation_files\Project Backups\R7_R12_T04_METHOD_GENERATION_SHOT\TEST_R7_DOWN_PLUS_Y_T04_METHOD_DSN_ONLY_CDB_R4.pdsprj","5C72283F771CF139DE8452AAC50DC1B0B64FDFCFC355E1EEFE1A884EA89C4A2C","","11261"
"deleted_duplicate_in_experiments","C:\Users\tahab\Downloads\New folder\artifacts\proteus_v9_recovery\files\FINAL_R21_7PAR7_PLUS_7SERIES_E001_TERMINALS__CONTROL_E001_EMPTY_BASE.pdsprj","","74532BCB33FCC293DA833D13EB30E5FA1FEC7865EBB3793EED51602EC719781F","D:\Coding\protuesgen\experiments\source_passive_v8_compact_fixed_suffix_temp_2026_06_05\donors\e001_empty_base.pdsprj","10550"
"moved_to_manual_import","C:\Users\tahab\Downloads\New folder\artifacts\proteus_v9_recovery\files\FINAL_R21_7PAR7_PLUS_7SERIES_E001_TERMINALS__FINAL_E001_R21_7PAR7_PLUS_7SERIES_TERMINALS_CDB_TRUE_SAFE_VISIBLE.pdsprj","D:\Coding\protuesgen\proteus_ic\donors\manual_downloads_20260611\New folder\artifacts\proteus_v9_recovery\files\FINAL_R21_7PAR7_PLUS_7SERIES_E001_TERMINALS__FINAL_E001_R21_7PAR7_PLUS_7SERIES_TERMINALS_CDB_TRUE_SAFE_VISIBLE.pdsprj","F8EBDC1033CEECE34A97A4001CF5D61571EC290B97FDD06C6006E83214B716E6","","12480"
"moved_to_manual_import","C:\Users\tahab\Downloads\New folder\artifacts\proteus_v9_recovery\files\FINAL_R21_7PAR7_PLUS_7SERIES_E001_TERMINALS__OPTIONAL_E001_R21_7PAR7_PLUS_7SERIES_TERMINALS_TRUE_VISIBLE_VALUES.pdsprj","D:\Coding\protuesgen\proteus_ic\donors\manual_downloads_20260611\New folder\artifacts\proteus_v9_recovery\files\FINAL_R21_7PAR7_PLUS_7SERIES_E001_TERMINALS__OPTIONAL_E001_R21_7PAR7_PLUS_7SERIES_TERMINALS_TRUE_VISIBLE_VALUES.pdsprj","8FB10DDEAF7D168BFB623FEC62DCCED3A026B616AE64AC78EB88E0C035BE6E12","","12497"
"deleted_duplicate_in_experiments","C:\Users\tahab\Downloads\New folder\artifacts\proteus_v9_recovery\files\R21_E001_B02_ORDER_FIXED_GENERATION__CONTROL_E001_EMPTY_BASE.pdsprj","","74532BCB33FCC293DA833D13EB30E5FA1FEC7865EBB3793EED51602EC719781F","D:\Coding\protuesgen\experiments\source_passive_v8_compact_fixed_suffix_temp_2026_06_05\donors\e001_empty_base.pdsprj","10550"
"moved_to_manual_import","C:\Users\tahab\Downloads\New folder\artifacts\proteus_v9_recovery\files\R21_E001_B02_ORDER_FIXED_GENERATION__FINAL_B02_ORDER_R21_7PAR7_PLUS_7SERIES_TERMINALS.pdsprj","D:\Coding\protuesgen\proteus_ic\donors\manual_downloads_20260611\New folder\artifacts\proteus_v9_recovery\files\R21_E001_B02_ORDER_FIXED_GENERATION__FINAL_B02_ORDER_R21_7PAR7_PLUS_7SERIES_TERMINALS.pdsprj","DD15F193F0CDD3239143050A4988D6D9BA81174C0B893EC96D8C73A7370F4E6F","","12979"
"moved_to_manual_import","C:\Users\tahab\Downloads\New folder\artifacts\proteus_v9_recovery\files\R21_E001_B02_ORDER_FIXED_GENERATION__TEST_B02_ORDER_R1_TERMINAL_RESISTOR_TERMINAL.pdsprj","D:\Coding\protuesgen\proteus_ic\donors\manual_downloads_20260611\New folder\artifacts\proteus_v9_recovery\files\R21_E001_B02_ORDER_FIXED_GENERATION__TEST_B02_ORDER_R1_TERMINAL_RESISTOR_TERMINAL.pdsprj","B8899CCDCE5ECD70A05E606518E2637BD71ED744E1564866C0038F76DB81C676","","11112"
"moved_to_manual_import","C:\Users\tahab\Downloads\New folder\artifacts\proteus_v9_recovery\files\R21_E001_B02_ORDER_FIXED_GENERATION__TEST_B02_ORDER_R2_SERIES_TERMINALS.pdsprj","D:\Coding\protuesgen\proteus_ic\donors\manual_downloads_20260611\New folder\artifacts\proteus_v9_recovery\files\R21_E001_B02_ORDER_FIXED_GENERATION__TEST_B02_ORDER_R2_SERIES_TERMINALS.pdsprj","D4A90B1314FFE29760BAD39C479B56C79DBB53A8D34386108A97029F85D50D12","","11226"
"deleted_duplicate_in_experiments","C:\Users\tahab\Downloads\New folder\artifacts\proteus_v9_recovery\files\R21_E001_B02_ORDER_TERMINATOR_FIXED_GENERATION__CONTROL_E001_EMPTY_BASE.pdsprj","","74532BCB33FCC293DA833D13EB30E5FA1FEC7865EBB3793EED51602EC719781F","D:\Coding\protuesgen\experiments\source_passive_v8_compact_fixed_suffix_temp_2026_06_05\donors\e001_empty_base.pdsprj","10550"
"moved_to_manual_import","C:\Users\tahab\Downloads\New folder\artifacts\proteus_v9_recovery\files\R21_E001_B02_ORDER_TERMINATOR_FIXED_GENERATION__FINAL_B02_ORDER_R21_7PAR7_PLUS_7SERIES_TERMINALS.pdsprj","D:\Coding\protuesgen\proteus_ic\donors\manual_downloads_20260611\New folder\artifacts\proteus_v9_recovery\files\R21_E001_B02_ORDER_TERMINATOR_FIXED_GENERATION__FINAL_B02_ORDER_R21_7PAR7_PLUS_7SERIES_TERMINALS.pdsprj","A43737BBFA1CE088DF5F1C77285D95DD1A77081351310AA90B0914B261FE9D43","","12979"
"moved_to_manual_import","C:\Users\tahab\Downloads\New folder\artifacts\proteus_v9_recovery\files\R21_E001_B02_ORDER_TERMINATOR_FIXED_GENERATION__TEST_B02_ORDER_R1_TERMINAL_RESISTOR_TERMINAL.pdsprj","D:\Coding\protuesgen\proteus_ic\donors\manual_downloads_20260611\New folder\artifacts\proteus_v9_recovery\files\R21_E001_B02_ORDER_TERMINATOR_FIXED_GENERATION__TEST_B02_ORDER_R1_TERMINAL_RESISTOR_TERMINAL.pdsprj","1CB5D2F770D2850B9323104B35CE23F1C43CB01483C44EF64AEF5BD7DCBBFE72","","11113"
"moved_to_manual_import","C:\Users\tahab\Downloads\New folder\artifacts\proteus_v9_recovery\files\R21_E001_B02_ORDER_TERMINATOR_FIXED_GENERATION__TEST_B02_ORDER_R2_SERIES_TERMINALS.pdsprj","D:\Coding\protuesgen\proteus_ic\donors\manual_downloads_20260611\New folder\artifacts\proteus_v9_recovery\files\R21_E001_B02_ORDER_TERMINATOR_FIXED_GENERATION__TEST_B02_ORDER_R2_SERIES_TERMINALS.pdsprj","0FE50411BA92AA40E94A5168B5983F11016A887544B6F971EDCBBFE280CF86DA","","11226"
"deleted_duplicate_in_experiments","C:\Users\tahab\Downloads\New folder\artifacts\proteus_v9_recovery\files\R21_E001_B02_SUFFIX_LINKED_V8__CONTROL_E001_EMPTY_BASE.pdsprj","","74532BCB33FCC293DA833D13EB30E5FA1FEC7865EBB3793EED51602EC719781F","D:\Coding\protuesgen\experiments\source_passive_v8_compact_fixed_suffix_temp_2026_06_05\donors\e001_empty_base.pdsprj","10550"
"moved_to_manual_import","C:\Users\tahab\Downloads\New folder\artifacts\proteus_v9_recovery\files\R21_E001_B02_SUFFIX_LINKED_V8__FINAL_B02_LINKED_R21_7PAR7_PLUS_7SERIES_TERMINALS.pdsprj","D:\Coding\protuesgen\proteus_ic\donors\manual_downloads_20260611\New folder\artifacts\proteus_v9_recovery\files\R21_E001_B02_SUFFIX_LINKED_V8__FINAL_B02_LINKED_R21_7PAR7_PLUS_7SERIES_TERMINALS.pdsprj","60AC27708365A31F36A57641097C1995D2067A7776D150705DD24ED2C997EC9B","","13020"
"moved_to_manual_import","C:\Users\tahab\Downloads\New folder\artifacts\proteus_v9_recovery\files\R21_E001_B02_SUFFIX_LINKED_V8__TEST_B02_LINKED_R1_TERMINAL_RESISTOR_TERMINAL.pdsprj","D:\Coding\protuesgen\proteus_ic\donors\manual_downloads_20260611\New folder\artifacts\proteus_v9_recovery\files\R21_E001_B02_SUFFIX_LINKED_V8__TEST_B02_LINKED_R1_TERMINAL_RESISTOR_TERMINAL.pdsprj","8AA8125447AE06701966798F973B4F8114A85A0EE1F132A77EB84D06531D7EFC","","11112"
"moved_to_manual_import","C:\Users\tahab\Downloads\New folder\artifacts\proteus_v9_recovery\files\R21_E001_B02_SUFFIX_LINKED_V8__TEST_B02_LINKED_R2_SERIES_TERMINALS.pdsprj","D:\Coding\protuesgen\proteus_ic\donors\manual_downloads_20260611\New folder\artifacts\proteus_v9_recovery\files\R21_E001_B02_SUFFIX_LINKED_V8__TEST_B02_LINKED_R2_SERIES_TERMINALS.pdsprj","4BB0BBD905F94306FC78BACF20749D81278A24605C15439B332DFE6FBFF0B9C9","","11224"
"deleted_duplicate_in_experiments","C:\Users\tahab\Downloads\New folder\artifacts\proteus_v9_recovery\files\R21_E001_B02_V9_NO_PREMATURE_TERMINATORS__CONTROL_E001_EMPTY_BASE.pdsprj","","74532BCB33FCC293DA833D13EB30E5FA1FEC7865EBB3793EED51602EC719781F","D:\Coding\protuesgen\experiments\source_passive_v8_compact_fixed_suffix_temp_2026_06_05\donors\e001_empty_base.pdsprj","10550"
"moved_to_manual_import","C:\Users\tahab\Downloads\New folder\artifacts\proteus_v9_recovery\files\R21_E001_B02_V9_NO_PREMATURE_TERMINATORS__FINAL_B02_LINKED_R21_7PAR7_PLUS_7SERIES_TERMINALS.pdsprj","D:\Coding\protuesgen\proteus_ic\donors\manual_downloads_20260611\New folder\artifacts\proteus_v9_recovery\files\R21_E001_B02_V9_NO_PREMATURE_TERMINATORS__FINAL_B02_LINKED_R21_7PAR7_PLUS_7SERIES_TERMINALS.pdsprj","E5AE153C51A662EEB0F5AC5086306D56E471CA06BFDEB44F7CC415456A4DAE41","","13013"
"moved_to_manual_import","C:\Users\tahab\Downloads\New folder\artifacts\proteus_v9_recovery\files\R21_E001_B02_V9_NO_PREMATURE_TERMINATORS__TEST_B02_LINKED_R1_TERMINAL_RESISTOR_TERMINAL.pdsprj","D:\Coding\protuesgen\proteus_ic\donors\manual_downloads_20260611\New folder\artifacts\proteus_v9_recovery\files\R21_E001_B02_V9_NO_PREMATURE_TERMINATORS__TEST_B02_LINKED_R1_TERMINAL_RESISTOR_TERMINAL.pdsprj","B89057598DB25C30C867C705E0F5E4BAC53E0F581D62C4C10883E0CA664A73E5","","11112"
"moved_to_manual_import","C:\Users\tahab\Downloads\New folder\artifacts\proteus_v9_recovery\files\R21_E001_B02_V9_NO_PREMATURE_TERMINATORS__TEST_B02_LINKED_R2_SERIES_TERMINALS.pdsprj","D:\Coding\protuesgen\proteus_ic\donors\manual_downloads_20260611\New folder\artifacts\proteus_v9_recovery\files\R21_E001_B02_V9_NO_PREMATURE_TERMINATORS__TEST_B02_LINKED_R2_SERIES_TERMINALS.pdsprj","A956365B672B16EC3495639BA17B3C995D3C2728AA3C325831795CF5BA5B6E64","","11224"
"deleted_duplicate_in_experiments","C:\Users\tahab\Downloads\New folder\artifacts\proteus_v9_recovery\files\R21_E001_E019_GROUP_ORDER_GENERATION__CONTROL_E001_EMPTY_BASE.pdsprj","","74532BCB33FCC293DA833D13EB30E5FA1FEC7865EBB3793EED51602EC719781F","D:\Coding\protuesgen\experiments\source_passive_v8_compact_fixed_suffix_temp_2026_06_05\donors\e001_empty_base.pdsprj","10550"
"moved_to_manual_import","C:\Users\tahab\Downloads\New folder\artifacts\proteus_v9_recovery\files\R21_E001_E019_GROUP_ORDER_GENERATION__FINAL_E019_ORDER_R21_7PAR7_PLUS_7SERIES_TERMINALS.pdsprj","D:\Coding\protuesgen\proteus_ic\donors\manual_downloads_20260611\New folder\artifacts\proteus_v9_recovery\files\R21_E001_E019_GROUP_ORDER_GENERATION__FINAL_E019_ORDER_R21_7PAR7_PLUS_7SERIES_TERMINALS.pdsprj","326ED7FB208F95804903F6C6C782B97346F674F440DBBE3EDE2909E27AA866AD","","12951"
"moved_to_manual_import","C:\Users\tahab\Downloads\New folder\artifacts\proteus_v9_recovery\files\R21_E001_E019_GROUP_ORDER_GENERATION__TEST_E019_ORDER_R1_TERMINAL_RESISTOR_TERMINAL.pdsprj","D:\Coding\protuesgen\proteus_ic\donors\manual_downloads_20260611\New folder\artifacts\proteus_v9_recovery\files\R21_E001_E019_GROUP_ORDER_GENERATION__TEST_E019_ORDER_R1_TERMINAL_RESISTOR_TERMINAL.pdsprj","C046171B58D1C7B0FF5D3B75E79DB580F020DCB56552F46835E0B80226ACCD7C","","11110"
"moved_to_manual_import","C:\Users\tahab\Downloads\New folder\artifacts\proteus_v9_recovery\files\R21_E001_E019_GROUP_ORDER_GENERATION__TEST_E019_ORDER_R2_SERIES_TERMINALS.pdsprj","D:\Coding\protuesgen\proteus_ic\donors\manual_downloads_20260611\New folder\artifacts\proteus_v9_recovery\files\R21_E001_E019_GROUP_ORDER_GENERATION__TEST_E019_ORDER_R2_SERIES_TERMINALS.pdsprj","C05DCD7D2F568FB50A983E155B13645212CCB54A440B2A052171B498C773B392","","11222"
"deleted_duplicate_in_experiments","C:\Users\tahab\Downloads\New folder\artifacts\proteus_v9_recovery\files\R21_TERMINAL_NETWORK_V4_ORDER_SUFFIX_DIAGNOSTICS__CONTROL_E001_EMPTY_BASE.pdsprj","","74532BCB33FCC293DA833D13EB30E5FA1FEC7865EBB3793EED51602EC719781F","D:\Coding\protuesgen\experiments\source_passive_v8_compact_fixed_suffix_temp_2026_06_05\donors\e001_empty_base.pdsprj","10550"
"moved_to_manual_import","C:\Users\tahab\Downloads\New folder\artifacts\proteus_v9_recovery\files\R21_TERMINAL_NETWORK_V4_ORDER_SUFFIX_DIAGNOSTICS__TEST_R21_V4_ALL_INPUTS_OUTPUTS_THEN_RESISTORS_SUFFIX_KEEP_E0_TAIL.pdsprj","D:\Coding\protuesgen\proteus_ic\donors\manual_downloads_20260611\New folder\artifacts\proteus_v9_recovery\files\R21_TERMINAL_NETWORK_V4_ORDER_SUFFIX_DIAGNOSTICS__TEST_R21_V4_ALL_INPUTS_OUTPUTS_THEN_RESISTORS_SUFFIX_KEEP_E0_TAIL.pdsprj","F5BA75C179EA4182DAFF37C501E77A5B2A977043E0A661CDB509AA7576364C47","","12499"
"moved_to_manual_import","C:\Users\tahab\Downloads\New folder\artifacts\proteus_v9_recovery\files\R21_TERMINAL_NETWORK_V4_ORDER_SUFFIX_DIAGNOSTICS__TEST_R21_V4_ALL_INPUTS_OUTPUTS_THEN_RESISTORS_SUFFIX_KEEP_R4_TAIL.pdsprj","D:\Coding\protuesgen\proteus_ic\donors\manual_downloads_20260611\New folder\artifacts\proteus_v9_recovery\files\R21_TERMINAL_NETWORK_V4_ORDER_SUFFIX_DIAGNOSTICS__TEST_R21_V4_ALL_INPUTS_OUTPUTS_THEN_RESISTORS_SUFFIX_KEEP_R4_TAIL.pdsprj","F5BA75C179EA4182DAFF37C501E77A5B2A977043E0A661CDB509AA7576364C47","","12499"
"moved_to_manual_import","C:\Users\tahab\Downloads\New folder\artifacts\proteus_v9_recovery\files\R21_TERMINAL_NETWORK_V4_ORDER_SUFFIX_DIAGNOSTICS__TEST_R21_V4_ALL_INPUTS_OUTPUTS_THEN_RESISTORS_SUFFIX_UNIQUE_E0_TAIL.pdsprj","D:\Coding\protuesgen\proteus_ic\donors\manual_downloads_20260611\New folder\artifacts\proteus_v9_recovery\files\R21_TERMINAL_NETWORK_V4_ORDER_SUFFIX_DIAGNOSTICS__TEST_R21_V4_ALL_INPUTS_OUTPUTS_THEN_RESISTORS_SUFFIX_UNIQUE_E0_TAIL.pdsprj","B46F56CBBCF8B393AC02EAD99D557B9774B5833705D59EDA689BD0D00C02DFE8","","12563"
"moved_to_manual_import","C:\Users\tahab\Downloads\New folder\artifacts\proteus_v9_recovery\files\R21_TERMINAL_NETWORK_V4_ORDER_SUFFIX_DIAGNOSTICS__TEST_R21_V4_ALL_INPUTS_OUTPUTS_THEN_RESISTORS_SUFFIX_UNIQUE_R4_TAIL.pdsprj","D:\Coding\protuesgen\proteus_ic\donors\manual_downloads_20260611\New folder\artifacts\proteus_v9_recovery\files\R21_TERMINAL_NETWORK_V4_ORDER_SUFFIX_DIAGNOSTICS__TEST_R21_V4_ALL_INPUTS_OUTPUTS_THEN_RESISTORS_SUFFIX_UNIQUE_R4_TAIL.pdsprj","B46F56CBBCF8B393AC02EAD99D557B9774B5833705D59EDA689BD0D00C02DFE8","","12563"
"moved_to_manual_import","C:\Users\tahab\Downloads\New folder\artifacts\proteus_v9_recovery\files\R21_TERMINAL_NETWORK_V4_ORDER_SUFFIX_DIAGNOSTICS__TEST_R21_V4_ALL_INPUTS_OUTPUTS_THEN_RESISTORS_WIRES_SUFFIX_KEEP_E0_TAIL.pdsprj","D:\Coding\protuesgen\proteus_ic\donors\manual_downloads_20260611\New folder\artifacts\proteus_v9_recovery\files\R21_TERMINAL_NETWORK_V4_ORDER_SUFFIX_DIAGNOSTICS__TEST_R21_V4_ALL_INPUTS_OUTPUTS_THEN_RESISTORS_WIRES_SUFFIX_KEEP_E0_TAIL.pdsprj","6323954E9EE09E2EDA4B42ED6906EC4EE39D055A9EECFBD8B8DBE08B21920652","","12849"
"moved_to_manual_import","C:\Users\tahab\Downloads\New folder\artifacts\proteus_v9_recovery\files\R21_TERMINAL_NETWORK_V4_ORDER_SUFFIX_DIAGNOSTICS__TEST_R21_V4_ALL_INPUTS_OUTPUTS_THEN_RESISTORS_WIRES_SUFFIX_KEEP_R4_TAIL.pdsprj","D:\Coding\protuesgen\proteus_ic\donors\manual_downloads_20260611\New folder\artifacts\proteus_v9_recovery\files\R21_TERMINAL_NETWORK_V4_ORDER_SUFFIX_DIAGNOSTICS__TEST_R21_V4_ALL_INPUTS_OUTPUTS_THEN_RESISTORS_WIRES_SUFFIX_KEEP_R4_TAIL.pdsprj","6323954E9EE09E2EDA4B42ED6906EC4EE39D055A9EECFBD8B8DBE08B21920652","","12849"
"moved_to_manual_import","C:\Users\tahab\Downloads\New folder\artifacts\proteus_v9_recovery\files\R21_TERMINAL_NETWORK_V4_ORDER_SUFFIX_DIAGNOSTICS__TEST_R21_V4_ALL_INPUTS_OUTPUTS_THEN_RESISTORS_WIRES_SUFFIX_UNIQUE_E0_TAIL.pdsprj","D:\Coding\protuesgen\proteus_ic\donors\manual_downloads_20260611\New folder\artifacts\proteus_v9_recovery\files\R21_TERMINAL_NETWORK_V4_ORDER_SUFFIX_DIAGNOSTICS__TEST_R21_V4_ALL_INPUTS_OUTPUTS_THEN_RESISTORS_WIRES_SUFFIX_UNIQUE_E0_TAIL.pdsprj","AD22087056AA588AE373F02529B4063B5CE0D0FF76FD1E08C238AA1D4EBA4702","","12917"
"moved_to_manual_import","C:\Users\tahab\Downloads\New folder\artifacts\proteus_v9_recovery\files\R21_TERMINAL_NETWORK_V4_ORDER_SUFFIX_DIAGNOSTICS__TEST_R21_V4_ALL_INPUTS_OUTPUTS_THEN_RESISTORS_WIRES_SUFFIX_UNIQUE_R4_TAIL.pdsprj","D:\Coding\protuesgen\proteus_ic\donors\manual_downloads_20260611\New folder\artifacts\proteus_v9_recovery\files\R21_TERMINAL_NETWORK_V4_ORDER_SUFFIX_DIAGNOSTICS__TEST_R21_V4_ALL_INPUTS_OUTPUTS_THEN_RESISTORS_WIRES_SUFFIX_UNIQUE_R4_TAIL.pdsprj","AD22087056AA588AE373F02529B4063B5CE0D0FF76FD1E08C238AA1D4EBA4702","","12917"
"moved_to_manual_import","C:\Users\tahab\Downloads\New folder\artifacts\proteus_v9_recovery\files\R21_TERMINAL_NETWORK_V4_ORDER_SUFFIX_DIAGNOSTICS__TEST_R21_V4_RESISTORS_ONLY_SUFFIX_KEEP_E0_TAIL.pdsprj","D:\Coding\protuesgen\proteus_ic\donors\manual_downloads_20260611\New folder\artifacts\proteus_v9_recovery\files\R21_TERMINAL_NETWORK_V4_ORDER_SUFFIX_DIAGNOSTICS__TEST_R21_V4_RESISTORS_ONLY_SUFFIX_KEEP_E0_TAIL.pdsprj","83655FC2CCA0C029752867070FBBDE9A4387F7B6A042B8EE45A045D265DD7BFA","","11930"
"moved_to_manual_import","C:\Users\tahab\Downloads\New folder\artifacts\proteus_v9_recovery\files\R21_TERMINAL_NETWORK_V4_ORDER_SUFFIX_DIAGNOSTICS__TEST_R21_V4_RESISTORS_ONLY_SUFFIX_KEEP_R4_TAIL.pdsprj","D:\Coding\protuesgen\proteus_ic\donors\manual_downloads_20260611\New folder\artifacts\proteus_v9_recovery\files\R21_TERMINAL_NETWORK_V4_ORDER_SUFFIX_DIAGNOSTICS__TEST_R21_V4_RESISTORS_ONLY_SUFFIX_KEEP_R4_TAIL.pdsprj","83655FC2CCA0C029752867070FBBDE9A4387F7B6A042B8EE45A045D265DD7BFA","","11930"
"moved_to_manual_import","C:\Users\tahab\Downloads\New folder\artifacts\proteus_v9_recovery\files\R21_TERMINAL_NETWORK_V4_ORDER_SUFFIX_DIAGNOSTICS__TEST_R21_V4_TWO_TERMS_DONORCOORDS_THEN_RESISTORS_SUFFIX_KEEP_E0_TAIL.pdsprj","D:\Coding\protuesgen\proteus_ic\donors\manual_downloads_20260611\New folder\artifacts\proteus_v9_recovery\files\R21_TERMINAL_NETWORK_V4_ORDER_SUFFIX_DIAGNOSTICS__TEST_R21_V4_TWO_TERMS_DONORCOORDS_THEN_RESISTORS_SUFFIX_KEEP_E0_TAIL.pdsprj","B7DD34DE30F348BD3DC8EA09525561E98BC1033A77D76F8828429A5BDBB19DBA","","12008"
"moved_to_manual_import","C:\Users\tahab\Downloads\New folder\artifacts\proteus_v9_recovery\files\R21_TERMINAL_NETWORK_V4_ORDER_SUFFIX_DIAGNOSTICS__TEST_R21_V4_TWO_TERMS_DONORCOORDS_THEN_RESISTORS_SUFFIX_KEEP_R4_TAIL.pdsprj","D:\Coding\protuesgen\proteus_ic\donors\manual_downloads_20260611\New folder\artifacts\proteus_v9_recovery\files\R21_TERMINAL_NETWORK_V4_ORDER_SUFFIX_DIAGNOSTICS__TEST_R21_V4_TWO_TERMS_DONORCOORDS_THEN_RESISTORS_SUFFIX_KEEP_R4_TAIL.pdsprj","B7DD34DE30F348BD3DC8EA09525561E98BC1033A77D76F8828429A5BDBB19DBA","","12008"
"moved_to_manual_import","C:\Users\tahab\Downloads\New folder\artifacts\proteus_v9_recovery\files\R21_TERMINAL_NETWORK_V4_ORDER_SUFFIX_DIAGNOSTICS__TEST_R21_V4_TWO_TERMS_DONORCOORDS_THEN_RESISTORS_SUFFIX_UNIQUE_E0_TAIL.pdsprj","D:\Coding\protuesgen\proteus_ic\donors\manual_downloads_20260611\New folder\artifacts\proteus_v9_recovery\files\R21_TERMINAL_NETWORK_V4_ORDER_SUFFIX_DIAGNOSTICS__TEST_R21_V4_TWO_TERMS_DONORCOORDS_THEN_RESISTORS_SUFFIX_UNIQUE_E0_TAIL.pdsprj","1BDA20AA394C6AAD884FEA07DD5E2F5EFAE18CA06500E4191C40D24E6AB16F9F","","12008"
"moved_to_manual_import","C:\Users\tahab\Downloads\New folder\artifacts\proteus_v9_recovery\files\R21_TERMINAL_NETWORK_V4_ORDER_SUFFIX_DIAGNOSTICS__TEST_R21_V4_TWO_TERMS_DONORCOORDS_THEN_RESISTORS_SUFFIX_UNIQUE_R4_TAIL.pdsprj","D:\Coding\protuesgen\proteus_ic\donors\manual_downloads_20260611\New folder\artifacts\proteus_v9_recovery\files\R21_TERMINAL_NETWORK_V4_ORDER_SUFFIX_DIAGNOSTICS__TEST_R21_V4_TWO_TERMS_DONORCOORDS_THEN_RESISTORS_SUFFIX_UNIQUE_R4_TAIL.pdsprj","1BDA20AA394C6AAD884FEA07DD5E2F5EFAE18CA06500E4191C40D24E6AB16F9F","","12008"
"moved_to_manual_import","C:\Users\tahab\Downloads\New folder\artifacts\proteus_v9_recovery\files\R21_TERMINAL_NETWORK_V4_ORDER_SUFFIX_DIAGNOSTICS__TEST_R21_V4_TWO_TERMS_ORDERED_THEN_RESISTORS_SUFFIX_KEEP_E0_TAIL.pdsprj","D:\Coding\protuesgen\proteus_ic\donors\manual_downloads_20260611\New folder\artifacts\proteus_v9_recovery\files\R21_TERMINAL_NETWORK_V4_ORDER_SUFFIX_DIAGNOSTICS__TEST_R21_V4_TWO_TERMS_ORDERED_THEN_RESISTORS_SUFFIX_KEEP_E0_TAIL.pdsprj","B7DD34DE30F348BD3DC8EA09525561E98BC1033A77D76F8828429A5BDBB19DBA","","12008"
"moved_to_manual_import","C:\Users\tahab\Downloads\New folder\artifacts\proteus_v9_recovery\files\R21_TERMINAL_NETWORK_V4_ORDER_SUFFIX_DIAGNOSTICS__TEST_R21_V4_TWO_TERMS_ORDERED_THEN_RESISTORS_SUFFIX_KEEP_R4_TAIL.pdsprj","D:\Coding\protuesgen\proteus_ic\donors\manual_downloads_20260611\New folder\artifacts\proteus_v9_recovery\files\R21_TERMINAL_NETWORK_V4_ORDER_SUFFIX_DIAGNOSTICS__TEST_R21_V4_TWO_TERMS_ORDERED_THEN_RESISTORS_SUFFIX_KEEP_R4_TAIL.pdsprj","B7DD34DE30F348BD3DC8EA09525561E98BC1033A77D76F8828429A5BDBB19DBA","","12008"
"moved_to_manual_import","C:\Users\tahab\Downloads\New folder\artifacts\proteus_v9_recovery\files\R21_TERMINAL_NETWORK_V4_ORDER_SUFFIX_DIAGNOSTICS__TEST_R21_V4_TWO_TERMS_ORDERED_THEN_RESISTORS_SUFFIX_UNIQUE_E0_TAIL.pdsprj","D:\Coding\protuesgen\proteus_ic\donors\manual_downloads_20260611\New folder\artifacts\proteus_v9_recovery\files\R21_TERMINAL_NETWORK_V4_ORDER_SUFFIX_DIAGNOSTICS__TEST_R21_V4_TWO_TERMS_ORDERED_THEN_RESISTORS_SUFFIX_UNIQUE_E0_TAIL.pdsprj","1BDA20AA394C6AAD884FEA07DD5E2F5EFAE18CA06500E4191C40D24E6AB16F9F","","12008"
"moved_to_manual_import","C:\Users\tahab\Downloads\New folder\artifacts\proteus_v9_recovery\files\R21_TERMINAL_NETWORK_V4_ORDER_SUFFIX_DIAGNOSTICS__TEST_R21_V4_TWO_TERMS_ORDERED_THEN_RESISTORS_SUFFIX_UNIQUE_R4_TAIL.pdsprj","D:\Coding\protuesgen\proteus_ic\donors\manual_downloads_20260611\New folder\artifacts\proteus_v9_recovery\files\R21_TERMINAL_NETWORK_V4_ORDER_SUFFIX_DIAGNOSTICS__TEST_R21_V4_TWO_TERMS_ORDERED_THEN_RESISTORS_SUFFIX_UNIQUE_R4_TAIL.pdsprj","1BDA20AA394C6AAD884FEA07DD5E2F5EFAE18CA06500E4191C40D24E6AB16F9F","","12008"
"deleted_duplicate_in_experiments","C:\Users\tahab\Downloads\New folder\artifacts\proteus_v9_recovery\files\R21_TERMINAL_NETWORK_V5_CORRECT_OBJECT_BOUNDARIES__CONTROL_E001_EMPTY_BASE.pdsprj","","74532BCB33FCC293DA833D13EB30E5FA1FEC7865EBB3793EED51602EC719781F","D:\Coding\protuesgen\experiments\source_passive_v8_compact_fixed_suffix_temp_2026_06_05\donors\e001_empty_base.pdsprj","10550"
"moved_to_manual_import","C:\Users\tahab\Downloads\New folder\artifacts\proteus_v9_recovery\files\R21_TERMINAL_NETWORK_V5_CORRECT_OBJECT_BOUNDARIES__TEST_R21_V5_ALL_TERMS_THEN_RESISTORS_E0_TAIL.pdsprj","D:\Coding\protuesgen\proteus_ic\donors\manual_downloads_20260611\New folder\artifacts\proteus_v9_recovery\files\R21_TERMINAL_NETWORK_V5_CORRECT_OBJECT_BOUNDARIES__TEST_R21_V5_ALL_TERMS_THEN_RESISTORS_E0_TAIL.pdsprj","368E1C4E422A194980B46CFDD63EA89B7B4D4DD139404833F70FD069379C8DB8","","12496"
"moved_to_manual_import","C:\Users\tahab\Downloads\New folder\artifacts\proteus_v9_recovery\files\R21_TERMINAL_NETWORK_V5_CORRECT_OBJECT_BOUNDARIES__TEST_R21_V5_ALL_TERMS_THEN_RESISTORS_R4_TAIL.pdsprj","D:\Coding\protuesgen\proteus_ic\donors\manual_downloads_20260611\New folder\artifacts\proteus_v9_recovery\files\R21_TERMINAL_NETWORK_V5_CORRECT_OBJECT_BOUNDARIES__TEST_R21_V5_ALL_TERMS_THEN_RESISTORS_R4_TAIL.pdsprj","368E1C4E422A194980B46CFDD63EA89B7B4D4DD139404833F70FD069379C8DB8","","12496"
"moved_to_manual_import","C:\Users\tahab\Downloads\New folder\artifacts\proteus_v9_recovery\files\R21_TERMINAL_NETWORK_V5_CORRECT_OBJECT_BOUNDARIES__TEST_R21_V5_ALL_TERMS_THEN_RESISTORS_WIRES_E0_TAIL.pdsprj","D:\Coding\protuesgen\proteus_ic\donors\manual_downloads_20260611\New folder\artifacts\proteus_v9_recovery\files\R21_TERMINAL_NETWORK_V5_CORRECT_OBJECT_BOUNDARIES__TEST_R21_V5_ALL_TERMS_THEN_RESISTORS_WIRES_E0_TAIL.pdsprj","A51595B15F8BF8C6356BD83D8425C5E95EBA5E73DA76EE1536AD6BF8B3330650","","12851"
"moved_to_manual_import","C:\Users\tahab\Downloads\New folder\artifacts\proteus_v9_recovery\files\R21_TERMINAL_NETWORK_V5_CORRECT_OBJECT_BOUNDARIES__TEST_R21_V5_ALL_TERMS_THEN_RESISTORS_WIRES_R4_TAIL.pdsprj","D:\Coding\protuesgen\proteus_ic\donors\manual_downloads_20260611\New folder\artifacts\proteus_v9_recovery\files\R21_TERMINAL_NETWORK_V5_CORRECT_OBJECT_BOUNDARIES__TEST_R21_V5_ALL_TERMS_THEN_RESISTORS_WIRES_R4_TAIL.pdsprj","A51595B15F8BF8C6356BD83D8425C5E95EBA5E73DA76EE1536AD6BF8B3330650","","12851"
"moved_to_manual_import","C:\Users\tahab\Downloads\New folder\artifacts\proteus_v9_recovery\files\R21_TERMINAL_NETWORK_V5_CORRECT_OBJECT_BOUNDARIES__TEST_R21_V5_RESISTORS_ONLY_CORRECT_BOUNDARY_E0_TAIL.pdsprj","D:\Coding\protuesgen\proteus_ic\donors\manual_downloads_20260611\New folder\artifacts\proteus_v9_recovery\files\R21_TERMINAL_NETWORK_V5_CORRECT_OBJECT_BOUNDARIES__TEST_R21_V5_RESISTORS_ONLY_CORRECT_BOUNDARY_E0_TAIL.pdsprj","2A553A82E47BD1F30A752E568119B2DA0320CABCB3C4C12197D32509DEC104D8","","11930"
"moved_to_manual_import","C:\Users\tahab\Downloads\New folder\artifacts\proteus_v9_recovery\files\R21_TERMINAL_NETWORK_V5_CORRECT_OBJECT_BOUNDARIES__TEST_R21_V5_TWO_TERMS_DONORBYTES_THEN_RESISTORS_E0_TAIL.pdsprj","D:\Coding\protuesgen\proteus_ic\donors\manual_downloads_20260611\New folder\artifacts\proteus_v9_recovery\files\R21_TERMINAL_NETWORK_V5_CORRECT_OBJECT_BOUNDARIES__TEST_R21_V5_TWO_TERMS_DONORBYTES_THEN_RESISTORS_E0_TAIL.pdsprj","7A1EAE25D5A4D666B99D1AB6E2F40568681F4B901E00A2A2C9235B7647A22284","","12006"
"moved_to_manual_import","C:\Users\tahab\Downloads\New folder\artifacts\proteus_v9_recovery\files\R21_TERMINAL_NETWORK_V5_CORRECT_OBJECT_BOUNDARIES__TEST_R21_V5_TWO_TERMS_DONORBYTES_THEN_RESISTORS_R4_TAIL.pdsprj","D:\Coding\protuesgen\proteus_ic\donors\manual_downloads_20260611\New folder\artifacts\proteus_v9_recovery\files\R21_TERMINAL_NETWORK_V5_CORRECT_OBJECT_BOUNDARIES__TEST_R21_V5_TWO_TERMS_DONORBYTES_THEN_RESISTORS_R4_TAIL.pdsprj","7A1EAE25D5A4D666B99D1AB6E2F40568681F4B901E00A2A2C9235B7647A22284","","12006"
"moved_to_manual_import","C:\Users\tahab\Downloads\New folder\artifacts\proteus_v9_recovery\files\R21_TERMINAL_NETWORK_V5_CORRECT_OBJECT_BOUNDARIES__TEST_R21_V5_TWO_TERMS_PATCHED_THEN_RESISTORS_E0_TAIL.pdsprj","D:\Coding\protuesgen\proteus_ic\donors\manual_downloads_20260611\New folder\artifacts\proteus_v9_recovery\files\R21_TERMINAL_NETWORK_V5_CORRECT_OBJECT_BOUNDARIES__TEST_R21_V5_TWO_TERMS_PATCHED_THEN_RESISTORS_E0_TAIL.pdsprj","BDD044B5F5DDD0F834A06C0B11D7C86695D2A10C36EE00D54DA32C295292711C","","12007"
"moved_to_manual_import","C:\Users\tahab\Downloads\New folder\artifacts\proteus_v9_recovery\files\R21_TERMINAL_NETWORK_V5_CORRECT_OBJECT_BOUNDARIES__TEST_R21_V5_TWO_TERMS_PATCHED_THEN_RESISTORS_R4_TAIL.pdsprj","D:\Coding\protuesgen\proteus_ic\donors\manual_downloads_20260611\New folder\artifacts\proteus_v9_recovery\files\R21_TERMINAL_NETWORK_V5_CORRECT_OBJECT_BOUNDARIES__TEST_R21_V5_TWO_TERMS_PATCHED_THEN_RESISTORS_R4_TAIL.pdsprj","BDD044B5F5DDD0F834A06C0B11D7C86695D2A10C36EE00D54DA32C295292711C","","12007"
"moved_to_manual_import","C:\Users\tahab\Downloads\New folder\artifacts\proteus_v9_recovery\files\R21_TERMINAL_NETWORK_V5_CORRECT_OBJECT_BOUNDARIES__TEST_R21_V5_TWO_TERMS_PATCHED_THEN_RESISTORS_SUFFIX_UNIQUE_E0_TAIL.pdsprj","D:\Coding\protuesgen\proteus_ic\donors\manual_downloads_20260611\New folder\artifacts\proteus_v9_recovery\files\R21_TERMINAL_NETWORK_V5_CORRECT_OBJECT_BOUNDARIES__TEST_R21_V5_TWO_TERMS_PATCHED_THEN_RESISTORS_SUFFIX_UNIQUE_E0_TAIL.pdsprj","4EFCEFB43999486D18725F48AEAAA6E70E09001B8D072837718954B9DE99E9B2","","12008"
"deleted_duplicate_in_experiments","C:\Users\tahab\Downloads\New folder\artifacts\proteus_v9_recovery\files\R21_TERMINAL_NETWORK_V6_FIXED_TERMINAL_LABEL_PATCH__CONTROL_E001_EMPTY_BASE.pdsprj","","74532BCB33FCC293DA833D13EB30E5FA1FEC7865EBB3793EED51602EC719781F","D:\Coding\protuesgen\experiments\source_passive_v8_compact_fixed_suffix_temp_2026_06_05\donors\e001_empty_base.pdsprj","10550"
"moved_to_manual_import","C:\Users\tahab\Downloads\New folder\artifacts\proteus_v9_recovery\files\R21_TERMINAL_NETWORK_V6_FIXED_TERMINAL_LABEL_PATCH__TEST_R21_V6_ALL_TERMS_FIXED_LABELPATCH_KEEP_NO_WIRES_E0_TAIL.pdsprj","D:\Coding\protuesgen\proteus_ic\donors\manual_downloads_20260611\New folder\artifacts\proteus_v9_recovery\files\R21_TERMINAL_NETWORK_V6_FIXED_TERMINAL_LABEL_PATCH__TEST_R21_V6_ALL_TERMS_FIXED_LABELPATCH_KEEP_NO_WIRES_E0_TAIL.pdsprj","C2EAED66FDCEF5F3D3B8428A3897576DEDBC20DF2ACD192EABD592FD218F0F6C","","12482"
"moved_to_manual_import","C:\Users\tahab\Downloads\New folder\artifacts\proteus_v9_recovery\files\R21_TERMINAL_NETWORK_V6_FIXED_TERMINAL_LABEL_PATCH__TEST_R21_V6_ALL_TERMS_FIXED_LABELPATCH_KEEP_WITH_WIRES_E0_TAIL.pdsprj","D:\Coding\protuesgen\proteus_ic\donors\manual_downloads_20260611\New folder\artifacts\proteus_v9_recovery\files\R21_TERMINAL_NETWORK_V6_FIXED_TERMINAL_LABEL_PATCH__TEST_R21_V6_ALL_TERMS_FIXED_LABELPATCH_KEEP_WITH_WIRES_E0_TAIL.pdsprj","A7C9399B3D7C0EF39044C11C0CBEB9A9A9B60371931243130E595992120FD97B","","12837"
"moved_to_manual_import","C:\Users\tahab\Downloads\New folder\artifacts\proteus_v9_recovery\files\R21_TERMINAL_NETWORK_V6_FIXED_TERMINAL_LABEL_PATCH__TEST_R21_V6_ALL_TERMS_FIXED_LABELPATCH_UNIQUE_NO_WIRES_E0_TAIL.pdsprj","D:\Coding\protuesgen\proteus_ic\donors\manual_downloads_20260611\New folder\artifacts\proteus_v9_recovery\files\R21_TERMINAL_NETWORK_V6_FIXED_TERMINAL_LABEL_PATCH__TEST_R21_V6_ALL_TERMS_FIXED_LABELPATCH_UNIQUE_NO_WIRES_E0_TAIL.pdsprj","9C626A2C6710C400B487884FE4A90ED750601A6BABF9328B814C55FF9A4DA240","","12544"
"moved_to_manual_import","C:\Users\tahab\Downloads\New folder\artifacts\proteus_v9_recovery\files\R21_TERMINAL_NETWORK_V6_FIXED_TERMINAL_LABEL_PATCH__TEST_R21_V6_ALL_TERMS_FIXED_LABELPATCH_UNIQUE_WITH_WIRES_E0_TAIL.pdsprj","D:\Coding\protuesgen\proteus_ic\donors\manual_downloads_20260611\New folder\artifacts\proteus_v9_recovery\files\R21_TERMINAL_NETWORK_V6_FIXED_TERMINAL_LABEL_PATCH__TEST_R21_V6_ALL_TERMS_FIXED_LABELPATCH_UNIQUE_WITH_WIRES_E0_TAIL.pdsprj","25D5E55F7C673BFCBFBA3A5BD2C0B59C5FCEEEB0C42E4628C6CB366ACFA65CF6","","12900"
"moved_to_manual_import","C:\Users\tahab\Downloads\New folder\artifacts\proteus_v9_recovery\files\R21_TERMINAL_NETWORK_V6_FIXED_TERMINAL_LABEL_PATCH__TEST_R21_V6_RESISTORS_ONLY_BASELINE_E0_TAIL.pdsprj","D:\Coding\protuesgen\proteus_ic\donors\manual_downloads_20260611\New folder\artifacts\proteus_v9_recovery\files\R21_TERMINAL_NETWORK_V6_FIXED_TERMINAL_LABEL_PATCH__TEST_R21_V6_RESISTORS_ONLY_BASELINE_E0_TAIL.pdsprj","859E041B8A21154BF38A1E859B92C85F6483C0C234ED3C2E0444D2E7D0B251C5","","11930"
"moved_to_manual_import","C:\Users\tahab\Downloads\New folder\artifacts\proteus_v9_recovery\files\R21_TERMINAL_NETWORK_V6_FIXED_TERMINAL_LABEL_PATCH__TEST_R21_V6_TWO_TERMS_B6_M0_FIXED_LABELPATCH_E0_TAIL.pdsprj","D:\Coding\protuesgen\proteus_ic\donors\manual_downloads_20260611\New folder\artifacts\proteus_v9_recovery\files\R21_TERMINAL_NETWORK_V6_FIXED_TERMINAL_LABEL_PATCH__TEST_R21_V6_TWO_TERMS_B6_M0_FIXED_LABELPATCH_E0_TAIL.pdsprj","DD3D3BE23AEAFD3B6A9BA644052949E09408ECC97A3E1E8DAB8BC751EB0C7F62","","12003"
"moved_to_manual_import","C:\Users\tahab\Downloads\New folder\artifacts\proteus_v9_recovery\files\R21_TERMINAL_NETWORK_V6_FIXED_TERMINAL_LABEL_PATCH__TEST_R21_V6_TWO_TERMS_N0_A1_FIXED_LABELPATCH_E0_TAIL.pdsprj","D:\Coding\protuesgen\proteus_ic\donors\manual_downloads_20260611\New folder\artifacts\proteus_v9_recovery\files\R21_TERMINAL_NETWORK_V6_FIXED_TERMINAL_LABEL_PATCH__TEST_R21_V6_TWO_TERMS_N0_A1_FIXED_LABELPATCH_E0_TAIL.pdsprj","D99A8A885E3CE6EA85E4742551CF0493AF363031C07C87667A7EDBB402BDAC67","","12007"
"deleted_duplicate_in_experiments","C:\Users\tahab\Downloads\New folder\artifacts\proteus_v9_recovery\files\R21_TERMINAL_RESISTOR_FINAL_CHECKS_V7_E001__CONTROL_E001_EMPTY_BASE.pdsprj","","74532BCB33FCC293DA833D13EB30E5FA1FEC7865EBB3793EED51602EC719781F","D:\Coding\protuesgen\experiments\source_passive_v8_compact_fixed_suffix_temp_2026_06_05\donors\e001_empty_base.pdsprj","10550"
"moved_to_manual_import","C:\Users\tahab\Downloads\New folder\artifacts\proteus_v9_recovery\files\R21_TERMINAL_RESISTOR_FINAL_CHECKS_V7_E001__TEST_V7_R1_RESISTOR_ONLY_E001_BASELINE.pdsprj","D:\Coding\protuesgen\proteus_ic\donors\manual_downloads_20260611\New folder\artifacts\proteus_v9_recovery\files\R21_TERMINAL_RESISTOR_FINAL_CHECKS_V7_E001__TEST_V7_R1_RESISTOR_ONLY_E001_BASELINE.pdsprj","F468958F7AFD00A23D18FD608DD0B5E293CC0FF061E6F92D322B086F34C0EEBB","","11002"
"moved_to_manual_import","C:\Users\tahab\Downloads\New folder\artifacts\proteus_v9_recovery\files\R21_TERMINAL_RESISTOR_FINAL_CHECKS_V7_E001__TEST_V7_R1_TERMINALS_CONTACT_TIP_NO_WIRES.pdsprj","D:\Coding\protuesgen\proteus_ic\donors\manual_downloads_20260611\New folder\artifacts\proteus_v9_recovery\files\R21_TERMINAL_RESISTOR_FINAL_CHECKS_V7_E001__TEST_V7_R1_TERMINALS_CONTACT_TIP_NO_WIRES.pdsprj","E952E141EDAF9F1208CB3BDF08CE962FDFF35E6752C02388F96A360BB43776D5","","11079"
"moved_to_manual_import","C:\Users\tahab\Downloads\New folder\artifacts\proteus_v9_recovery\files\R21_TERMINAL_RESISTOR_FINAL_CHECKS_V7_E001__TEST_V7_R1_TERMINALS_OLD_SPACING_NO_WIRES.pdsprj","D:\Coding\protuesgen\proteus_ic\donors\manual_downloads_20260611\New folder\artifacts\proteus_v9_recovery\files\R21_TERMINAL_RESISTOR_FINAL_CHECKS_V7_E001__TEST_V7_R1_TERMINALS_OLD_SPACING_NO_WIRES.pdsprj","A901F3C117C453D9C231DF51734355C0BB887C48EAD56F65BE1D403F335EB395","","11078"
"moved_to_manual_import","C:\Users\tahab\Downloads\New folder\artifacts\proteus_v9_recovery\files\R21_TERMINAL_RESISTOR_FINAL_CHECKS_V7_E001__TEST_V7_R1_TERMINALS_SYMBOL_ON_PIN_NO_WIRES.pdsprj","D:\Coding\protuesgen\proteus_ic\donors\manual_downloads_20260611\New folder\artifacts\proteus_v9_recovery\files\R21_TERMINAL_RESISTOR_FINAL_CHECKS_V7_E001__TEST_V7_R1_TERMINALS_SYMBOL_ON_PIN_NO_WIRES.pdsprj","B3F39D57CE84CBFE77913C0E9A15B34227C9E860F4530215E61559899A912AA7","","11074"
"moved_to_manual_import","C:\Users\tahab\Downloads\New folder\artifacts\proteus_v9_recovery\files\R21_TERMINAL_RESISTOR_FINAL_CHECKS_V7_E001__TEST_V7_R2_SERIES_TERMINALS_CONTACT_TIP_INTERLEAVED_NO_WIRES.pdsprj","D:\Coding\protuesgen\proteus_ic\donors\manual_downloads_20260611\New folder\artifacts\proteus_v9_recovery\files\R21_TERMINAL_RESISTOR_FINAL_CHECKS_V7_E001__TEST_V7_R2_SERIES_TERMINALS_CONTACT_TIP_INTERLEAVED_NO_WIRES.pdsprj","D168B07CB7664C7042F1A15075CC2344EDE9609AFE610735B41E6245A1287CCF","","11166"
"moved_to_manual_import","C:\Users\tahab\Downloads\New folder\artifacts\proteus_v9_recovery\files\R21_TERMINAL_RESISTOR_FINAL_CHECKS_V7_E001__TEST_V7_R2_SERIES_TERMINALS_CONTACT_TIP_NO_WIRES.pdsprj","D:\Coding\protuesgen\proteus_ic\donors\manual_downloads_20260611\New folder\artifacts\proteus_v9_recovery\files\R21_TERMINAL_RESISTOR_FINAL_CHECKS_V7_E001__TEST_V7_R2_SERIES_TERMINALS_CONTACT_TIP_NO_WIRES.pdsprj","A3F3FF3C99878E8B407F02922C582E3BDC7FBA653720FFF6F6E9F379C94E706A","","11163"
"moved_to_manual_import","C:\Users\tahab\Downloads\New folder\artifacts\proteus_v9_recovery\files\R21_TERMINAL_RESISTOR_FINAL_CHECKS_V7_E001__TEST_V7_R21_EXPERIMENTAL_TRUE_VISIBLE_VALUES_CONTACT_TIP_NO_WIRES.pdsprj","D:\Coding\protuesgen\proteus_ic\donors\manual_downloads_20260611\New folder\artifacts\proteus_v9_recovery\files\R21_TERMINAL_RESISTOR_FINAL_CHECKS_V7_E001__TEST_V7_R21_EXPERIMENTAL_TRUE_VISIBLE_VALUES_CONTACT_TIP_NO_WIRES.pdsprj","4CD4D9C603151F4C22937B88055FFA7C21E6F07FF0A71819D2978C7A76A5F5B5","","12550"
"moved_to_manual_import","C:\Users\tahab\Downloads\New folder\artifacts\proteus_v9_recovery\files\R21_TERMINAL_RESISTOR_FINAL_CHECKS_V7_E001__TEST_V7_R21_FINAL_CONTACT_TIP_INTERLEAVED_NO_WIRES_SAFE_VALUES.pdsprj","D:\Coding\protuesgen\proteus_ic\donors\manual_downloads_20260611\New folder\artifacts\proteus_v9_recovery\files\R21_TERMINAL_RESISTOR_FINAL_CHECKS_V7_E001__TEST_V7_R21_FINAL_CONTACT_TIP_INTERLEAVED_NO_WIRES_SAFE_VALUES.pdsprj","FE25FEB3FEFE3F935FDF4E438B68534A4AB4364B6E74825FE63126312683A535","","12608"
"moved_to_manual_import","C:\Users\tahab\Downloads\New folder\artifacts\proteus_v9_recovery\files\R21_TERMINAL_RESISTOR_FINAL_CHECKS_V7_E001__TEST_V7_R21_FINAL_CONTACT_TIP_TERMS_FIRST_NO_WIRES_SAFE_VALUES.pdsprj","D:\Coding\protuesgen\proteus_ic\donors\manual_downloads_20260611\New folder\artifacts\proteus_v9_recovery\files\R21_TERMINAL_RESISTOR_FINAL_CHECKS_V7_E001__TEST_V7_R21_FINAL_CONTACT_TIP_TERMS_FIRST_NO_WIRES_SAFE_VALUES.pdsprj","E6AFA6E63F9CE9E5ED02191175F4B363091D5C8B5C338DC4DC917BE8CD82BD31","","12547"
"moved_to_manual_import","C:\Users\tahab\Downloads\New folder\artifacts\proteus_v9_recovery\files\R21_TERMINAL_RESISTOR_FINAL_CHECKS_V7_E001__TEST_V7_R21_RESISTORS_ONLY_E001_BASELINE.pdsprj","D:\Coding\protuesgen\proteus_ic\donors\manual_downloads_20260611\New folder\artifacts\proteus_v9_recovery\files\R21_TERMINAL_RESISTOR_FINAL_CHECKS_V7_E001__TEST_V7_R21_RESISTORS_ONLY_E001_BASELINE.pdsprj","519B148AC3381366135D5D96FA65165AF6351057623626ACC9159FE329B8FD02","","11923"
"moved_to_manual_import","C:\Users\tahab\Downloads\New folder (2)\CAP_T01_SINGLE_CAPACITOR_1uF.pdsprj","D:\Coding\protuesgen\proteus_ic\donors\manual_downloads_20260611\New folder (2)\CAP_T01_SINGLE_CAPACITOR_1uF.pdsprj","8427B2E10BC4729F85279B4357384DF5A7C9A903C4A0F41533CF8B50E0F99D98","","10981"
"moved_to_manual_import","C:\Users\tahab\Downloads\New folder (2)\CAP_T02_CAPACITOR_BETWEEN_TWO_TERMINALS.pdsprj","D:\Coding\protuesgen\proteus_ic\donors\manual_downloads_20260611\New folder (2)\CAP_T02_CAPACITOR_BETWEEN_TWO_TERMINALS.pdsprj","8A5C4DC42DE9D8BD5279FC16282F2B3667C5E94ABBD1BAA10186EFE98D6A2710","","11095"
"moved_to_manual_import","C:\Users\tahab\Downloads\New folder (2)\CAP_T03_RESISTOR_CAPACITOR_SERIES.pdsprj","D:\Coding\protuesgen\proteus_ic\donors\manual_downloads_20260611\New folder (2)\CAP_T03_RESISTOR_CAPACITOR_SERIES.pdsprj","93C4C1784F394617A721820BF122791BA12160603D67111A0D8F850AAAEC883C","","11228"
"moved_to_manual_import","C:\Users\tahab\Downloads\New folder (2)\CAP_T04_POWER_CAPACITOR_GROUND.pdsprj","D:\Coding\protuesgen\proteus_ic\donors\manual_downloads_20260611\New folder (2)\CAP_T04_POWER_CAPACITOR_GROUND.pdsprj","10587102DF61A979E78E47C077C8514289B505C14C96892324C5B881A904FFEE","","11289"
"deleted_duplicate_in_experiments","C:\Users\tahab\Downloads\New folder (2)\CONTROL_E001_EMPTY_BASE.pdsprj","","3F6D521B7CD77B4AD9211D9F68858FCA0521CF25B9F1E2C331C50E6AEC733761","D:\Coding\protuesgen\experiments\source_passive_v7_fixed_file_controls_temp_2026_06_05\donors\e001_empty_base.pdsprj","10549"
"moved_to_manual_import","C:\Users\tahab\Downloads\New folder (2)\New folder\CAP_V3_T01_EXACT_T02_REPRODUCTION_GUARD\CAP_V3_T01_EXACT_T02_REPRODUCTION_GUARD.pdsprj","D:\Coding\protuesgen\proteus_ic\donors\manual_downloads_20260611\New folder (2)\New folder\CAP_V3_T01_EXACT_T02_REPRODUCTION_GUARD\CAP_V3_T01_EXACT_T02_REPRODUCTION_GUARD.pdsprj","2D19B32E221CD3A1132EE5F0AA872B43C86F4E2D8EA28F9225AAABEF413427B4","","11212"
"deleted_duplicate_in_experiments","C:\Users\tahab\Downloads\New folder (2)\New folder\CAP_V3_T01_EXACT_T02_REPRODUCTION_GUARD\CONTROL_E001_EMPTY_BASE.pdsprj","","3F6D521B7CD77B4AD9211D9F68858FCA0521CF25B9F1E2C331C50E6AEC733761","D:\Coding\protuesgen\experiments\source_passive_v7_fixed_file_controls_temp_2026_06_05\donors\e001_empty_base.pdsprj","10549"
"moved_to_manual_import","C:\Users\tahab\Downloads\New folder (2)\New folder\CAP_V3_T02_TWO_CAP_SERIES_SEQUENTIAL_GROUPS\CAP_V3_T02_TWO_CAP_SERIES_SEQUENTIAL_GROUPS.pdsprj","D:\Coding\protuesgen\proteus_ic\donors\manual_downloads_20260611\New folder (2)\New folder\CAP_V3_T02_TWO_CAP_SERIES_SEQUENTIAL_GROUPS\CAP_V3_T02_TWO_CAP_SERIES_SEQUENTIAL_GROUPS.pdsprj","9F58E0C85893110A543BCBFA925394C31BC71F7B15290691AABF82A4A6100E3D","","11327"
"deleted_duplicate_in_experiments","C:\Users\tahab\Downloads\New folder (2)\New folder\CAP_V3_T02_TWO_CAP_SERIES_SEQUENTIAL_GROUPS\CONTROL_E001_EMPTY_BASE.pdsprj","","3F6D521B7CD77B4AD9211D9F68858FCA0521CF25B9F1E2C331C50E6AEC733761","D:\Coding\protuesgen\experiments\source_passive_v7_fixed_file_controls_temp_2026_06_05\donors\e001_empty_base.pdsprj","10549"
"moved_to_manual_import","C:\Users\tahab\Downloads\New folder (2)\New folder\CAP_V3_T03_6C_SAME_TOPOLOGY_AS_6R\CAP_V3_T03_6C_SAME_TOPOLOGY_AS_6R.pdsprj","D:\Coding\protuesgen\proteus_ic\donors\manual_downloads_20260611\New folder (2)\New folder\CAP_V3_T03_6C_SAME_TOPOLOGY_AS_6R\CAP_V3_T03_6C_SAME_TOPOLOGY_AS_6R.pdsprj","1CBF9E0833F2239E134C58BCEE687E8EE5ECF4F26324973235C29C3EF4BD3D26","","11746"
"deleted_duplicate_in_experiments","C:\Users\tahab\Downloads\New folder (2)\New folder\CAP_V3_T03_6C_SAME_TOPOLOGY_AS_6R\CONTROL_E001_EMPTY_BASE.pdsprj","","3F6D521B7CD77B4AD9211D9F68858FCA0521CF25B9F1E2C331C50E6AEC733761","D:\Coding\protuesgen\experiments\source_passive_v7_fixed_file_controls_temp_2026_06_05\donors\e001_empty_base.pdsprj","10549"
"moved_to_manual_import","C:\Users\tahab\Downloads\New folder (2)\New folder\CAP_V3_T04_21C_SAME_TOPOLOGY_AS_R21\CAP_V3_T04_21C_SAME_TOPOLOGY_AS_R21.pdsprj","D:\Coding\protuesgen\proteus_ic\donors\manual_downloads_20260611\New folder (2)\New folder\CAP_V3_T04_21C_SAME_TOPOLOGY_AS_R21\CAP_V3_T04_21C_SAME_TOPOLOGY_AS_R21.pdsprj","7005565710D41B6FA0BC9900725E542947F9B500CA2607EE64E84E61433BDBBB","","13074"
"deleted_duplicate_in_experiments","C:\Users\tahab\Downloads\New folder (2)\New folder\CAP_V3_T04_21C_SAME_TOPOLOGY_AS_R21\CONTROL_E001_EMPTY_BASE.pdsprj","","3F6D521B7CD77B4AD9211D9F68858FCA0521CF25B9F1E2C331C50E6AEC733761","D:\Coding\protuesgen\experiments\source_passive_v7_fixed_file_controls_temp_2026_06_05\donors\e001_empty_base.pdsprj","10549"
"deleted_duplicate_in_experiments","C:\Users\tahab\Downloads\New folder (3)\2x dc_current_01_default.pdsprj","","609BE0D9E1DF2CBCFD34D0261A82CB5D16458597A3C1100141EF962CFEE5CE06","D:\Coding\protuesgen\experiments\dc_sources_v1_temp_2026_06_03\donors\2x_dc_current_01_default.pdsprj","11103"
"deleted_duplicate_in_experiments","C:\Users\tahab\Downloads\New folder (3)\2x dc_voltage_01_default_10v.pdsprj","","F02E257AFFE4FB06A3B422BBD0CC9B5FD192F7D4F229EEE9D19D47D6BDFC6C1E","D:\Coding\protuesgen\experiments\dc_sources_v1_temp_2026_06_03\donors\2x_dc_voltage_01_default_10v.pdsprj","11099"
"deleted_duplicate_in_experiments","C:\Users\tahab\Downloads\New folder (3)\2x dc_voltage_02_variant_5v.pdsprj","","7026E766D93DAACC023E1E298E9749D71029BE8013D4BBF899B808CAAD563B27","D:\Coding\protuesgen\experiments\dc_sources_v1_temp_2026_06_03\donors\2x_dc_voltage_02_variant_5v.pdsprj","11095"
"deleted_duplicate_in_experiments","C:\Users\tahab\Downloads\New folder (3)\4x dc_current_01_default.pdsprj","","ABFA1D8B19717ED3218726A62CA580B9FA38A39046C9AEC4E9DEC421E62715CE","D:\Coding\protuesgen\experiments\dc_sources_v1_temp_2026_06_03\donors\4x_dc_current_01_default.pdsprj","11316"
"deleted_duplicate_in_experiments","C:\Users\tahab\Downloads\New folder (3)\4x dc_voltage_01_default_10v.pdsprj","","4F6FDC972D6E3A5D3B702E27CEECFC4FD58BBD16CBD38551AEFDEC0C29A880A7","D:\Coding\protuesgen\experiments\dc_mixed_sources_v1_requested5_temp_2026_06_04\donors\4x_dc_voltage_10v.pdsprj","11310"
"deleted_duplicate_in_experiments","C:\Users\tahab\Downloads\New folder (3)\4x dc_voltage_02_variant_5v.pdsprj","","6AF87D0047C0FD0B1D51B6299691134D24D5E8DEED33EF49B48AE33359FB1978","D:\Coding\protuesgen\experiments\dc_sources_v1_temp_2026_06_03\donors\4x_dc_voltage_02_variant_5v.pdsprj","11306"
"deleted_duplicate_in_experiments","C:\Users\tahab\Downloads\New folder (3)\dc_current_01_default.pdsprj","","AA97A7A969DD3E23AEAAB462D1D026F418A90307DB04D02E740DBAD2F702A5D1","D:\Coding\protuesgen\experiments\dc_current_v11_dcv_style_devices_temp_2026_06_03\donors\dc_current_01_default.pdsprj","10992"
"deleted_duplicate_in_experiments","C:\Users\tahab\Downloads\New folder (3)\dc_current_03_resistor_load.pdsprj","","46662FD9B0F6A4B6CAAE2C9DA38AADF2A54D792A90B7308E7E2C0CB6B0491E77","D:\Coding\protuesgen\experiments\dc_current_v10_anchor_terminals_temp_2026_06_03\donors\dc_current_03_resistor_load.pdsprj","11274"
"deleted_duplicate_in_experiments","C:\Users\tahab\Downloads\New folder (3)\dc_voltage_01_default_10v.pdsprj","","4A5015B56681B6FE926DAC8100E092895112B519B1C62730667FD02CC709105D","D:\Coding\protuesgen\experiments\dc_current_v12_manual_testing_study_temp_2026_06_03\donors\dc_voltage_01_default_10v.pdsprj","10978"
"deleted_duplicate_in_experiments","C:\Users\tahab\Downloads\New folder (3)\dc_voltage_02_variant_5v.pdsprj","","1959310FA26BBBA8571CBEFDC3D907862CC82AB060479A168E4A5DFC819B0AA4","D:\Coding\protuesgen\experiments\dc_sources_v1_temp_2026_06_03\donors\dc_voltage_02_variant_5v.pdsprj","10978"
"deleted_duplicate_in_experiments","C:\Users\tahab\Downloads\New folder (3)\dc_voltage_03_resistor_load.pdsprj","","16D63987927F2AF704AEE767430048FCC5C1F9B46F96DFED2F4FE188934A2005","D:\Coding\protuesgen\experiments\dc_sources_v1_temp_2026_06_03\donors\dc_voltage_03_resistor_load.pdsprj","11274"
"moved_to_manual_import","C:\Users\tahab\Downloads\New folder (3)\Project Backups\2x dc_voltage_01_default_10v [20260603, 07-39-50].pdsprj","D:\Coding\protuesgen\proteus_ic\donors\manual_downloads_20260611\New folder (3)\Project Backups\2x dc_voltage_01_default_10v [20260603, 07-39-50].pdsprj","BDA46F2539CF0A2CA7B119E03B65F0C6BDE16A3A7223190883B40D697C54B6C9","","11095"
"moved_to_manual_import","C:\Users\tahab\Downloads\New folder (3)\Project Backups\4x dc_voltage_01_default_10v [20260603, 07-40-29].pdsprj","D:\Coding\protuesgen\proteus_ic\donors\manual_downloads_20260611\New folder (3)\Project Backups\4x dc_voltage_01_default_10v [20260603, 07-40-29].pdsprj","96C28D1B5CB665549C61E3A499DB32AC907A34EF0BDAF71DBFFFB595A9954662","","11299"
"moved_to_manual_import","C:\Users\tahab\Downloads\New folder (5)\2_IC_HC08_M01_ALL4_IO.pdsprj","D:\Coding\protuesgen\proteus_ic\donors\manual_downloads_20260611\New folder (5)\2_IC_HC08_M01_ALL4_IO.pdsprj","7F16B469D7DAEE80F2152B955DD7E704A69AD27AC84CC6DC2F6C6D85EFF3D49C","","12143"
"moved_to_manual_import","C:\Users\tahab\Downloads\New folder (5)\4_IC_HC08_M01_ALL4_IO.pdsprj","D:\Coding\protuesgen\proteus_ic\donors\manual_downloads_20260611\New folder (5)\4_IC_HC08_M01_ALL4_IO.pdsprj","2AAB8BA26D3746C9540171B1DF39A60D943F2F4902FF0EC8003C0C74488812BE","","12984"
"moved_to_manual_import","C:\Users\tahab\Downloads\New folder (5)\IC_HC08_M01_ALL4_IO.pdsprj","D:\Coding\protuesgen\proteus_ic\donors\manual_downloads_20260611\New folder (5)\IC_HC08_M01_ALL4_IO.pdsprj","4D5654AB0CFE7181BF546591AFA3D14465C6A2E976873948942E7DF61627418B","","11704"
"moved_to_manual_import","C:\Users\tahab\Downloads\New folder (5)\IC_HC08_M02_TWO_PACKAGES_IO.pdsprj","D:\Coding\protuesgen\proteus_ic\donors\manual_downloads_20260611\New folder (5)\IC_HC08_M02_TWO_PACKAGES_IO.pdsprj","66CF3EBBBE30FF663BEBAD52E2B54D21BAAF157509CA8601898BC7A411FC9598","","11475"
"moved_to_manual_import","C:\Users\tahab\Downloads\New folder (5)\IC_HC08_M03_TRUTH_TABLE_PG.pdsprj","D:\Coding\protuesgen\proteus_ic\donors\manual_downloads_20260611\New folder (5)\IC_HC08_M03_TRUTH_TABLE_PG.pdsprj","E1D99EC63940E8B49BCF8CDC85A859378619626A3197AB4AC94D9949F034DF1C","","11819"
"moved_to_manual_import","C:\Users\tahab\Downloads\New folder (5)\IC_HC08_M04_RCL_LOAD.pdsprj","D:\Coding\protuesgen\proteus_ic\donors\manual_downloads_20260611\New folder (5)\IC_HC08_M04_RCL_LOAD.pdsprj","C6477CC53AE2A8B52C536276553894FE0C39C626FBBB357E144359FABDEED2A7","","12487"
"moved_to_manual_import","C:\Users\tahab\Downloads\New folder (5)\IC_HC32_M01_ONE_GATE_IO.pdsprj","D:\Coding\protuesgen\proteus_ic\donors\manual_downloads_20260611\New folder (5)\IC_HC32_M01_ONE_GATE_IO.pdsprj","71AC32BE3AE7A411BED400BD3FB6742B597CC39D11ABD8A280B5835406C29095","","11312"
"moved_to_manual_import","C:\Users\tahab\Downloads\New folder (5)\IC_HC32_M02_ALL4_IO.pdsprj","D:\Coding\protuesgen\proteus_ic\donors\manual_downloads_20260611\New folder (5)\IC_HC32_M02_ALL4_IO.pdsprj","EFB4C3824CB1D0708C74726CE15BE0D7DEC5D0335C2645A3CF4BDFF97E5B3112","","11743"
"moved_to_manual_import","C:\Users\tahab\Downloads\New folder (5)\Project Backups\IC_HC08_M02_TWO_PACKAGES_IO [Autosaved].pdsprj","D:\Coding\protuesgen\proteus_ic\donors\manual_downloads_20260611\New folder (5)\Project Backups\IC_HC08_M02_TWO_PACKAGES_IO [Autosaved].pdsprj","EE97AEEC2E1B9EF7A63D7CA68A0073A5AC35693304C5AA9227BA1F272BD9587C","","11897"
"moved_to_manual_import","C:\Users\tahab\Downloads\New folder (5)\Project Backups\IC_HC08_M03_TRUTH_TABLE_PG [Autosaved].pdsprj","D:\Coding\protuesgen\proteus_ic\donors\manual_downloads_20260611\New folder (5)\Project Backups\IC_HC08_M03_TRUTH_TABLE_PG [Autosaved].pdsprj","183163FED696B09F30C4694E9C8913809D9CA794CF3C70FD9B9E477F45BD5B51","","12017"
"moved_to_manual_import","C:\Users\tahab\Downloads\New folder (6)\2X_ALLL_ICS_ALL4_RLC.pdsprj","D:\Coding\protuesgen\proteus_ic\donors\manual_downloads_20260611\New folder (6)\2X_ALLL_ICS_ALL4_RLC.pdsprj","CE56D4D1FC2431B6A07082CF041A1BFA0126AD6DD51EA7D743B20D930F329D4D","","18848"
"moved_to_manual_import","C:\Users\tahab\Downloads\New folder (6)\2X_ALLL_ICS_ALL4.pdsprj","D:\Coding\protuesgen\proteus_ic\donors\manual_downloads_20260611\New folder (6)\2X_ALLL_ICS_ALL4.pdsprj","17599FAB78E187FF9E440EAB95D530660423419BB9424DA5A5A40E06CF491122","","17575"
"moved_to_manual_import","C:\Users\tahab\Downloads\New folder (6)\ALLL_ICS_ALL4_RLC.pdsprj","D:\Coding\protuesgen\proteus_ic\donors\manual_downloads_20260611\New folder (6)\ALLL_ICS_ALL4_RLC.pdsprj","542F3EBE12FC7F44C530D3055637F000B6BAF0C2FBAA40FD44FCCABE1100BA46","","16029"
"moved_to_manual_import","C:\Users\tahab\Downloads\New folder (6)\ALLL_ICS_ALL4.pdsprj","D:\Coding\protuesgen\proteus_ic\donors\manual_downloads_20260611\New folder (6)\ALLL_ICS_ALL4.pdsprj","4C2CC994C83408B94105D7B69D91237F099052028802FDF22CEFCCBEFD1D1621","","14849"
"moved_to_manual_import","C:\Users\tahab\Downloads\New folder (6)\IC_74HC00_M01_ONE_GATE_IO.pdsprj","D:\Coding\protuesgen\proteus_ic\donors\manual_downloads_20260611\New folder (6)\IC_74HC00_M01_ONE_GATE_IO.pdsprj","39E0AED710199E6EA2E04EC0929BFEDA92593BB464B19CC0083307BF80438C71","","11311"
"moved_to_manual_import","C:\Users\tahab\Downloads\New folder (6)\IC_74HC00_M02_ALL4_IO.pdsprj","D:\Coding\protuesgen\proteus_ic\donors\manual_downloads_20260611\New folder (6)\IC_74HC00_M02_ALL4_IO.pdsprj","F47C4492044A36F450627A4768B3973290FAE8A9FEEF1E65C36195C96DD20D37","","11727"
"moved_to_manual_import","C:\Users\tahab\Downloads\New folder (6)\IC_74HC00_M03_TWO_PACKAGES_IO.pdsprj","D:\Coding\protuesgen\proteus_ic\donors\manual_downloads_20260611\New folder (6)\IC_74HC00_M03_TWO_PACKAGES_IO.pdsprj","8A399F78570430D7747E0EC9E73839716B984570C57F568B928CE50B51ED2861","","11859"
"moved_to_manual_import","C:\Users\tahab\Downloads\New folder (6)\IC_74HC00_M04_LOGIC_CONSTANTS_PG.pdsprj","D:\Coding\protuesgen\proteus_ic\donors\manual_downloads_20260611\New folder (6)\IC_74HC00_M04_LOGIC_CONSTANTS_PG.pdsprj","4F4262C4C7B85C327740F088436C7741671885E82DD4A2C58896122B0FE189CA","","11847"
"moved_to_manual_import","C:\Users\tahab\Downloads\New folder (6)\IC_74HC00_M05_RCL_LOAD.pdsprj","D:\Coding\protuesgen\proteus_ic\donors\manual_downloads_20260611\New folder (6)\IC_74HC00_M05_RCL_LOAD.pdsprj","A3FFFA6C9F59F7E7AEE4487059563AE09ACC0CDFD148CA83A23ED6DFC2F58560","","12958"
"moved_to_manual_import","C:\Users\tahab\Downloads\New folder (6)\IC_74HC02_M01_ONE_GATE_IO.pdsprj","D:\Coding\protuesgen\proteus_ic\donors\manual_downloads_20260611\New folder (6)\IC_74HC02_M01_ONE_GATE_IO.pdsprj","EB6BB78EAC52782930E67EBE4206FC5CCDE921A25DE5898E444A22293616C459","","11377"
"moved_to_manual_import","C:\Users\tahab\Downloads\New folder (6)\IC_74HC02_M02_ALL4_IO.pdsprj","D:\Coding\protuesgen\proteus_ic\donors\manual_downloads_20260611\New folder (6)\IC_74HC02_M02_ALL4_IO.pdsprj","02B6CB86B760FB00EBB94EB67190E243E4DDC50CE946E42F1BB20786E00FD316","","11803"
"moved_to_manual_import","C:\Users\tahab\Downloads\New folder (6)\IC_74HC02_M03_TWO_PACKAGES_IO.pdsprj","D:\Coding\protuesgen\proteus_ic\donors\manual_downloads_20260611\New folder (6)\IC_74HC02_M03_TWO_PACKAGES_IO.pdsprj","9781AA0C3A6075F529D5D3834AE00C83302999D1C26B0AE087B73CC095D0891D","","12335"
"moved_to_manual_import","C:\Users\tahab\Downloads\New folder (6)\IC_74HC02_M04_LOGIC_CONSTANTS_PG.pdsprj","D:\Coding\protuesgen\proteus_ic\donors\manual_downloads_20260611\New folder (6)\IC_74HC02_M04_LOGIC_CONSTANTS_PG.pdsprj","5CD8411085441E1612B83348FBFF00D64698858A9AFF7AA5369A3A1831289CD7","","11891"
"moved_to_manual_import","C:\Users\tahab\Downloads\New folder (6)\IC_74HC02_M05_RCL_LOAD.pdsprj","D:\Coding\protuesgen\proteus_ic\donors\manual_downloads_20260611\New folder (6)\IC_74HC02_M05_RCL_LOAD.pdsprj","94EAA8D49831D93FD6FEF3D781032016B2EA3B098D2A8E36920266844E074B17","","12992"
"moved_to_manual_import","C:\Users\tahab\Downloads\New folder (6)\IC_74HC04_M01_ONE_GATE_IO.pdsprj","D:\Coding\protuesgen\proteus_ic\donors\manual_downloads_20260611\New folder (6)\IC_74HC04_M01_ONE_GATE_IO.pdsprj","C39983DD32FF3CC5F791AB2F49D01BFA169EF14A4E33F83CD86616AFA602C2F6","","11099"
"moved_to_manual_import","C:\Users\tahab\Downloads\New folder (6)\IC_74HC04_M02_ALL6_IO.pdsprj","D:\Coding\protuesgen\proteus_ic\donors\manual_downloads_20260611\New folder (6)\IC_74HC04_M02_ALL6_IO.pdsprj","D23159EDCE3B82B0D3FEC2030E0777C5EFA82EE21C98D86F5E254855ED4953EF","","11343"
"moved_to_manual_import","C:\Users\tahab\Downloads\New folder (6)\IC_74HC04_M03_TWO_PACKAGES_IO.pdsprj","D:\Coding\protuesgen\proteus_ic\donors\manual_downloads_20260611\New folder (6)\IC_74HC04_M03_TWO_PACKAGES_IO.pdsprj","6E986BF8E7B8D31B49BF2D4037F8309B2C8317B5D2838BCE0D93F1D6EB17BCC5","","11578"
"moved_to_manual_import","C:\Users\tahab\Downloads\New folder (6)\IC_74HC04_M04_LOGIC_CONSTANTS_PG.pdsprj","D:\Coding\protuesgen\proteus_ic\donors\manual_downloads_20260611\New folder (6)\IC_74HC04_M04_LOGIC_CONSTANTS_PG.pdsprj","29496A69C982029A89A8A22ACE41AA2728118F0DAB63BD5F63D156CF3515B5B3","","11722"
"moved_to_manual_import","C:\Users\tahab\Downloads\New folder (6)\IC_74HC04_M05_RCL_LOAD.pdsprj","D:\Coding\protuesgen\proteus_ic\donors\manual_downloads_20260611\New folder (6)\IC_74HC04_M05_RCL_LOAD.pdsprj","F1711C4C67758D5B3B46CCE90D5B31A351C064A770A79D1B6A1E7F492030DFB3","","12923"
"moved_to_manual_import","C:\Users\tahab\Downloads\New folder (6)\IC_74HC266_M01_ONE_GATE_IO.pdsprj","D:\Coding\protuesgen\proteus_ic\donors\manual_downloads_20260611\New folder (6)\IC_74HC266_M01_ONE_GATE_IO.pdsprj","E0F698AFBBC733F44938129F816E4CEA4A3AE35007ADAE89D68241C2C05F585C","","11415"
"moved_to_manual_import","C:\Users\tahab\Downloads\New folder (6)\IC_74HC266_M02_ALL4_IO.pdsprj","D:\Coding\protuesgen\proteus_ic\donors\manual_downloads_20260611\New folder (6)\IC_74HC266_M02_ALL4_IO.pdsprj","172E38CAA03A3E9DE487B9688A7A8CB7407CCBEDDD2BDFBB392BF7809EFF3C0A","","11840"
"moved_to_manual_import","C:\Users\tahab\Downloads\New folder (6)\IC_74HC266_M03_TWO_PACKAGES_IO.pdsprj","D:\Coding\protuesgen\proteus_ic\donors\manual_downloads_20260611\New folder (6)\IC_74HC266_M03_TWO_PACKAGES_IO.pdsprj","C962161582B1E834EB58B6757C97C1DA81E7BB53307A0CB84A2176CB45B83D27","","12396"
"moved_to_manual_import","C:\Users\tahab\Downloads\New folder (6)\IC_74HC266_M04_LOGIC_CONSTANTS_PG.pdsprj","D:\Coding\protuesgen\proteus_ic\donors\manual_downloads_20260611\New folder (6)\IC_74HC266_M04_LOGIC_CONSTANTS_PG.pdsprj","E392599F3D0D3384CAAFF603D2DF1EDD4ED3897BDBA2318C8F2E0FF4AB6F702F","","11934"
"moved_to_manual_import","C:\Users\tahab\Downloads\New folder (6)\IC_74HC266_M05_RCL_LOAD.pdsprj","D:\Coding\protuesgen\proteus_ic\donors\manual_downloads_20260611\New folder (6)\IC_74HC266_M05_RCL_LOAD.pdsprj","7AC5FFC85F614F8025F9A5F34EFB812C2530967625277CE733CC0345694A13CE","","13034"
"moved_to_manual_import","C:\Users\tahab\Downloads\New folder (6)\IC_74HC86_M01_ONE_GATE_IO.pdsprj","D:\Coding\protuesgen\proteus_ic\donors\manual_downloads_20260611\New folder (6)\IC_74HC86_M01_ONE_GATE_IO.pdsprj","D18B5041C6B4B2162708D7AC0239EB5E3D8C6CC53E54CCC4074E1587C88F3252","","11425"
"moved_to_manual_import","C:\Users\tahab\Downloads\New folder (6)\IC_74HC86_M02_ALL4_IO.pdsprj","D:\Coding\protuesgen\proteus_ic\donors\manual_downloads_20260611\New folder (6)\IC_74HC86_M02_ALL4_IO.pdsprj","F260B97E5C544F9B705A530D5D0ACF1C3885B34B0659424669C751E044AC2D31","","11845"
"moved_to_manual_import","C:\Users\tahab\Downloads\New folder (6)\IC_74HC86_M03_TWO_PACKAGES_IO.pdsprj","D:\Coding\protuesgen\proteus_ic\donors\manual_downloads_20260611\New folder (6)\IC_74HC86_M03_TWO_PACKAGES_IO.pdsprj","B630913A75276C475D41297C9EAA27983E2397ABD21D134BEFE741CD6E662BDE","","12483"
"moved_to_manual_import","C:\Users\tahab\Downloads\New folder (6)\IC_74HC86_M04_LOGIC_CONSTANTS_PG.pdsprj","D:\Coding\protuesgen\proteus_ic\donors\manual_downloads_20260611\New folder (6)\IC_74HC86_M04_LOGIC_CONSTANTS_PG.pdsprj","114C347446A34536D6AE0D5C247DC5F33AD2358B5C7B595B02C17D5FD488213F","","11952"
"moved_to_manual_import","C:\Users\tahab\Downloads\New folder (6)\IC_74HC86_M05_RCL_LOAD.pdsprj","D:\Coding\protuesgen\proteus_ic\donors\manual_downloads_20260611\New folder (6)\IC_74HC86_M05_RCL_LOAD.pdsprj","75F65D92CB401BF8C8160C99E5C6FED73FBC834F2DB9ABF4C626199698DA77B4","","13040"
"moved_to_manual_import","C:\Users\tahab\Downloads\New folder (6)\Project Backups\IC_74HC02_M01_ONE_GATE_IO [Autosaved].pdsprj","D:\Coding\protuesgen\proteus_ic\donors\manual_downloads_20260611\New folder (6)\Project Backups\IC_74HC02_M01_ONE_GATE_IO [Autosaved].pdsprj","5114AA5273B892B91BFC709505410C5BA1F029FC1CB220592898C9D1CA36264C","","12410"
"moved_to_manual_import","C:\Users\tahab\Downloads\New folder (6)\Project Backups\IC_74HC04_M03_TWO_PACKAGES_IO [Autosaved].pdsprj","D:\Coding\protuesgen\proteus_ic\donors\manual_downloads_20260611\New folder (6)\Project Backups\IC_74HC04_M03_TWO_PACKAGES_IO [Autosaved].pdsprj","E80874439559C775600673094D18C731F70846D344EDC1D4893C301CF7EB1114","","11787"
"moved_to_manual_import","C:\Users\tahab\Downloads\New folder (7)\2_LM741.pdsprj","D:\Coding\protuesgen\proteus_ic\donors\manual_downloads_20260611\New folder (7)\2_LM741.pdsprj","EFF27EE86E9160FA2691537DA0677DC18AE1B83657880B5912E507D3D116A728","","11674"
"moved_to_manual_import","C:\Users\tahab\Downloads\New folder (7)\2_NE555.pdsprj","D:\Coding\protuesgen\proteus_ic\donors\manual_downloads_20260611\New folder (7)\2_NE555.pdsprj","F6FEB112F146DE248A49CF519A4C6509465EB281656ED9DD09D0CA05CAAFB1BB","","11599"
"moved_to_manual_import","C:\Users\tahab\Downloads\New folder (7)\2_NE555WITHRLC.pdsprj","D:\Coding\protuesgen\proteus_ic\donors\manual_downloads_20260611\New folder (7)\2_NE555WITHRLC.pdsprj","3351003B886F531C9FA87B73C6303CCFCD86563A1C46A950CE8EAD650C7F6804","","12826"
"moved_to_manual_import","C:\Users\tahab\Downloads\New folder (7)\2_NPN.pdsprj","D:\Coding\protuesgen\proteus_ic\donors\manual_downloads_20260611\New folder (7)\2_NPN.pdsprj","95B392D2191B707CE68D7EDCD541EF60FB9FF232E7CD2D6FDB2F06ED59AB4597","","11845"
"moved_to_manual_import","C:\Users\tahab\Downloads\New folder (7)\2_PNP.pdsprj","D:\Coding\protuesgen\proteus_ic\donors\manual_downloads_20260611\New folder (7)\2_PNP.pdsprj","F650CBEA7DDF0EE87F8125D30675285D5F6B386D9E9E6112200895E80B088FEE","","11847"
"moved_to_manual_import","C:\Users\tahab\Downloads\New folder (7)\2ELEC-CAP.pdsprj","D:\Coding\protuesgen\proteus_ic\donors\manual_downloads_20260611\New folder (7)\2ELEC-CAP.pdsprj","373811DC4A2122BF3C8DD58152EF7F1639A3903989DF43DE5A83628B21CE45F2","","11212"
"moved_to_manual_import","C:\Users\tahab\Downloads\New folder (7)\4_LM741.pdsprj","D:\Coding\protuesgen\proteus_ic\donors\manual_downloads_20260611\New folder (7)\4_LM741.pdsprj","CDC680AB451084B4E2B7958A40C53438C0E38E4B2F4325D68CFC8D9D11BB8141","","12141"
"moved_to_manual_import","C:\Users\tahab\Downloads\New folder (7)\4_LM741withRLC.pdsprj","D:\Coding\protuesgen\proteus_ic\donors\manual_downloads_20260611\New folder (7)\4_LM741withRLC.pdsprj","2BBBBBBA070887B092D08E0DD95F37EAFC04EC0A344A59C7C6FED4F64C8F1B3F","","13335"
"moved_to_manual_import","C:\Users\tahab\Downloads\New folder (7)\4_NPN.pdsprj","D:\Coding\protuesgen\proteus_ic\donors\manual_downloads_20260611\New folder (7)\4_NPN.pdsprj","F2F9B5FCEB6F551B2F209B79F38EECBB304558029ABE8957541DEDC58CFADBAF","","12078"
"moved_to_manual_import","C:\Users\tahab\Downloads\New folder (7)\4_NPNwithRLC.pdsprj","D:\Coding\protuesgen\proteus_ic\donors\manual_downloads_20260611\New folder (7)\4_NPNwithRLC.pdsprj","9ECC70296ACDC43542DA6AE2DBB16ADC53C005A14D4A39EDDE8A20567C6570B7","","13231"
"moved_to_manual_import","C:\Users\tahab\Downloads\New folder (7)\4_PNP.pdsprj","D:\Coding\protuesgen\proteus_ic\donors\manual_downloads_20260611\New folder (7)\4_PNP.pdsprj","7C5035E7614530F397DAFBD318EAC42B22936D8598186A4DE77ECD4F7C812D9B","","12076"
"moved_to_manual_import","C:\Users\tahab\Downloads\New folder (7)\4_PNPwithRLC.pdsprj","D:\Coding\protuesgen\proteus_ic\donors\manual_downloads_20260611\New folder (7)\4_PNPwithRLC.pdsprj","69655457E6F37251190ECE7F019F080F6865A24A4B894A62A62CA595570518FD","","13260"
"moved_to_manual_import","C:\Users\tahab\Downloads\New folder (7)\4ELEC-CAP.pdsprj","D:\Coding\protuesgen\proteus_ic\donors\manual_downloads_20260611\New folder (7)\4ELEC-CAP.pdsprj","33B29360B31A6C23FC544F8224BDC04E8C36A9F9CE867B0E8889B241F6FCB0A8","","11447"
"moved_to_manual_import","C:\Users\tahab\Downloads\New folder (7)\8ELEC-CAP.pdsprj","D:\Coding\protuesgen\proteus_ic\donors\manual_downloads_20260611\New folder (7)\8ELEC-CAP.pdsprj","6EE1E70BACA939EAAF3561F5388E8FF961A43CC138D29BE711B4FEE217653749","","11803"
"moved_to_manual_import","C:\Users\tahab\Downloads\New folder (7)\8ELEC-CAPWITHRLC.pdsprj","D:\Coding\protuesgen\proteus_ic\donors\manual_downloads_20260611\New folder (7)\8ELEC-CAPWITHRLC.pdsprj","93EA946EEAFD50117973A0D39E0EB766933E708084C5521F9208F6F8ACF4EA05","","12889"
"moved_to_manual_import","C:\Users\tahab\Downloads\New folder (7)\ELEC-CAP.pdsprj","D:\Coding\protuesgen\proteus_ic\donors\manual_downloads_20260611\New folder (7)\ELEC-CAP.pdsprj","1BCEAA58CA127470EDE2BC3360667927A8D05237B030AA0F4E066F2EDC64A2F7","","11103"
"moved_to_manual_import","C:\Users\tahab\Downloads\New folder (7)\LM741.pdsprj","D:\Coding\protuesgen\proteus_ic\donors\manual_downloads_20260611\New folder (7)\LM741.pdsprj","63420A859D14F3E090991FFB361A307DA0ADABEC5DDB37A45759F180A7073B96","","11449"
"moved_to_manual_import","C:\Users\tahab\Downloads\New folder (7)\NE555.pdsprj","D:\Coding\protuesgen\proteus_ic\donors\manual_downloads_20260611\New folder (7)\NE555.pdsprj","59FEF2F75C7E4191DE46D3CE44544E873B7A19A09F7C059CB523A76ED1B7F4A0","","11322"
"moved_to_manual_import","C:\Users\tahab\Downloads\New folder (7)\NPN.pdsprj","D:\Coding\protuesgen\proteus_ic\donors\manual_downloads_20260611\New folder (7)\NPN.pdsprj","FFCBCF427978FCE1A3EB83AB3914FF58F15719F906F7FDCB1A1F0DB114192F7C","","11719"
"moved_to_manual_import","C:\Users\tahab\Downloads\New folder (7)\PNP.pdsprj","D:\Coding\protuesgen\proteus_ic\donors\manual_downloads_20260611\New folder (7)\PNP.pdsprj","70A17257535E724281C86E8CCC2D0B3E9CEE7549F58DD79316E1E2CA86B2BF44","","11724"
"moved_to_manual_import","C:\Users\tahab\Downloads\New folder (8)\157 283 165 595 85 cap_elecap_resistor_ind_lm741_NPN_PNP.pdsprj","D:\Coding\protuesgen\proteus_ic\donors\manual_downloads_20260611\New folder (8)\157 283 165 595 85 cap_elecap_resistor_ind_lm741_NPN_PNP.pdsprj","6B80894AA777B384F3A1017F02191BF5E17583B357BD87A3DAE9E4831B34D157","","17819"
"moved_to_manual_import","C:\Users\tahab\Downloads\New folder (8)\cap_elecap_resistor_ind_lm741_NPN_PNP.pdsprj","D:\Coding\protuesgen\proteus_ic\donors\manual_downloads_20260611\New folder (8)\cap_elecap_resistor_ind_lm741_NPN_PNP.pdsprj","52439541B17689CE3AD71FE02064A2A90177921929D50246F13B2FC247D052FA","","13335"
"moved_to_manual_import","C:\Users\tahab\Downloads\New folder (8)\MIX_SEQ_192_193_4017_4020_4024_RLCNPNPNPECLM741.pdsprj","D:\Coding\protuesgen\proteus_ic\donors\manual_downloads_20260611\New folder (8)\MIX_SEQ_192_193_4017_4020_4024_RLCNPNPNPECLM741.pdsprj","FBBEC89801B4D3F4288716EC81194C6AFE44B4759B68FDB32B0DB562049A37D5","","16548"
"moved_to_manual_import","C:\Users\tahab\Downloads\New folder (8)\MIX_SEQ_192_193_RLCNPNPNPECLM741.pdsprj","D:\Coding\protuesgen\proteus_ic\donors\manual_downloads_20260611\New folder (8)\MIX_SEQ_192_193_RLCNPNPNPECLM741.pdsprj","6A3E9238B4B4FC99791D4BC6F1391FE563C2277F42446398329BAB0B535EC05A","","14642"
"moved_to_manual_import","C:\Users\tahab\Downloads\New folder (8)\MIX_SEQ_4017_4020_4024.pdsprj","D:\Coding\protuesgen\proteus_ic\donors\manual_downloads_20260611\New folder (8)\MIX_SEQ_4017_4020_4024.pdsprj","448B05D797699F843356155CCD15814659FE58A1FDB3DE1BED1B5F459CE468EE","","15404"
"moved_to_manual_import","C:\Users\tahab\Downloads\New folder (8)\MIX_SEQ_COUNTERS_ALL_RLCNPNPNPECLM741.pdsprj","D:\Coding\protuesgen\proteus_ic\donors\manual_downloads_20260611\New folder (8)\MIX_SEQ_COUNTERS_ALL_RLCNPNPNPECLM741.pdsprj","D158F2460814EFF9C1C35FE1BC0F94ACCA0324A5044F740C08F4EF680C9B2BDE","","20831"
"moved_to_manual_import","C:\Users\tahab\Downloads\New folder (8)\Project Backups\MIX_SEQ_192_193_RLCNPNPNPECLM741 [20260609, 14-45-06].pdsprj","D:\Coding\protuesgen\proteus_ic\donors\manual_downloads_20260611\New folder (8)\Project Backups\MIX_SEQ_192_193_RLCNPNPNPECLM741 [20260609, 14-45-06].pdsprj","8B9F3EF6BFD41CF441249F62F6B5D55C1547959BC9775A0011BA3F4F8839DFB7","","14642"
"moved_to_manual_import","C:\Users\tahab\Downloads\New folder (8)\Project Backups\MIX_SEQ_4017_4020_4024 [Autosaved].pdsprj","D:\Coding\protuesgen\proteus_ic\donors\manual_downloads_20260611\New folder (8)\Project Backups\MIX_SEQ_4017_4020_4024 [Autosaved].pdsprj","D6258A7BA375DDA2A40F6FDA58CC630A5237E311B1955E729D4004D13998AA01","","17123"
"moved_to_manual_import","C:\Users\tahab\Downloads\New folder (9)\2_alot of ics.pdsprj","D:\Coding\protuesgen\proteus_ic\donors\manual_downloads_20260611\New folder (9)\2_alot of ics.pdsprj","80FB7511B2C2D58E9076E5BC592782154052AD2E30BB9E330B03883D015732DF","","23201"
"moved_to_manual_import","C:\Users\tahab\Downloads\New folder (9)\4_alot of ics.pdsprj","D:\Coding\protuesgen\proteus_ic\donors\manual_downloads_20260611\New folder (9)\4_alot of ics.pdsprj","6E3FE76EFC2BE1568C699838155175B174C7598C2E2266BDB0D36D4292B63BE0","","27018"
"deleted_duplicate_in_experiments","C:\Users\tahab\Downloads\New folder (9)\alot of ics.pdsprj","","799CD638F4C1F9BD187AE7A499FA2FDEBA5ED35A5498A5AC2D7AA444CB795AF6","D:\Coding\protuesgen\experiments\ic_pairwise_noncomb_master_metadata_v1_temp_2026_06_11\T00_EXACT_MASTER_ALOT_OF_ICS_REPACK\T00_EXACT_MASTER_ALOT_OF_ICS_REPACK.pdsprj","20865"
"moved_to_manual_import","C:\Users\tahab\Downloads\New folder (9)\ALU.pdsprj.zip","D:\Coding\protuesgen\proteus_ic\donors\manual_downloads_20260611\New folder (9)\ALU.pdsprj.zip","4AE5937F96938BC57DF96FA76287B6DDBC3FCDBBFF55B7DB1030541E390B00C5","","28707"
"moved_to_manual_import","C:\Users\tahab\Downloads\New folder (9)\Clock_TimeZone3_PATCHED_TO_8_13.pdsprj","D:\Coding\protuesgen\proteus_ic\donors\manual_downloads_20260611\New folder (9)\Clock_TimeZone3_PATCHED_TO_8_13.pdsprj","0B20793E2983A8DED60CCED85A8B5BC07C08991F1118311A3227025E766E62EA","","45772"
"moved_to_manual_import","C:\Users\tahab\Downloads\New folder (9)\DIGITAL_CLOCK_MASTER.pdsprj","D:\Coding\protuesgen\proteus_ic\donors\manual_downloads_20260611\New folder (9)\DIGITAL_CLOCK_MASTER.pdsprj","EA473938D72C5DF6CCAFCABAB158E7440892ABE36F9E879302CFC52B3B5D1158","","40091"
"moved_to_manual_import","C:\Users\tahab\Downloads\New folder (9)\DLD Project Simulation.pdsprj","D:\Coding\protuesgen\proteus_ic\donors\manual_downloads_20260611\New folder (9)\DLD Project Simulation.pdsprj","9F3DA4E7918FA24C454F7FBD7BA17949844C0FF7E91787EA29D471AC9F48A238","","28804"
"moved_to_manual_import","C:\Users\tahab\Downloads\New folder (9)\ENA.pdsprj","D:\Coding\protuesgen\proteus_ic\donors\manual_downloads_20260611\New folder (9)\ENA.pdsprj","B3E441C0AAA869FF671E5F431450457C96A14EB8116A4124C3F2957A427EE5EF","","19159"
"deleted_duplicate_in_experiments","C:\Users\tahab\Downloads\Project Backups\2xac_voltage_02_variant.pdsprj","","0C625BC0784E4EE7E20B5E57CC79CC5D073D9E44027715B703CC5DE8FEE4A511","D:\Coding\protuesgen\experiments\ac_voltage_v1_source_diagnostics_temp_2026_06_04\donors\2xac_voltage_02_variant.pdsprj","11615"
"deleted_duplicate_in_experiments","C:\Users\tahab\Downloads\Project Backups\ac_voltage_01_default.pdsprj","","62E36E8ECD2EB1595EBCFBD77818BEED40DCDCEB85820800AC061C4F85DA81A8","D:\Coding\protuesgen\experiments\ac_voltage_v1_source_diagnostics_temp_2026_06_04\ACV_V1_SOURCE_DIAGNOSTICS_TEST_BATCH\ACV_V1_T00_EXACT_DEFAULT_COPY\ACV_V1_T00_EXACT_DEFAULT_COPY.pdsprj","11467"
"deleted_duplicate_in_experiments","C:\Users\tahab\Downloads\Project Backups\ac_voltage_02_variant.pdsprj","","B728BB48A359B514FD3EEDE3055E347706E33709F8D2AF5F81575E6739DA8C64","D:\Coding\protuesgen\experiments\ac_voltage_v1_source_diagnostics_temp_2026_06_04\donors\ac_voltage_02_variant.pdsprj","11469"
"deleted_duplicate_in_experiments","C:\Users\tahab\Downloads\Project Backups\ac_voltage_03_resistor_load.pdsprj","","D6B4D510B855603D4DEDF8E0EC4BF02B6E568D48E796248FD16EA3829AD9166D","D:\Coding\protuesgen\experiments\ac_voltage_v1_source_diagnostics_temp_2026_06_04\donors\ac_voltage_03_resistor_load.pdsprj","13242"
"moved_to_manual_import","C:\Users\tahab\Downloads\Project Backups\New Project.pdsprj","D:\Coding\protuesgen\proteus_ic\donors\manual_downloads_20260611\Project Backups\New Project.pdsprj","2CF088D86EDEBC8D147151FDA79E9DDA1358FC37FCE6AF466ABF3D58483164FA","","11016"
"moved_to_manual_import","C:\Users\tahab\Downloads\Project Backups\New ProjectSDsd [Autosaved].pdsprj","D:\Coding\protuesgen\proteus_ic\donors\manual_downloads_20260611\Project Backups\New ProjectSDsd [Autosaved].pdsprj","0909DB471999D65FCFC8F7BE08E0F7FDDC5656D6626161E05C2B2CD05ADD53A0","","11336"
"moved_to_manual_import","C:\Users\tahab\Downloads\Project Backups\progen_output (1) [20260606, 18-16-04].pdsprj","D:\Coding\protuesgen\proteus_ic\donors\manual_downloads_20260611\Project Backups\progen_output (1) [20260606, 18-16-04].pdsprj","E1E7AB3CB07A7F65DC8FCF9441A07B76786DDFE72169AEB5B9B2A313B1D48052","","12164"
"moved_to_manual_import","C:\Users\tahab\Downloads\Project Backups\progen_output (1) [20260606, 18-16-05].pdsprj","D:\Coding\protuesgen\proteus_ic\donors\manual_downloads_20260611\Project Backups\progen_output (1) [20260606, 18-16-05].pdsprj","EBCBD4666483F5DFFC3588F86D24A6C1EFD4B23A2E249C9DD328A2A5E575BB38","","12164"
"deleted_duplicate_in_experiments","C:\Users\tahab\Downloads\Project Backups\testing [20260603, 15-50-54].pdsprj","","F713FA7B5F650661B67691E9A9E636D7ABF8F44C0A6850587F83BE76B5564E4D","D:\Coding\protuesgen\experiments\dc_mixed_sources_v4_vrefs_clean_devices_temp_2026_06_04\donors\dcv_manual_combined.pdsprj","12406"
"moved_to_manual_import","C:\Users\tahab\Downloads\Project Backups\testing [20260603, 15-50-55].pdsprj","D:\Coding\protuesgen\proteus_ic\donors\manual_downloads_20260611\Project Backups\testing [20260603, 15-50-55].pdsprj","A9F49651D52A9092E9A629CA0FF7DDAAC5DDA7CA0EEACC57BBDEDBDFADDFEF90","","12419"
"moved_to_manual_import","C:\Users\tahab\Downloads\Project Backups\testing [20260603, 15-50-56].pdsprj","D:\Coding\protuesgen\proteus_ic\donors\manual_downloads_20260611\Project Backups\testing [20260603, 15-50-56].pdsprj","A9F49651D52A9092E9A629CA0FF7DDAAC5DDA7CA0EEACC57BBDEDBDFADDFEF90","","12419"
"moved_to_manual_import","C:\Users\tahab\Downloads\Project Backups\Project Backups\2xac_voltage_02_variant [20260604, 14-36-20].pdsprj","D:\Coding\protuesgen\proteus_ic\donors\manual_downloads_20260611\Project Backups\Project Backups\2xac_voltage_02_variant [20260604, 14-36-20].pdsprj","67E9AEA17D77F2D3325B8C1A8C6D1D88D97DD168971457E4EFD40E09D0329CB3","","11099"
"moved_to_manual_import","C:\Users\tahab\Downloads\Project Backups\Project Backups\2xac_voltage_02_variant [20260604, 14-38-03].pdsprj","D:\Coding\protuesgen\proteus_ic\donors\manual_downloads_20260611\Project Backups\Project Backups\2xac_voltage_02_variant [20260604, 14-38-03].pdsprj","C5ABF684690229F78FAF2FE44E52F099C3A4DC8C24D45F17D01E54522FA1D356","","13245"
"moved_to_manual_import","C:\Users\tahab\Downloads\Project Backups\Project Backups\2xac_voltage_02_variant [Autosaved].pdsprj","D:\Coding\protuesgen\proteus_ic\donors\manual_downloads_20260611\Project Backups\Project Backups\2xac_voltage_02_variant [Autosaved].pdsprj","5BB619FDCB8F4CDD42A2C0BAC72937B688F9B94135B0249E1F1799ACBB6C2D48","","13252"
"moved_to_manual_import","C:\Users\tahab\Downloads\Project Backups\Project Backups\ac_voltage_01_default [20260604, 14-38-36].pdsprj","D:\Coding\protuesgen\proteus_ic\donors\manual_downloads_20260611\Project Backups\Project Backups\ac_voltage_01_default [20260604, 14-38-36].pdsprj","A93CF7AE4708B47DD14B1C69D9FB8BBCD631C1DFBD5F9BBB90CC30E0BDE2617F","","11015"
"moved_to_manual_import","C:\Users\tahab\Downloads\Project Backups\Project Backups\ac_voltage_02_variant [20260604, 14-38-19].pdsprj","D:\Coding\protuesgen\proteus_ic\donors\manual_downloads_20260611\Project Backups\Project Backups\ac_voltage_02_variant [20260604, 14-38-19].pdsprj","22F2553D8A9950B41005889F7AB6CD2CC8303574BCDBC376D6E22A5189A56C95","","11017"
"deleted_duplicate_in_experiments","C:\Users\tahab\Downloads\projects\180bider_empty.pdsprj","","B4BD71971393CD42A48B5A03AFFD236353A1C1E03AEC63E7B6D0BFA16833BE3D","D:\Coding\protuesgen\experiments\bidirectional_v1_temp_2026_06_07\donors\180bider_empty.pdsprj","10769"
"deleted_duplicate_in_experiments","C:\Users\tahab\Downloads\projects\2_180bider_empty.pdsprj","","03D77F2B7D5AB339CF1C82B8062B504EEA035DD3477ABFDDECA8529BB1C74235","D:\Coding\protuesgen\experiments\bidirectional_v1_temp_2026_06_07\donors\2_180bider_empty.pdsprj","10787"
"deleted_duplicate_in_experiments","C:\Users\tahab\Downloads\projects\2_bider_180bider_cap.pdsprj","","E5A0A326BFAB9CAEACF1090963188BC2DA824CAB9188D45BA91F324EDE32DA1B","D:\Coding\protuesgen\experiments\bidirectional_v1_temp_2026_06_07\donors\2_bider_180bider_cap.pdsprj","11210"
"deleted_duplicate_in_experiments","C:\Users\tahab\Downloads\projects\2_bider_180bider_empty.pdsprj","","021564B3DEA0003691BA6CDE48D99785B89E84675A97085D4F1EB7E71556EEE0","D:\Coding\protuesgen\experiments\bidirectional_v1_temp_2026_06_07\donors\2_bider_180bider_empty.pdsprj","10816"
"deleted_duplicate_in_experiments","C:\Users\tahab\Downloads\projects\2_bider_180bider_ind.pdsprj","","DFD2FD3E60102AF91299689071D6D8C9CE434DC2EFCADEDBCE1B51368A0F1DBB","D:\Coding\protuesgen\experiments\bidirectional_v1_temp_2026_06_07\donors\2_bider_180bider_ind.pdsprj","11255"
"deleted_duplicate_in_experiments","C:\Users\tahab\Downloads\projects\2_bider_180bider_RCL.pdsprj","","741E8D8A567155B9221E9FA9E8BBBCF826B85E79ACB700205235A97D52FFAD55","D:\Coding\protuesgen\experiments\bidirectional_v1_temp_2026_06_07\donors\2_bider_180bider_RCL.pdsprj","12165"
"deleted_duplicate_in_experiments","C:\Users\tahab\Downloads\projects\2_bider_empty.pdsprj","","927A64EA64C0ADE9FD74FA34FE4729FAE06293B2A385CE4642412F21DC339242","D:\Coding\protuesgen\experiments\bidirectional_v1_temp_2026_06_07\donors\2_bider_empty.pdsprj","10777"
"deleted_duplicate_in_experiments","C:\Users\tahab\Downloads\projects\2biderwithresistor.pdsprj","","FF14B1B37C7BB418914015495BFDBAC593DDDCE3BA4B895EF238227C8279666D","D:\Coding\protuesgen\experiments\bidirectional_v1_temp_2026_06_07\donors\2biderwithresistor.pdsprj","11101"
"deleted_duplicate_in_experiments","C:\Users\tahab\Downloads\projects\4_180bider_empty.pdsprj","","1CE50CB50C24CA6E2573C6F021E643AE9412A3AB47A922AB14C7547866C4D558","D:\Coding\protuesgen\experiments\bidirectional_v1_temp_2026_06_07\donors\4_180bider_empty.pdsprj","10809"
"deleted_duplicate_in_experiments","C:\Users\tahab\Downloads\projects\4_bider_180bider_cap.pdsprj","","CB53760382A9319028E396E9E1660E8A0FDB05D4EB6B7B7A4849288501BD9068","D:\Coding\protuesgen\experiments\bidirectional_v1_temp_2026_06_07\donors\4_bider_180bider_cap.pdsprj","11413"
"deleted_duplicate_in_experiments","C:\Users\tahab\Downloads\projects\4_bider_180bider_empty.pdsprj","","CF94F00B64CF4741A24824C179C603DA52EA5280F0C3D6CCE8C26D8F979A4C79","D:\Coding\protuesgen\experiments\bidirectional_v1_temp_2026_06_07\donors\4_bider_180bider_empty.pdsprj","10866"
"deleted_duplicate_in_experiments","C:\Users\tahab\Downloads\projects\4_bider_180bider_ind.pdsprj","","4DDF918CBF49E0F8A737214DE6D69B477C48C2663D42E1908050CA05BAA183A8","D:\Coding\protuesgen\experiments\bidirectional_v1_temp_2026_06_07\donors\4_bider_180bider_ind.pdsprj","11445"
"deleted_duplicate_in_experiments","C:\Users\tahab\Downloads\projects\4_bider_180bider_RCL.pdsprj","","29224A56F73CB3A2DB48CF2B04C2788E0F86F673D11B8339A51AE2685B5BC185","D:\Coding\protuesgen\experiments\bidirectional_v1_temp_2026_06_07\donors\4_bider_180bider_RCL.pdsprj","12742"
"deleted_duplicate_in_experiments","C:\Users\tahab\Downloads\projects\4_bider_empty.pdsprj","","6AD19624B3660A2A6FC03B281F918E3FC67A6754E93042A950AF417EF497A060","D:\Coding\protuesgen\experiments\bidirectional_v1_temp_2026_06_07\donors\4_bider_empty.pdsprj","10801"
"deleted_duplicate_in_experiments","C:\Users\tahab\Downloads\projects\4biderwithresistor.pdsprj","","AE729839B2A24F3F6DCB9556215E6FA7D49464C96042FE297EBF48873E08CCD7","D:\Coding\protuesgen\experiments\bidirectional_v1_temp_2026_06_07\donors\4biderwithresistor.pdsprj","11317"
"deleted_duplicate_in_experiments","C:\Users\tahab\Downloads\projects\bider_180bider_cap.pdsprj","","A1AD5A85F07D9E4952F09C8F337C888647687DB9F0F8C1FDCD5959F1271E9B26","D:\Coding\protuesgen\experiments\bidirectional_v1_temp_2026_06_07\donors\bider_180bider_cap.pdsprj","11101"
"deleted_duplicate_in_experiments","C:\Users\tahab\Downloads\projects\bider_180bider_empty.pdsprj","","A90F19800E03375D5C3F7B103D11D4F197E00E7D59A1E7A136E8A2000E07E6E9","D:\Coding\protuesgen\experiments\bidirectional_v1_temp_2026_06_07\donors\bider_180bider_empty.pdsprj","10790"
"deleted_duplicate_in_experiments","C:\Users\tahab\Downloads\projects\bider_180bider_ind.pdsprj","","009E1E90E0FD214E03E5C6EF778747659A8B52016D51AEC75D8171417C73B99A","D:\Coding\protuesgen\experiments\bidirectional_v1_temp_2026_06_07\donors\bider_180bider_ind.pdsprj","11147"
"deleted_duplicate_in_experiments","C:\Users\tahab\Downloads\projects\bider_180bider_RCL_2ACC.pdsprj","","0EC0F1C74A0987395CC91646FD7B89E8792B4D95BDA62BBDD5E27FFFF381A6DA","D:\Coding\protuesgen\experiments\bidirectional_v1_temp_2026_06_07\donors\bider_180bider_RCL_2ACC.pdsprj","12304"
"deleted_duplicate_in_experiments","C:\Users\tahab\Downloads\projects\bider_180bider_RCL_2DCC.pdsprj","","9EE83505E85030DF6E318BC81634A5E221DB5F571A173E42E39DD065A4C77B7E","D:\Coding\protuesgen\experiments\bidirectional_v1_temp_2026_06_07\donors\bider_180bider_RCL_2DCC.pdsprj","12288"
"deleted_duplicate_in_experiments","C:\Users\tahab\Downloads\projects\bider_180bider_RCL_2DCV.pdsprj","","35CF66FC9BF13E1876312C34903673B58D44D3D56BAAC93801BDA4171DFA394D","D:\Coding\protuesgen\experiments\bidirectional_v1_temp_2026_06_07\donors\bider_180bider_RCL_2DCV.pdsprj","12297"
"deleted_duplicate_in_experiments","C:\Users\tahab\Downloads\projects\bider_180bider_RCL_DCV_ACC.pdsprj","","ECA9D53065D9F05DF5A07356C699EE7262A71D2A2E9C383B88026D768BDCC6C9","D:\Coding\protuesgen\experiments\bidirectional_v1_temp_2026_06_07\donors\bider_180bider_RCL_DCV_ACC.pdsprj","12409"
"deleted_duplicate_in_experiments","C:\Users\tahab\Downloads\projects\bider_180bider_RCL_DCV_DCC.pdsprj","","4F11F0985D5A6A9264CBB16DEE20D6612C5B6C7EE457DCACE5C5F0B84488FBD7","D:\Coding\protuesgen\experiments\bidirectional_v1_temp_2026_06_07\donors\bider_180bider_RCL_DCV_DCC.pdsprj","12313"
"deleted_duplicate_in_experiments","C:\Users\tahab\Downloads\projects\bider_180bider_RCL_DCV.pdsprj","","0BD1319D3FB99548575D91156E8A36ECF08CFB185E61AE28D5F256E31D16EC57","D:\Coding\protuesgen\experiments\bidirectional_v1_temp_2026_06_07\donors\bider_180bider_RCL_DCV.pdsprj","12177"
"deleted_duplicate_in_experiments","C:\Users\tahab\Downloads\projects\bider_180bider_RCL.pdsprj","","EA868E2C36F509CBEB4E81CEE3EC4B91001A40F9C2ECEE372B9BB830801CB994","D:\Coding\protuesgen\experiments\bidirectional_v1_temp_2026_06_07\donors\bider_180bider_RCL.pdsprj","11812"
"deleted_duplicate_in_experiments","C:\Users\tahab\Downloads\projects\bider_empty.pdsprj","","26C545C0CDF325E80A99FFF2C2464ED5BCD4518AE335AB9DADF5ACEB8DA897F1","D:\Coding\protuesgen\experiments\bidirectional_v1_temp_2026_06_07\donors\bider_empty.pdsprj","10763"
"deleted_duplicate_in_experiments","C:\Users\tahab\Downloads\projects\biderwithresistor.pdsprj","","92EE7C58D6ACDEB73C48C4100F454C8C28ED9C3F499D8E6EE5FDD52852BF43FD","D:\Coding\protuesgen\experiments\bidirectional_v1_temp_2026_06_07\donors\biderwithresistor.pdsprj","10991"
"moved_to_manual_import","C:\Users\tahab\Downloads\projects\Project Backups\4_bider_180bider_RCL [Autosaved].pdsprj","D:\Coding\protuesgen\proteus_ic\donors\manual_downloads_20260611\projects\Project Backups\4_bider_180bider_RCL [Autosaved].pdsprj","B04CAD8D84287A8DB7C45D2C73E5A16F91CE87406A71FB9226F45EC0FBBA529F","","11996"
"moved_to_manual_import","C:\Users\tahab\Downloads\projects\Project Backups\bider_180bider_ind [20260607, 00-55-34].pdsprj","D:\Coding\protuesgen\proteus_ic\donors\manual_downloads_20260611\projects\Project Backups\bider_180bider_ind [20260607, 00-55-34].pdsprj","50BF1FBF616FAAF79C8EFA635147747C9333F5986136CE3FBDA5D3D7DA877B3D","","11255"
"moved_to_manual_import","C:\Users\tahab\Downloads\SQU\2_7490.pdsprj","D:\Coding\protuesgen\proteus_ic\donors\manual_downloads_20260611\SQU\2_7490.pdsprj","E77400015CABCFF4186C2E37CED5DD4683C1F8FF6AA7DF0F19ED5F9173948CF1","","11837"
"moved_to_manual_import","C:\Users\tahab\Downloads\SQU\2_74HC160.pdsprj","D:\Coding\protuesgen\proteus_ic\donors\manual_downloads_20260611\SQU\2_74HC160.pdsprj","4DB693A36497BFDBDBC5151E45FF217D4EE3E8A75A54A0A48E049EC5F9584D52","","12037"
"moved_to_manual_import","C:\Users\tahab\Downloads\SQU\2_74HC161.pdsprj","D:\Coding\protuesgen\proteus_ic\donors\manual_downloads_20260611\SQU\2_74HC161.pdsprj","5387F0CB2E244B8E4E5D81041BD431489011E49C751BFBA65069E7A5E9AA2072","","12075"
"moved_to_manual_import","C:\Users\tahab\Downloads\SQU\2_74HC163.pdsprj","D:\Coding\protuesgen\proteus_ic\donors\manual_downloads_20260611\SQU\2_74HC163.pdsprj","45C0BEF04F4E3799DDB44189050C12BB345BDB0E8A81298CF786BAE246F0F610","","12018"
"moved_to_manual_import","C:\Users\tahab\Downloads\SQU\4_7490.pdsprj","D:\Coding\protuesgen\proteus_ic\donors\manual_downloads_20260611\SQU\4_7490.pdsprj","2EDF1856336CECEF550A7B1E7E1666A4CE408A0FFA29553F88CBFED18F8FB94F","","12351"
"moved_to_manual_import","C:\Users\tahab\Downloads\SQU\4_7490withRLC.pdsprj","D:\Coding\protuesgen\proteus_ic\donors\manual_downloads_20260611\SQU\4_7490withRLC.pdsprj","B6A49F5B65BAFD8BE53534D94533ABB4F99396936E715601E3843E9CBF49E829","","13577"
"moved_to_manual_import","C:\Users\tahab\Downloads\SQU\4_74HC160.pdsprj","D:\Coding\protuesgen\proteus_ic\donors\manual_downloads_20260611\SQU\4_74HC160.pdsprj","7EACBE52D9CD51678156C348E2AC0E125C8793242AF975DC0FDFDAD33DD5A08E","","12705"
"moved_to_manual_import","C:\Users\tahab\Downloads\SQU\4_74HC160withRLC.pdsprj","D:\Coding\protuesgen\proteus_ic\donors\manual_downloads_20260611\SQU\4_74HC160withRLC.pdsprj","BB8D65D55AA679D0E8735CE4756C59F0AD2E2F7F96961AE7576617483667E652","","13933"
"moved_to_manual_import","C:\Users\tahab\Downloads\SQU\4_74HC161.pdsprj","D:\Coding\protuesgen\proteus_ic\donors\manual_downloads_20260611\SQU\4_74HC161.pdsprj","2DF10BA2B709B6E8F137AE556FC9D3B400518D9C244CFD138B4798AB3D67327E","","12845"
"moved_to_manual_import","C:\Users\tahab\Downloads\SQU\4_74HC161withRLC.pdsprj","D:\Coding\protuesgen\proteus_ic\donors\manual_downloads_20260611\SQU\4_74HC161withRLC.pdsprj","85A84A9EE856C7ED1DB3885D23219A8E0F9ECED1F1EDDB54F983B40C774715F6","","14065"
"moved_to_manual_import","C:\Users\tahab\Downloads\SQU\4_74HC163.pdsprj","D:\Coding\protuesgen\proteus_ic\donors\manual_downloads_20260611\SQU\4_74HC163.pdsprj","682827CFE4E2745BA4B0BEF43DE47E39B5090C932DCB832C86C712857845C678","","12740"
"moved_to_manual_import","C:\Users\tahab\Downloads\SQU\4_74HC163withRLC.pdsprj","D:\Coding\protuesgen\proteus_ic\donors\manual_downloads_20260611\SQU\4_74HC163withRLC.pdsprj","10BA31B7B2A81882E66DF8CE1140C6392EDBAAD3C734216A346CAF03EC4B4816","","13951"
"moved_to_manual_import","C:\Users\tahab\Downloads\SQU\7490.pdsprj","D:\Coding\protuesgen\proteus_ic\donors\manual_downloads_20260611\SQU\7490.pdsprj","EAF3C21B2835007A66E1AE90C264C06110D01EE8A2948F92AFB01837264F4C4A","","11562"
"moved_to_manual_import","C:\Users\tahab\Downloads\SQU\74HC160.pdsprj","D:\Coding\protuesgen\proteus_ic\donors\manual_downloads_20260611\SQU\74HC160.pdsprj","D93A2F35B925299D451B2DE8CE4D4584B9A44F272BD27338D0749B10FE93137C","","11669"
"moved_to_manual_import","C:\Users\tahab\Downloads\SQU\74HC161.pdsprj","D:\Coding\protuesgen\proteus_ic\donors\manual_downloads_20260611\SQU\74HC161.pdsprj","163E4F1027108CF840408CEC237A89FD667B6FA512A5049D264F87B904828BE1","","11691"
"moved_to_manual_import","C:\Users\tahab\Downloads\SQU\74HC163.pdsprj","D:\Coding\protuesgen\proteus_ic\donors\manual_downloads_20260611\SQU\74HC163.pdsprj","C4352680D445249175048040EDA0AD844446E39AD13F0FB8510DF78A5615FBB3","","11686"
"moved_to_manual_import","C:\Users\tahab\Downloads\SQU\Project Backups\2_7490 [Autosaved].pdsprj","D:\Coding\protuesgen\proteus_ic\donors\manual_downloads_20260611\SQU\Project Backups\2_7490 [Autosaved].pdsprj","C428921E72B1496276AC0B7E49ACE8C04BF132BC49DB40809CD6D97F3DCD422A","","12398"
"moved_to_manual_import","C:\Users\tahab\Downloads\SQU\Project Backups\4_74HC160withRLC [20260609, 04-12-30].pdsprj","D:\Coding\protuesgen\proteus_ic\donors\manual_downloads_20260611\SQU\Project Backups\4_74HC160withRLC [20260609, 04-12-30].pdsprj","0111B5B72FF29BD69EF2E1A35ADABF3092424156A4237EEAF14445225FDCFD31","","13930"
"moved_to_manual_import","C:\Users\tahab\Downloads\SQU\Project Backups\4_74HC160withRLC [Autosaved].pdsprj","D:\Coding\protuesgen\proteus_ic\donors\manual_downloads_20260611\SQU\Project Backups\4_74HC160withRLC [Autosaved].pdsprj","94E5FA1A81BCB6776FBEF907BC32087A5928C35F66DFF7B3CF432819B6A22A6D","","13986"
"moved_to_manual_import","C:\Users\tahab\Downloads\SQU\Project Backups\4_74HC161withRLC [Autosaved].pdsprj","D:\Coding\protuesgen\proteus_ic\donors\manual_downloads_20260611\SQU\Project Backups\4_74HC161withRLC [Autosaved].pdsprj","0E8693DC64E7849BD0E7401F34E4F29BFA3F8F41345808B63377D4F6F5D877F4","","11222"
"deleted_duplicate_in_experiments","C:\Users\tahab\Downloads\SQU\Project Backups\ic_pairwise_34_v1_temp_2026_06_10\P185_S07_S09\P185_S07_S09.pdsprj","","45C05BCED9B3A4BA8A16CC8712685F40F09D99DDADAADF8F271CCCB39364E481","D:\Coding\protuesgen\experiments\ic_pairwise_34_v1_temp_2026_06_10\P185_S07_S09\P185_S07_S09.pdsprj","12340"
"deleted_duplicate_in_experiments","C:\Users\tahab\Downloads\SQU\Project Backups\ic_pairwise_34_v1_temp_2026_06_10\P186_S07_S10\P186_S07_S10.pdsprj","","7B7240A3769FC2EA5BB45D0BC43EE35C9CA609E45A135AFCFE26BE95AD7F5059","D:\Coding\protuesgen\experiments\ic_pairwise_34_v1_temp_2026_06_10\P186_S07_S10\P186_S07_S10.pdsprj","12355"
"deleted_duplicate_in_experiments","C:\Users\tahab\Downloads\SQU\Project Backups\ic_pairwise_34_v1_temp_2026_06_10\P187_S07_S11\P187_S07_S11.pdsprj","","8AFE43F51D0B43D0F26DF4BE451210567672A0AC4A8842FED2D6183D1D7EECF5","D:\Coding\protuesgen\experiments\ic_pairwise_34_v1_temp_2026_06_10\P187_S07_S11\P187_S07_S11.pdsprj","12351"
"deleted_duplicate_in_experiments","C:\Users\tahab\Downloads\SQU\Project Backups\ic_pairwise_34_v1_temp_2026_06_10\P188_S07_S12\P188_S07_S12.pdsprj","","32A4A27E2176900BA37E88EED63B56E411D8BB5CA1A198A1DB19A7025875E9C1","D:\Coding\protuesgen\experiments\ic_pairwise_34_v1_temp_2026_06_10\P188_S07_S12\P188_S07_S12.pdsprj","12337"
"deleted_duplicate_in_experiments","C:\Users\tahab\Downloads\SQU\Project Backups\ic_pairwise_34_v1_temp_2026_06_10\P189_S07_S13\P189_S07_S13.pdsprj","","E9D44A58AFD37F039BFB873A3B62E5AD7ADE6C9CCB001DA46FA045A11D7E20C2","D:\Coding\protuesgen\experiments\ic_pairwise_34_v1_temp_2026_06_10\P189_S07_S13\P189_S07_S13.pdsprj","12336"
"deleted_duplicate_in_experiments","C:\Users\tahab\Downloads\SQU\Project Backups\ic_pairwise_34_v1_temp_2026_06_10\P190_S07_S14\P190_S07_S14.pdsprj","","42EAE42FC899D3AEA040BEF0B7AA906B80EC2E256AA72E7BBBF19FEB91BA507D","D:\Coding\protuesgen\experiments\ic_pairwise_34_v1_temp_2026_06_10\P190_S07_S14\P190_S07_S14.pdsprj","12387"
"deleted_duplicate_in_experiments","C:\Users\tahab\Downloads\SQU\Project Backups\ic_pairwise_34_v1_temp_2026_06_10\P191_S07_S15\P191_S07_S15.pdsprj","","69D1F73D925FA2690ABF436200AB24EF81B03824724503462D15FEFA50684953","D:\Coding\protuesgen\experiments\ic_pairwise_34_v1_temp_2026_06_10\P191_S07_S15\P191_S07_S15.pdsprj","12368"
"deleted_duplicate_in_experiments","C:\Users\tahab\Downloads\SQU\Project Backups\ic_pairwise_34_v1_temp_2026_06_10\P192_S07_S16\P192_S07_S16.pdsprj","","C74E177D3EF80572CB08DF008C6723F13F925F2D4A98EB2FEDD6DB3D9488C86E","D:\Coding\protuesgen\experiments\ic_pairwise_34_v1_temp_2026_06_10\P192_S07_S16\P192_S07_S16.pdsprj","12124"
"deleted_duplicate_in_experiments","C:\Users\tahab\Downloads\SQU\Project Backups\ic_pairwise_34_v1_temp_2026_06_10\P193_S07_S17\P193_S07_S17.pdsprj","","4084352985265B578452AEFB7DB3E6C888400EC87B2EF84A5A9607CB893D7263","D:\Coding\protuesgen\experiments\ic_pairwise_34_v1_temp_2026_06_10\P193_S07_S17\P193_S07_S17.pdsprj","12369"
"deleted_duplicate_in_experiments","C:\Users\tahab\Downloads\SQU\Project Backups\ic_pairwise_34_v1_temp_2026_06_10\P194_S07_S18\P194_S07_S18.pdsprj","","A5CC35194743077FDD54BDED6AD8B3CE31584F0B48F25C79B3BCFE6592FBA759","D:\Coding\protuesgen\experiments\ic_pairwise_34_v1_temp_2026_06_10\P194_S07_S18\P194_S07_S18.pdsprj","12111"
"deleted_duplicate_in_experiments","C:\Users\tahab\Downloads\SQU\Project Backups\ic_pairwise_34_v1_temp_2026_06_10\P195_S07_S19\P195_S07_S19.pdsprj","","11ECDE1B6B044B5B6157B76AA91FE5B28546F9CE048922F22CE95B5B1DBF7653","D:\Coding\protuesgen\experiments\ic_pairwise_34_v1_temp_2026_06_10\P195_S07_S19\P195_S07_S19.pdsprj","12341"
"deleted_duplicate_in_experiments","C:\Users\tahab\Downloads\SQU\Project Backups\ic_pairwise_34_v1_temp_2026_06_10\P196_S07_S20\P196_S07_S20.pdsprj","","2455129C682FEE68C1303D3367219FC80E7D299F3084C73F37FCE6E5D2464C44","D:\Coding\protuesgen\experiments\ic_pairwise_34_v1_temp_2026_06_10\P196_S07_S20\P196_S07_S20.pdsprj","12399"
"deleted_duplicate_in_experiments","C:\Users\tahab\Downloads\SQU\Project Backups\ic_pairwise_34_v1_temp_2026_06_10\P197_S07_S21\P197_S07_S21.pdsprj","","85666B6E261D48E34986DF621E27EFB5057DE49BB7AF3D8CA7C2D72A400A660F","D:\Coding\protuesgen\experiments\ic_pairwise_34_v1_temp_2026_06_10\P197_S07_S21\P197_S07_S21.pdsprj","12377"
"deleted_duplicate_in_experiments","C:\Users\tahab\Downloads\SQU\Project Backups\ic_pairwise_34_v1_temp_2026_06_10\P198_S07_S22\P198_S07_S22.pdsprj","","6D078DB64DA7CBE7DD192271784C866F1001A13E7724796857396EB35E1D135B","D:\Coding\protuesgen\experiments\ic_pairwise_34_v1_temp_2026_06_10\P198_S07_S22\P198_S07_S22.pdsprj","12515"
"deleted_duplicate_in_experiments","C:\Users\tahab\Downloads\SQU\Project Backups\ic_pairwise_34_v1_temp_2026_06_10\P199_S07_S23\P199_S07_S23.pdsprj","","0C405FC692F225E85AA345703278EB8330928A55F3388C50E7F5733E25EAE865","D:\Coding\protuesgen\experiments\ic_pairwise_34_v1_temp_2026_06_10\P199_S07_S23\P199_S07_S23.pdsprj","12388"
"deleted_duplicate_in_experiments","C:\Users\tahab\Downloads\SQU\Project Backups\ic_pairwise_34_v1_temp_2026_06_10\P200_S07_S24\P200_S07_S24.pdsprj","","31C4EC0FBB2E08E0FAA7063E6243AC825AB67289CBE23856A674B67F1E229AA9","D:\Coding\protuesgen\experiments\ic_pairwise_34_v1_temp_2026_06_10\P200_S07_S24\P200_S07_S24.pdsprj","12247"
"deleted_duplicate_in_experiments","C:\Users\tahab\Downloads\SQU\Project Backups\ic_pairwise_34_v1_temp_2026_06_10\P201_S07_S25\P201_S07_S25.pdsprj","","2CC11F175CE1AD67E957B6303AC9DBC0C8A0F000626B2297DEADB69145966561","D:\Coding\protuesgen\experiments\ic_pairwise_34_v1_temp_2026_06_10\P201_S07_S25\P201_S07_S25.pdsprj","12261"
"deleted_duplicate_in_experiments","C:\Users\tahab\Downloads\SQU\Project Backups\ic_pairwise_34_v1_temp_2026_06_10\P202_S07_S26\P202_S07_S26.pdsprj","","015725E63318E7C9CA6727F7204229DFD11E06130B2CAEF58299B735BBA38FE4","D:\Coding\protuesgen\experiments\ic_pairwise_34_v1_temp_2026_06_10\P202_S07_S26\P202_S07_S26.pdsprj","12314"
"deleted_duplicate_in_experiments","C:\Users\tahab\Downloads\SQU\Project Backups\ic_pairwise_34_v1_temp_2026_06_10\P204_S07_S28\P204_S07_S28.pdsprj","","6D176BED26ABFEA662E870341951F00D250949891047116E3FE4AC282F6358B6","D:\Coding\protuesgen\experiments\ic_pairwise_34_v1_temp_2026_06_10\P204_S07_S28\P204_S07_S28.pdsprj","12367"
"deleted_duplicate_in_experiments","C:\Users\tahab\Downloads\SQU\Project Backups\ic_pairwise_34_v1_temp_2026_06_10\P205_S07_S29\P205_S07_S29.pdsprj","","E261567067DEE70EF1B16C13067C0F6A9CD9A44379CF50C751889E1F520D6DD3","D:\Coding\protuesgen\experiments\ic_pairwise_34_v1_temp_2026_06_10\P205_S07_S29\P205_S07_S29.pdsprj","12419"
"deleted_duplicate_in_experiments","C:\Users\tahab\Downloads\SQU\Project Backups\ic_pairwise_34_v1_temp_2026_06_10\P206_S07_S30\P206_S07_S30.pdsprj","","8F1DCBA53D279DAC01316A737B918DF8AC564C357FB295C62371A5350C698C12","D:\Coding\protuesgen\experiments\ic_pairwise_34_v1_temp_2026_06_10\P206_S07_S30\P206_S07_S30.pdsprj","12078"
"deleted_duplicate_in_experiments","C:\Users\tahab\Downloads\SQU\Project Backups\ic_pairwise_34_v1_temp_2026_06_10\P207_S07_S31\P207_S07_S31.pdsprj","","9A8A62C48B904C4E691BC87FA81F1D6E154E7D15EB1571DC53B11B647834526F","D:\Coding\protuesgen\experiments\ic_pairwise_34_v1_temp_2026_06_10\P207_S07_S31\P207_S07_S31.pdsprj","12246"
"deleted_duplicate_in_experiments","C:\Users\tahab\Downloads\SQU\Project Backups\ic_pairwise_34_v1_temp_2026_06_10\P208_S07_S32\P208_S07_S32.pdsprj","","0846CC872039242ED031101682AC30CE75247FE8040680CD0B3C42C383469604","D:\Coding\protuesgen\experiments\ic_pairwise_34_v1_temp_2026_06_10\P208_S07_S32\P208_S07_S32.pdsprj","12419"
"deleted_duplicate_in_experiments","C:\Users\tahab\Downloads\SQU\Project Backups\ic_pairwise_34_v1_temp_2026_06_10\P209_S07_S33\P209_S07_S33.pdsprj","","C9514AB40B22B7F140130334902288EDA2455C58D345C5C318396C855FECB38D","D:\Coding\protuesgen\experiments\ic_pairwise_34_v1_temp_2026_06_10\P209_S07_S33\P209_S07_S33.pdsprj","12751"
"deleted_duplicate_in_experiments","C:\Users\tahab\Downloads\SQU\Project Backups\ic_pairwise_34_v1_temp_2026_06_10\P210_S07_S34\P210_S07_S34.pdsprj","","ED33768BF8DB32C7B3AB4A9899272E66CA4A6BF5D40FEE9C44360CC53FEFCA38","D:\Coding\protuesgen\experiments\ic_pairwise_34_v1_temp_2026_06_10\P210_S07_S34\P210_S07_S34.pdsprj","13440"
"deleted_duplicate_in_experiments","C:\Users\tahab\Downloads\SQU\Project Backups\ic_pairwise_34_v1_temp_2026_06_10\P237_S09_S10\P237_S09_S10.pdsprj","","1028D56F170CA17D404E7A994E6E9165BE3070A70811ED6CE8108B3EF4C58AC0","D:\Coding\protuesgen\experiments\ic_pairwise_34_v1_temp_2026_06_10\P237_S09_S10\P237_S09_S10.pdsprj","12295"
"deleted_duplicate_in_experiments","C:\Users\tahab\Downloads\SQU\Project Backups\ic_pairwise_34_v1_temp_2026_06_10\P238_S09_S11\P238_S09_S11.pdsprj","","3A6C7C96CF8ED3FC7757F8BB18EC421BBFF359494AA8687D4129D031856C5140","D:\Coding\protuesgen\experiments\ic_pairwise_34_v1_temp_2026_06_10\P238_S09_S11\P238_S09_S11.pdsprj","12266"
"deleted_duplicate_in_experiments","C:\Users\tahab\Downloads\SQU\Project Backups\ic_pairwise_34_v1_temp_2026_06_10\P239_S09_S12\P239_S09_S12.pdsprj","","0900C058CBB3CF1E07F63389E9B3CBD4FFE65702098BC43CCF7DA4571DA5593E","D:\Coding\protuesgen\experiments\ic_pairwise_34_v1_temp_2026_06_10\P239_S09_S12\P239_S09_S12.pdsprj","12360"
"deleted_duplicate_in_experiments","C:\Users\tahab\Downloads\SQU\Project Backups\ic_pairwise_34_v1_temp_2026_06_10\P240_S09_S13\P240_S09_S13.pdsprj","","B71E90B14626C7EA0E6A84DF4E145F0813D6DB61F8A4F1F5820A545D767FC8F5","D:\Coding\protuesgen\experiments\ic_pairwise_34_v1_temp_2026_06_10\P240_S09_S13\P240_S09_S13.pdsprj","12411"
"deleted_duplicate_in_experiments","C:\Users\tahab\Downloads\SQU\Project Backups\ic_pairwise_34_v1_temp_2026_06_10\P241_S09_S14\P241_S09_S14.pdsprj","","1305AC74FD11660E4C199907AEA30A0940255C07A58855A8AB4AF590DFB6FD45","D:\Coding\protuesgen\experiments\ic_pairwise_34_v1_temp_2026_06_10\P241_S09_S14\P241_S09_S14.pdsprj","12516"
"deleted_duplicate_in_experiments","C:\Users\tahab\Downloads\SQU\Project Backups\ic_pairwise_34_v1_temp_2026_06_10\P242_S09_S15\P242_S09_S15.pdsprj","","685673C51B0FF6B01290D0D01F9C4B4CBA8AE2651D7B7CB098EF6A49E5F75F93","D:\Coding\protuesgen\experiments\ic_pairwise_34_v1_temp_2026_06_10\P242_S09_S15\P242_S09_S15.pdsprj","12546"
"deleted_duplicate_in_experiments","C:\Users\tahab\Downloads\SQU\Project Backups\ic_pairwise_34_v1_temp_2026_06_10\P243_S09_S16\P243_S09_S16.pdsprj","","FC9166F789FB8BF4E055E029CC6C8B38E962952EA3888254354B2A3120D48536","D:\Coding\protuesgen\experiments\ic_pairwise_34_v1_temp_2026_06_10\P243_S09_S16\P243_S09_S16.pdsprj","12311"
"deleted_duplicate_in_experiments","C:\Users\tahab\Downloads\SQU\Project Backups\ic_pairwise_34_v1_temp_2026_06_10\P244_S09_S17\P244_S09_S17.pdsprj","","CF1F64DA4A77388ADC6861B0B3A3D10B8C99EA62BB0EB242A57BD98446E1E8F4","D:\Coding\protuesgen\experiments\ic_pairwise_34_v1_temp_2026_06_10\P244_S09_S17\P244_S09_S17.pdsprj","12519"
"deleted_duplicate_in_experiments","C:\Users\tahab\Downloads\SQU\Project Backups\ic_pairwise_34_v1_temp_2026_06_10\P245_S09_S18\P245_S09_S18.pdsprj","","47D641BB9027EFCA3646F1E9EFD16810CD02199F10604A0941B3B3FA90DB57B1","D:\Coding\protuesgen\experiments\ic_pairwise_34_v1_temp_2026_06_10\P245_S09_S18\P245_S09_S18.pdsprj","12339"
"deleted_duplicate_in_experiments","C:\Users\tahab\Downloads\SQU\Project Backups\ic_pairwise_34_v1_temp_2026_06_10\P246_S09_S19\P246_S09_S19.pdsprj","","60F1F533F1F3FF9622A414482C98E42F017E355E132803406DCC8922450A4247","D:\Coding\protuesgen\experiments\ic_pairwise_34_v1_temp_2026_06_10\P246_S09_S19\P246_S09_S19.pdsprj","12622"
"deleted_duplicate_in_experiments","C:\Users\tahab\Downloads\SQU\Project Backups\ic_pairwise_34_v1_temp_2026_06_10\P247_S09_S20\P247_S09_S20.pdsprj","","D5DB69E26A76B943A4C7397A2E26A39D48921971C381724F72A77D073C205CDB","D:\Coding\protuesgen\experiments\ic_pairwise_34_v1_temp_2026_06_10\P247_S09_S20\P247_S09_S20.pdsprj","12623"
"deleted_duplicate_in_experiments","C:\Users\tahab\Downloads\SQU\Project Backups\ic_pairwise_34_v1_temp_2026_06_10\P248_S09_S21\P248_S09_S21.pdsprj","","50BD6D34FEB40A1040F22DA4675896E63A8A5B18125ACDA164F51CE6674BDBFA","D:\Coding\protuesgen\experiments\ic_pairwise_34_v1_temp_2026_06_10\P248_S09_S21\P248_S09_S21.pdsprj","12456"
"deleted_duplicate_in_experiments","C:\Users\tahab\Downloads\SQU\Project Backups\ic_pairwise_34_v1_temp_2026_06_10\P249_S09_S22\P249_S09_S22.pdsprj","","7F6C2AC222912C3C2044E436171F3BEDFA21C417093735735344F6C6FC942C4A","D:\Coding\protuesgen\experiments\ic_pairwise_34_v1_temp_2026_06_10\P249_S09_S22\P249_S09_S22.pdsprj","12624"
"deleted_duplicate_in_experiments","C:\Users\tahab\Downloads\SQU\Project Backups\ic_pairwise_34_v1_temp_2026_06_10\P250_S09_S23\P250_S09_S23.pdsprj","","9D379EF495C905D5CD33B308B8F71A823499796A14B0B797749C77AA5F263D24","D:\Coding\protuesgen\experiments\ic_pairwise_34_v1_temp_2026_06_10\P250_S09_S23\P250_S09_S23.pdsprj","12634"
"deleted_duplicate_in_experiments","C:\Users\tahab\Downloads\SQU\Project Backups\ic_pairwise_34_v1_temp_2026_06_10\P251_S09_S24\P251_S09_S24.pdsprj","","2B8ABADCDAFBA6D442514CBF7CCE52B69DF2B834A4EEE5B6E952300C34050D9C","D:\Coding\protuesgen\experiments\ic_pairwise_34_v1_temp_2026_06_10\P251_S09_S24\P251_S09_S24.pdsprj","12420"
"deleted_duplicate_in_experiments","C:\Users\tahab\Downloads\SQU\Project Backups\ic_pairwise_34_v1_temp_2026_06_10\P252_S09_S25\P252_S09_S25.pdsprj","","73F895016A68985034B27FBAA001604C80BCE4946D8E13AD84737D7B64ADAE40","D:\Coding\protuesgen\experiments\ic_pairwise_34_v1_temp_2026_06_10\P252_S09_S25\P252_S09_S25.pdsprj","12419"
"deleted_duplicate_in_experiments","C:\Users\tahab\Downloads\SQU\Project Backups\ic_pairwise_34_v1_temp_2026_06_10\P253_S09_S26\P253_S09_S26.pdsprj","","9AF660E5943F3178A3173D7DF9CDC11BA5B1FED7419769403C469618AF743BB1","D:\Coding\protuesgen\experiments\ic_pairwise_34_v1_temp_2026_06_10\P253_S09_S26\P253_S09_S26.pdsprj","12474"
"deleted_duplicate_in_experiments","C:\Users\tahab\Downloads\SQU\Project Backups\ic_pairwise_34_v1_temp_2026_06_10\P255_S09_S28\P255_S09_S28.pdsprj","","A9DAE0E790D0531962D74835C8E4DA1B77D9FB524B0F605A9C560D6DF485988A","D:\Coding\protuesgen\experiments\ic_pairwise_34_v1_temp_2026_06_10\P255_S09_S28\P255_S09_S28.pdsprj","12491"
"deleted_duplicate_in_experiments","C:\Users\tahab\Downloads\SQU\Project Backups\ic_pairwise_34_v1_temp_2026_06_10\P256_S09_S29\P256_S09_S29.pdsprj","","224C42055D0E6E1BD0063B07D90AA65ED398808EAED150B2180FC81512E9C045","D:\Coding\protuesgen\experiments\ic_pairwise_34_v1_temp_2026_06_10\P256_S09_S29\P256_S09_S29.pdsprj","12622"
"deleted_duplicate_in_experiments","C:\Users\tahab\Downloads\SQU\Project Backups\ic_pairwise_34_v1_temp_2026_06_10\P257_S09_S30\P257_S09_S30.pdsprj","","0B766CECF7B11EA9CD553BFCD9108FE9A9498D1381DB9D91E9C139A131DCE02F","D:\Coding\protuesgen\experiments\ic_pairwise_34_v1_temp_2026_06_10\P257_S09_S30\P257_S09_S30.pdsprj","12298"
"deleted_duplicate_in_experiments","C:\Users\tahab\Downloads\SQU\Project Backups\ic_pairwise_34_v1_temp_2026_06_10\P258_S09_S31\P258_S09_S31.pdsprj","","27C28285C974D475B5524C798271606AD0D688EB904ECDEE518053667F03A29D","D:\Coding\protuesgen\experiments\ic_pairwise_34_v1_temp_2026_06_10\P258_S09_S31\P258_S09_S31.pdsprj","12488"
"deleted_duplicate_in_experiments","C:\Users\tahab\Downloads\SQU\Project Backups\ic_pairwise_34_v1_temp_2026_06_10\P259_S09_S32\P259_S09_S32.pdsprj","","2120C7A68257D4814A62449C2F8BA52EDB9E5FB71076158FC845CA5051B7E5D7","D:\Coding\protuesgen\experiments\ic_pairwise_34_v1_temp_2026_06_10\P259_S09_S32\P259_S09_S32.pdsprj","12582"
"deleted_duplicate_in_experiments","C:\Users\tahab\Downloads\SQU\Project Backups\ic_pairwise_34_v1_temp_2026_06_10\P260_S09_S33\P260_S09_S33.pdsprj","","E29FDD782D3613BA73C00FAF4C9D7B1328EEA7A740ED15A9E13E9688A1B3298E","D:\Coding\protuesgen\experiments\ic_pairwise_34_v1_temp_2026_06_10\P260_S09_S33\P260_S09_S33.pdsprj","12911"
"deleted_duplicate_in_experiments","C:\Users\tahab\Downloads\SQU\Project Backups\ic_pairwise_34_v1_temp_2026_06_10\P261_S09_S34\P261_S09_S34.pdsprj","","304BCAD101F1AA18F283788692FF5713EDAE4C06643EF642EAB70DEDEAC5BA2A","D:\Coding\protuesgen\experiments\ic_pairwise_34_v1_temp_2026_06_10\P261_S09_S34\P261_S09_S34.pdsprj","13602"
"deleted_duplicate_in_experiments","C:\Users\tahab\Downloads\SQU\Project Backups\ic_pairwise_34_v1_temp_2026_06_10\P262_S10_S11\P262_S10_S11.pdsprj","","CDBED6F58198B6D60EE35A9B2D0D5C6D62DD56DE374C3D41A3514A8F436AE709","D:\Coding\protuesgen\experiments\ic_pairwise_34_v1_temp_2026_06_10\P262_S10_S11\P262_S10_S11.pdsprj","12213"
"deleted_duplicate_in_experiments","C:\Users\tahab\Downloads\SQU\Project Backups\ic_pairwise_34_v1_temp_2026_06_10\P263_S10_S12\P263_S10_S12.pdsprj","","4FF6C2657F785601131CCB132BAFFBA16FB055B10169FD885E1953EB308FA3E6","D:\Coding\protuesgen\experiments\ic_pairwise_34_v1_temp_2026_06_10\P263_S10_S12\P263_S10_S12.pdsprj","12408"
"deleted_duplicate_in_experiments","C:\Users\tahab\Downloads\SQU\Project Backups\ic_pairwise_34_v1_temp_2026_06_10\P264_S10_S13\P264_S10_S13.pdsprj","","926672BACA0509D3D848A8E46B646CCA33D7FFB392475A59AD06FF5E876C7469","D:\Coding\protuesgen\experiments\ic_pairwise_34_v1_temp_2026_06_10\P264_S10_S13\P264_S10_S13.pdsprj","12411"
"deleted_duplicate_in_experiments","C:\Users\tahab\Downloads\SQU\Project Backups\ic_pairwise_34_v1_temp_2026_06_10\P265_S10_S14\P265_S10_S14.pdsprj","","570DD306154BF1429AAEC6FE6389B623D3EF985045392F50764F75BDDDAB0A59","D:\Coding\protuesgen\experiments\ic_pairwise_34_v1_temp_2026_06_10\P265_S10_S14\P265_S10_S14.pdsprj","12464"
"deleted_duplicate_in_experiments","C:\Users\tahab\Downloads\SQU\Project Backups\ic_pairwise_34_v1_temp_2026_06_10\P266_S10_S15\P266_S10_S15.pdsprj","","34391E0E68DBBBD76A5D116E8944356BE6787FD3018D997EE2B74846875FDA3E","D:\Coding\protuesgen\experiments\ic_pairwise_34_v1_temp_2026_06_10\P266_S10_S15\P266_S10_S15.pdsprj","12521"
"deleted_duplicate_in_experiments","C:\Users\tahab\Downloads\SQU\Project Backups\ic_pairwise_34_v1_temp_2026_06_10\P267_S10_S16\P267_S10_S16.pdsprj","","708564B44CB2C3A8CE102922D7A07DF31A80009F692AB71D3B155039FEBEB69F","D:\Coding\protuesgen\experiments\ic_pairwise_34_v1_temp_2026_06_10\P267_S10_S16\P267_S10_S16.pdsprj","12326"
"deleted_duplicate_in_experiments","C:\Users\tahab\Downloads\SQU\Project Backups\ic_pairwise_34_v1_temp_2026_06_10\P268_S10_S17\P268_S10_S17.pdsprj","","E3805FF945C4479627ED5AC531443DEC6B75880F19FC7F5E2179B7A42D3730A2","D:\Coding\protuesgen\experiments\ic_pairwise_34_v1_temp_2026_06_10\P268_S10_S17\P268_S10_S17.pdsprj","12484"
"deleted_duplicate_in_experiments","C:\Users\tahab\Downloads\SQU\Project Backups\ic_pairwise_34_v1_temp_2026_06_10\P269_S10_S18\P269_S10_S18.pdsprj","","B0D5484AE383E5B1C0F47D437654DA214771FCFDDD3B12376A7E120C7DCD0EA8","D:\Coding\protuesgen\experiments\ic_pairwise_34_v1_temp_2026_06_10\P269_S10_S18\P269_S10_S18.pdsprj","12363"
"deleted_duplicate_in_experiments","C:\Users\tahab\Downloads\SQU\Project Backups\ic_pairwise_34_v1_temp_2026_06_10\P270_S10_S19\P270_S10_S19.pdsprj","","4D480983687EC2250D36B9E1767AA0C1EAE6C9B891D10EBB6029962E78081C42","D:\Coding\protuesgen\experiments\ic_pairwise_34_v1_temp_2026_06_10\P270_S10_S19\P270_S10_S19.pdsprj","12603"
"deleted_duplicate_in_experiments","C:\Users\tahab\Downloads\SQU\Project Backups\ic_pairwise_34_v1_temp_2026_06_10\P271_S10_S20\P271_S10_S20.pdsprj","","8C23C04A4B5EC2EBA3E755965DBEE171A3CBFBF055B6ABDAF56DFFF974FAFC6C","D:\Coding\protuesgen\experiments\ic_pairwise_34_v1_temp_2026_06_10\P271_S10_S20\P271_S10_S20.pdsprj","12645"
"deleted_duplicate_in_experiments","C:\Users\tahab\Downloads\SQU\Project Backups\ic_pairwise_34_v1_temp_2026_06_10\P272_S10_S21\P272_S10_S21.pdsprj","","14A64455ED28EB44D89680EB12966B28E1449F375940FD2ACF79D33D41E31958","D:\Coding\protuesgen\experiments\ic_pairwise_34_v1_temp_2026_06_10\P272_S10_S21\P272_S10_S21.pdsprj","12447"
"deleted_duplicate_in_experiments","C:\Users\tahab\Downloads\SQU\Project Backups\ic_pairwise_34_v1_temp_2026_06_10\P273_S10_S22\P273_S10_S22.pdsprj","","12AF888756D016F5A54E4D4A6628AE8237B201234AFD0210F3C8C162F4A7EF5F","D:\Coding\protuesgen\experiments\ic_pairwise_34_v1_temp_2026_06_10\P273_S10_S22\P273_S10_S22.pdsprj","12622"
"deleted_duplicate_in_experiments","C:\Users\tahab\Downloads\SQU\Project Backups\ic_pairwise_34_v1_temp_2026_06_10\P274_S10_S23\P274_S10_S23.pdsprj","","88BDA3DC133454D47A1714D5FDD2FDA855967521F3AC4C42637265698B6D7D43","D:\Coding\protuesgen\experiments\ic_pairwise_34_v1_temp_2026_06_10\P274_S10_S23\P274_S10_S23.pdsprj","12627"
"deleted_duplicate_in_experiments","C:\Users\tahab\Downloads\SQU\Project Backups\ic_pairwise_34_v1_temp_2026_06_10\P275_S10_S24\P275_S10_S24.pdsprj","","3BAEFD4F67F76F8A2E90AF268D9DF77747F0A525641C9E3F123323E253889268","D:\Coding\protuesgen\experiments\ic_pairwise_34_v1_temp_2026_06_10\P275_S10_S24\P275_S10_S24.pdsprj","12433"
"deleted_duplicate_in_experiments","C:\Users\tahab\Downloads\SQU\Project Backups\ic_pairwise_34_v1_temp_2026_06_10\P276_S10_S25\P276_S10_S25.pdsprj","","9751E072774E6AB720D753EFF61F2932C00F397B96B03989B5CDBB7B17345814","D:\Coding\protuesgen\experiments\ic_pairwise_34_v1_temp_2026_06_10\P276_S10_S25\P276_S10_S25.pdsprj","12435"
"deleted_duplicate_in_experiments","C:\Users\tahab\Downloads\SQU\Project Backups\ic_pairwise_34_v1_temp_2026_06_10\P277_S10_S26\P277_S10_S26.pdsprj","","4A1AF7E6ABC3BA5234ECDCAD07C1E38555170ED7EBD1A5A96EE759CA4F27154E","D:\Coding\protuesgen\experiments\ic_pairwise_34_v1_temp_2026_06_10\P277_S10_S26\P277_S10_S26.pdsprj","12458"
"deleted_duplicate_in_experiments","C:\Users\tahab\Downloads\SQU\Project Backups\ic_pairwise_34_v1_temp_2026_06_10\P279_S10_S28\P279_S10_S28.pdsprj","","57D19305700B38BCF5DC7A0B1A23A886B1DA13FD1EB0B88790156D31D5DB8997","D:\Coding\protuesgen\experiments\ic_pairwise_34_v1_temp_2026_06_10\P279_S10_S28\P279_S10_S28.pdsprj","12464"
"deleted_duplicate_in_experiments","C:\Users\tahab\Downloads\SQU\Project Backups\ic_pairwise_34_v1_temp_2026_06_10\P280_S10_S29\P280_S10_S29.pdsprj","","08F831A645A220354D24A4ED67D6C295D110EB0BD783B81DBE315E847C6FDF7C","D:\Coding\protuesgen\experiments\ic_pairwise_34_v1_temp_2026_06_10\P280_S10_S29\P280_S10_S29.pdsprj","12591"
"deleted_duplicate_in_experiments","C:\Users\tahab\Downloads\SQU\Project Backups\ic_pairwise_34_v1_temp_2026_06_10\P281_S10_S30\P281_S10_S30.pdsprj","","CBACFBCF4F3B5B29F3696958366BA31D0DA4BAD81D5CCD360D235F620340C334","D:\Coding\protuesgen\experiments\ic_pairwise_34_v1_temp_2026_06_10\P281_S10_S30\P281_S10_S30.pdsprj","12320"
"deleted_duplicate_in_experiments","C:\Users\tahab\Downloads\SQU\Project Backups\ic_pairwise_34_v1_temp_2026_06_10\P282_S10_S31\P282_S10_S31.pdsprj","","AD6F4E3007CA8BFCCCACA8E32DFDAF7CA8C24651AA836B67D330F94315E1A110","D:\Coding\protuesgen\experiments\ic_pairwise_34_v1_temp_2026_06_10\P282_S10_S31\P282_S10_S31.pdsprj","12513"
"deleted_duplicate_in_experiments","C:\Users\tahab\Downloads\SQU\Project Backups\ic_pairwise_34_v1_temp_2026_06_10\P283_S10_S32\P283_S10_S32.pdsprj","","B2ABB5932578AC9A85650EE09B86DF3549156ADC7F910C17AC3242EE6E78FF99","D:\Coding\protuesgen\experiments\ic_pairwise_34_v1_temp_2026_06_10\P283_S10_S32\P283_S10_S32.pdsprj","12559"
"deleted_duplicate_in_experiments","C:\Users\tahab\Downloads\SQU\Project Backups\ic_pairwise_34_v1_temp_2026_06_10\P284_S10_S33\P284_S10_S33.pdsprj","","B2E86C8FBE30A70BB1532043BEE0B76FF82297AE8FF22130F36F194DAA9AD699","D:\Coding\protuesgen\experiments\ic_pairwise_34_v1_temp_2026_06_10\P284_S10_S33\P284_S10_S33.pdsprj","12887"
"deleted_duplicate_in_experiments","C:\Users\tahab\Downloads\SQU\Project Backups\ic_pairwise_34_v1_temp_2026_06_10\P285_S10_S34\P285_S10_S34.pdsprj","","D8D60EE5D43E60669921B42A1E10D17A20F3C7293A7B782FE3D45839AF21E1E2","D:\Coding\protuesgen\experiments\ic_pairwise_34_v1_temp_2026_06_10\P285_S10_S34\P285_S10_S34.pdsprj","13579"
"deleted_duplicate_in_experiments","C:\Users\tahab\Downloads\SQU\Project Backups\ic_pairwise_34_v1_temp_2026_06_10\P286_S11_S12\P286_S11_S12.pdsprj","","95B95BA2482B31653A69F59B48215D343FB261B5330E7F9CF89224B31A6A83B7","D:\Coding\protuesgen\experiments\ic_pairwise_34_v1_temp_2026_06_10\P286_S11_S12\P286_S11_S12.pdsprj","12427"
"deleted_duplicate_in_experiments","C:\Users\tahab\Downloads\SQU\Project Backups\ic_pairwise_34_v1_temp_2026_06_10\P287_S11_S13\P287_S11_S13.pdsprj","","38CE2B437A51968240075199C3D4D35BBCE51079F9365401ACB72642E6426F77","D:\Coding\protuesgen\experiments\ic_pairwise_34_v1_temp_2026_06_10\P287_S11_S13\P287_S11_S13.pdsprj","12404"
"deleted_duplicate_in_experiments","C:\Users\tahab\Downloads\SQU\Project Backups\ic_pairwise_34_v1_temp_2026_06_10\P288_S11_S14\P288_S11_S14.pdsprj","","A4844AD8586CA19AEE1998B7FF7A1977F590D0C291841A6F509A094B5C001D69","D:\Coding\protuesgen\experiments\ic_pairwise_34_v1_temp_2026_06_10\P288_S11_S14\P288_S11_S14.pdsprj","12494"
"deleted_duplicate_in_experiments","C:\Users\tahab\Downloads\SQU\Project Backups\ic_pairwise_34_v1_temp_2026_06_10\P289_S11_S15\P289_S11_S15.pdsprj","","6EA05D7D7016177B04768E01AC55F1B7DA36204C25FCBED05F4207BC225C0B9A","D:\Coding\protuesgen\experiments\ic_pairwise_34_v1_temp_2026_06_10\P289_S11_S15\P289_S11_S15.pdsprj","12515"
"deleted_duplicate_in_experiments","C:\Users\tahab\Downloads\SQU\Project Backups\ic_pairwise_34_v1_temp_2026_06_10\P290_S11_S16\P290_S11_S16.pdsprj","","7CA599B4B796851B6269F7C6B4F93590310D7EA6748C9AD5EF5FC290598A2291","D:\Coding\protuesgen\experiments\ic_pairwise_34_v1_temp_2026_06_10\P290_S11_S16\P290_S11_S16.pdsprj","12328"
"deleted_duplicate_in_experiments","C:\Users\tahab\Downloads\SQU\Project Backups\ic_pairwise_34_v1_temp_2026_06_10\P291_S11_S17\P291_S11_S17.pdsprj","","714B4F64DB2D1AFDA9E0655C0B7CD5673A44683F50CEA6467D646920EC37C220","D:\Coding\protuesgen\experiments\ic_pairwise_34_v1_temp_2026_06_10\P291_S11_S17\P291_S11_S17.pdsprj","12482"
"deleted_duplicate_in_experiments","C:\Users\tahab\Downloads\SQU\Project Backups\ic_pairwise_34_v1_temp_2026_06_10\P292_S11_S18\P292_S11_S18.pdsprj","","30609C0BF0FA247132301A7DAC3295630FDA3CA971B5AD0F8ED1180A7FB26543","D:\Coding\protuesgen\experiments\ic_pairwise_34_v1_temp_2026_06_10\P292_S11_S18\P292_S11_S18.pdsprj","12355"
"deleted_duplicate_in_experiments","C:\Users\tahab\Downloads\SQU\Project Backups\ic_pairwise_34_v1_temp_2026_06_10\P293_S11_S19\P293_S11_S19.pdsprj","","19CA42786E31DC483BC1CAAAF4FEC89D7A681B0D955583FEDB4ADEB3E035F905","D:\Coding\protuesgen\experiments\ic_pairwise_34_v1_temp_2026_06_10\P293_S11_S19\P293_S11_S19.pdsprj","12608"
"deleted_duplicate_in_experiments","C:\Users\tahab\Downloads\SQU\Project Backups\ic_pairwise_34_v1_temp_2026_06_10\P294_S11_S20\P294_S11_S20.pdsprj","","8C380B32B938687F16C9290F447FF7AB8F24ECF1E7B1548BB90BC7E82C33EF6F","D:\Coding\protuesgen\experiments\ic_pairwise_34_v1_temp_2026_06_10\P294_S11_S20\P294_S11_S20.pdsprj","12654"
"deleted_duplicate_in_experiments","C:\Users\tahab\Downloads\SQU\Project Backups\ic_pairwise_34_v1_temp_2026_06_10\P295_S11_S21\P295_S11_S21.pdsprj","","9DCBA23AC617A4A7021E2D3680C97A81650B062FF98C13901713D5F66138815A","D:\Coding\protuesgen\experiments\ic_pairwise_34_v1_temp_2026_06_10\P295_S11_S21\P295_S11_S21.pdsprj","12431"
"deleted_duplicate_in_experiments","C:\Users\tahab\Downloads\SQU\Project Backups\ic_pairwise_34_v1_temp_2026_06_10\P296_S11_S22\P296_S11_S22.pdsprj","","3A05094D52B048228C62BEAA0EC72C1BD2BA671390C2F9F968AEB604416CDE56","D:\Coding\protuesgen\experiments\ic_pairwise_34_v1_temp_2026_06_10\P296_S11_S22\P296_S11_S22.pdsprj","12614"
"deleted_duplicate_in_experiments","C:\Users\tahab\Downloads\SQU\Project Backups\ic_pairwise_34_v1_temp_2026_06_10\P297_S11_S23\P297_S11_S23.pdsprj","","097EB18EB511F862F465F8737BE54C4518B70399E218B7B9DBC65C724D39AAAA","D:\Coding\protuesgen\experiments\ic_pairwise_34_v1_temp_2026_06_10\P297_S11_S23\P297_S11_S23.pdsprj","12618"
"deleted_duplicate_in_experiments","C:\Users\tahab\Downloads\SQU\Project Backups\ic_pairwise_34_v1_temp_2026_06_10\P298_S11_S24\P298_S11_S24.pdsprj","","F4A9F926AEEB6F4010B58F6398DB2756E1FDB5FFF687579EEFE50895B41B704F","D:\Coding\protuesgen\experiments\ic_pairwise_34_v1_temp_2026_06_10\P298_S11_S24\P298_S11_S24.pdsprj","12438"
"deleted_duplicate_in_experiments","C:\Users\tahab\Downloads\SQU\Project Backups\ic_pairwise_34_v1_temp_2026_06_10\P299_S11_S25\P299_S11_S25.pdsprj","","7E45292E126A052E0E27238FD52C64E39F003BBDA89D6C56549786B690101068","D:\Coding\protuesgen\experiments\ic_pairwise_34_v1_temp_2026_06_10\P299_S11_S25\P299_S11_S25.pdsprj","12432"
"deleted_duplicate_in_experiments","C:\Users\tahab\Downloads\SQU\Project Backups\ic_pairwise_34_v1_temp_2026_06_10\P300_S11_S26\P300_S11_S26.pdsprj","","B6BF89D0426A885DE8D136B154B4F0F0F1F736D31CF5B8D5660DC8F127E284AD","D:\Coding\protuesgen\experiments\ic_pairwise_34_v1_temp_2026_06_10\P300_S11_S26\P300_S11_S26.pdsprj","12452"
"deleted_duplicate_in_experiments","C:\Users\tahab\Downloads\SQU\Project Backups\ic_pairwise_34_v1_temp_2026_06_10\P302_S11_S28\P302_S11_S28.pdsprj","","08CECA1F75653E205EF1D50C2732A0A681A9F772D2A1595E8DE69C8399702F4F","D:\Coding\protuesgen\experiments\ic_pairwise_34_v1_temp_2026_06_10\P302_S11_S28\P302_S11_S28.pdsprj","12448"
"deleted_duplicate_in_experiments","C:\Users\tahab\Downloads\SQU\Project Backups\ic_pairwise_34_v1_temp_2026_06_10\P303_S11_S29\P303_S11_S29.pdsprj","","B35E540D7B1CFCEDDC0D03CF639314E9F41B80C42539F1B03E4105176C67B2ED","D:\Coding\protuesgen\experiments\ic_pairwise_34_v1_temp_2026_06_10\P303_S11_S29\P303_S11_S29.pdsprj","12603"
"deleted_duplicate_in_experiments","C:\Users\tahab\Downloads\SQU\Project Backups\ic_pairwise_34_v1_temp_2026_06_10\P304_S11_S30\P304_S11_S30.pdsprj","","AC93E826F33BD310A5B3B8A5478562B98066727BD6B4D7644098DEAFAB469658","D:\Coding\protuesgen\experiments\ic_pairwise_34_v1_temp_2026_06_10\P304_S11_S30\P304_S11_S30.pdsprj","12326"
"deleted_duplicate_in_experiments","C:\Users\tahab\Downloads\SQU\Project Backups\ic_pairwise_34_v1_temp_2026_06_10\P305_S11_S31\P305_S11_S31.pdsprj","","59210D3DAEDB4A35FA310D4CAB52C477F6F5091F232F91F60800E64B4E5E810B","D:\Coding\protuesgen\experiments\ic_pairwise_34_v1_temp_2026_06_10\P305_S11_S31\P305_S11_S31.pdsprj","12507"
"deleted_duplicate_in_experiments","C:\Users\tahab\Downloads\SQU\Project Backups\ic_pairwise_34_v1_temp_2026_06_10\P306_S11_S32\P306_S11_S32.pdsprj","","C28E771818C1314D61F2A5B639E6B79628C311CAAFF9EE5C93A03DBE7B9DCD5F","D:\Coding\protuesgen\experiments\ic_pairwise_34_v1_temp_2026_06_10\P306_S11_S32\P306_S11_S32.pdsprj","12562"
"deleted_duplicate_in_experiments","C:\Users\tahab\Downloads\SQU\Project Backups\ic_pairwise_34_v1_temp_2026_06_10\P307_S11_S33\P307_S11_S33.pdsprj","","856FE83E28FDF12D358167B363BF140C982E56D3C73B2C396AABF919D5A8F57C","D:\Coding\protuesgen\experiments\ic_pairwise_34_v1_temp_2026_06_10\P307_S11_S33\P307_S11_S33.pdsprj","12888"
"deleted_duplicate_in_experiments","C:\Users\tahab\Downloads\SQU\Project Backups\ic_pairwise_34_v1_temp_2026_06_10\P308_S11_S34\P308_S11_S34.pdsprj","","9C700D7CB9F478C25EDD933CEAC35943A96ADF9E6099C83E1D3D09AC96F03791","D:\Coding\protuesgen\experiments\ic_pairwise_34_v1_temp_2026_06_10\P308_S11_S34\P308_S11_S34.pdsprj","13578"
"deleted_duplicate_in_experiments","C:\Users\tahab\Downloads\SQU\Project Backups\ic_pairwise_34_v1_temp_2026_06_10\P309_S12_S13\P309_S12_S13.pdsprj","","A9F020AEF85D42AAF878EF42BD2B4A812906722330D9BABA94359445AAA409FF","D:\Coding\protuesgen\experiments\ic_pairwise_34_v1_temp_2026_06_10\P309_S12_S13\P309_S12_S13.pdsprj","12243"
"deleted_duplicate_in_experiments","C:\Users\tahab\Downloads\SQU\Project Backups\ic_pairwise_34_v1_temp_2026_06_10\P310_S12_S14\P310_S12_S14.pdsprj","","F3E60A3AC1D2E9DEEB0DB6ACB4F345F2790135ADA929FF934CA5B5D247F09A00","D:\Coding\protuesgen\experiments\ic_pairwise_34_v1_temp_2026_06_10\P310_S12_S14\P310_S12_S14.pdsprj","12518"
"deleted_duplicate_in_experiments","C:\Users\tahab\Downloads\SQU\Project Backups\ic_pairwise_34_v1_temp_2026_06_10\P311_S12_S15\P311_S12_S15.pdsprj","","25632E0513EFDBF07507407C1EB34B7F73F8871C5FBD0879178ABDC609CC32CC","D:\Coding\protuesgen\experiments\ic_pairwise_34_v1_temp_2026_06_10\P311_S12_S15\P311_S12_S15.pdsprj","12543"
"deleted_duplicate_in_experiments","C:\Users\tahab\Downloads\SQU\Project Backups\ic_pairwise_34_v1_temp_2026_06_10\P312_S12_S16\P312_S12_S16.pdsprj","","A2979B185CABBB6164B830667C70896D9619D614E7FDA5785A55139161476BC9","D:\Coding\protuesgen\experiments\ic_pairwise_34_v1_temp_2026_06_10\P312_S12_S16\P312_S12_S16.pdsprj","12325"
"deleted_duplicate_in_experiments","C:\Users\tahab\Downloads\SQU\Project Backups\ic_pairwise_34_v1_temp_2026_06_10\P313_S12_S17\P313_S12_S17.pdsprj","","5BDFB1BC2FD35ECE3757EFE0FD4D287FBBDB1DB0EAECE91A6EA4D727E3AE969F","D:\Coding\protuesgen\experiments\ic_pairwise_34_v1_temp_2026_06_10\P313_S12_S17\P313_S12_S17.pdsprj","12514"
"deleted_duplicate_in_experiments","C:\Users\tahab\Downloads\SQU\Project Backups\ic_pairwise_34_v1_temp_2026_06_10\P314_S12_S18\P314_S12_S18.pdsprj","","9AA3846F784A88283EF0EB73DE53EF6CAB174426798280A7B02CEF07D1990E01","D:\Coding\protuesgen\experiments\ic_pairwise_34_v1_temp_2026_06_10\P314_S12_S18\P314_S12_S18.pdsprj","12353"
"deleted_duplicate_in_experiments","C:\Users\tahab\Downloads\SQU\Project Backups\ic_pairwise_34_v1_temp_2026_06_10\P315_S12_S19\P315_S12_S19.pdsprj","","BA90A95FE22C45D357C3D3A176C5CA3BB34729FB4550CAD82B11B9B52A8400E0","D:\Coding\protuesgen\experiments\ic_pairwise_34_v1_temp_2026_06_10\P315_S12_S19\P315_S12_S19.pdsprj","12621"
"deleted_duplicate_in_experiments","C:\Users\tahab\Downloads\SQU\Project Backups\ic_pairwise_34_v1_temp_2026_06_10\P316_S12_S20\P316_S12_S20.pdsprj","","5AEAFDACA077D18EC4D959C0855099EF2E6561BC168549694D15D14293C92C07","D:\Coding\protuesgen\experiments\ic_pairwise_34_v1_temp_2026_06_10\P316_S12_S20\P316_S12_S20.pdsprj","12632"
"deleted_duplicate_in_experiments","C:\Users\tahab\Downloads\SQU\Project Backups\ic_pairwise_34_v1_temp_2026_06_10\P317_S12_S21\P317_S12_S21.pdsprj","","C4F9F410E8B3CCF35167F46FBB7D0C3BDFCFEDF2C8AE0DA53E3E909F829ACCB1","D:\Coding\protuesgen\experiments\ic_pairwise_34_v1_temp_2026_06_10\P317_S12_S21\P317_S12_S21.pdsprj","12461"
"deleted_duplicate_in_experiments","C:\Users\tahab\Downloads\SQU\Project Backups\ic_pairwise_34_v1_temp_2026_06_10\P318_S12_S22\P318_S12_S22.pdsprj","","17FC9C43D443B630C07462E80A1A071688F718683051005706E3AAF889660799","D:\Coding\protuesgen\experiments\ic_pairwise_34_v1_temp_2026_06_10\P318_S12_S22\P318_S12_S22.pdsprj","12625"
"deleted_duplicate_in_experiments","C:\Users\tahab\Downloads\SQU\Project Backups\ic_pairwise_34_v1_temp_2026_06_10\P319_S12_S23\P319_S12_S23.pdsprj","","AA634E56744603F905AE20AA3A33690F11D8AACBA207C68C03F2D76E0AB29508","D:\Coding\protuesgen\experiments\ic_pairwise_34_v1_temp_2026_06_10\P319_S12_S23\P319_S12_S23.pdsprj","12636"
"deleted_duplicate_in_experiments","C:\Users\tahab\Downloads\SQU\Project Backups\ic_pairwise_34_v1_temp_2026_06_10\P320_S12_S24\P320_S12_S24.pdsprj","","5165D911E19DE5B700500DDC2203B351F452C28F84B3B1B698DB9759C0581566","D:\Coding\protuesgen\experiments\ic_pairwise_34_v1_temp_2026_06_10\P320_S12_S24\P320_S12_S24.pdsprj","12420"
"deleted_duplicate_in_experiments","C:\Users\tahab\Downloads\SQU\Project Backups\ic_pairwise_34_v1_temp_2026_06_10\P321_S12_S25\P321_S12_S25.pdsprj","","55B3DF36812E302228105D39486E5616A269F377F5276018FAA20DF941E203C0","D:\Coding\protuesgen\experiments\ic_pairwise_34_v1_temp_2026_06_10\P321_S12_S25\P321_S12_S25.pdsprj","12406"
"deleted_duplicate_in_experiments","C:\Users\tahab\Downloads\SQU\Project Backups\ic_pairwise_34_v1_temp_2026_06_10\P322_S12_S26\P322_S12_S26.pdsprj","","66E28356482ACEFFD661796CACAF6B7F9FB678F46667FDA0FDA8BE00E60D67FB","D:\Coding\protuesgen\experiments\ic_pairwise_34_v1_temp_2026_06_10\P322_S12_S26\P322_S12_S26.pdsprj","12480"
"deleted_duplicate_in_experiments","C:\Users\tahab\Downloads\SQU\Project Backups\ic_pairwise_34_v1_temp_2026_06_10\P324_S12_S28\P324_S12_S28.pdsprj","","DA8886C216E1A2E4197A76002698B0A8591B629221550CF9CFB49116D1C8CFAA","D:\Coding\protuesgen\experiments\ic_pairwise_34_v1_temp_2026_06_10\P324_S12_S28\P324_S12_S28.pdsprj","12499"
"deleted_duplicate_in_experiments","C:\Users\tahab\Downloads\SQU\Project Backups\ic_pairwise_34_v1_temp_2026_06_10\P325_S12_S29\P325_S12_S29.pdsprj","","9E51E704C007C0EABB20F83A1983C3BF8EB14A20325AA9A6BBD91C29D0157B06","D:\Coding\protuesgen\experiments\ic_pairwise_34_v1_temp_2026_06_10\P325_S12_S29\P325_S12_S29.pdsprj","12613"
"deleted_duplicate_in_experiments","C:\Users\tahab\Downloads\SQU\Project Backups\ic_pairwise_34_v1_temp_2026_06_10\P326_S12_S30\P326_S12_S30.pdsprj","","E60BA44C74080B0CC22D37EEFF40AF57B9BDCC84F9E2C81D4367B90082A6B42F","D:\Coding\protuesgen\experiments\ic_pairwise_34_v1_temp_2026_06_10\P326_S12_S30\P326_S12_S30.pdsprj","12296"
"deleted_duplicate_in_experiments","C:\Users\tahab\Downloads\SQU\Project Backups\ic_pairwise_34_v1_temp_2026_06_10\P327_S12_S31\P327_S12_S31.pdsprj","","F528DD93DD3A2AB86CE142FBD06869CCADD6A7128AA3CBEB1859519AE8ADD0E9","D:\Coding\protuesgen\experiments\ic_pairwise_34_v1_temp_2026_06_10\P327_S12_S31\P327_S12_S31.pdsprj","12490"
"deleted_duplicate_in_experiments","C:\Users\tahab\Downloads\SQU\Project Backups\ic_pairwise_34_v1_temp_2026_06_10\P328_S12_S32\P328_S12_S32.pdsprj","","E5ABCE06A4C8B5A0D2EEC14B681BA9C7EA64E3551C78D49D1C2E6E93D8BE96B4","D:\Coding\protuesgen\experiments\ic_pairwise_34_v1_temp_2026_06_10\P328_S12_S32\P328_S12_S32.pdsprj","12578"
"deleted_duplicate_in_experiments","C:\Users\tahab\Downloads\SQU\Project Backups\ic_pairwise_34_v1_temp_2026_06_10\P329_S12_S33\P329_S12_S33.pdsprj","","F500845CACCB86E833BB5C0E8944F715935B2F7CD975546CA76D596D6675FD32","D:\Coding\protuesgen\experiments\ic_pairwise_34_v1_temp_2026_06_10\P329_S12_S33\P329_S12_S33.pdsprj","12908"
"deleted_duplicate_in_experiments","C:\Users\tahab\Downloads\SQU\Project Backups\ic_pairwise_34_v1_temp_2026_06_10\P330_S12_S34\P330_S12_S34.pdsprj","","B19F308BB9C24BCA8B0C9BFD5ACBFAEE0357AA8F98BF7C609F6A69B95A6C24ED","D:\Coding\protuesgen\experiments\ic_pairwise_34_v1_temp_2026_06_10\P330_S12_S34\P330_S12_S34.pdsprj","13598"
"deleted_duplicate_in_experiments","C:\Users\tahab\Downloads\SQU\Project Backups\ic_pairwise_34_v1_temp_2026_06_10\P331_S13_S14\P331_S13_S14.pdsprj","","6BF7545D6A2F4EA5434613FFAED0510D45247DD001460605F0FE6DAF4BA51C2B","D:\Coding\protuesgen\experiments\ic_pairwise_34_v1_temp_2026_06_10\P331_S13_S14\P331_S13_S14.pdsprj","12538"
"deleted_duplicate_in_experiments","C:\Users\tahab\Downloads\SQU\Project Backups\ic_pairwise_34_v1_temp_2026_06_10\P332_S13_S15\P332_S13_S15.pdsprj","","E04708F479BDF9E6E4616FEBCCF88074010618B99F21B83B05084BABA25BB664","D:\Coding\protuesgen\experiments\ic_pairwise_34_v1_temp_2026_06_10\P332_S13_S15\P332_S13_S15.pdsprj","12525"
"deleted_duplicate_in_experiments","C:\Users\tahab\Downloads\SQU\Project Backups\ic_pairwise_34_v1_temp_2026_06_10\P333_S13_S16\P333_S13_S16.pdsprj","","8975D5A29683D7356C528AFD943E2DD37662F1A11A6E0760697BEB821550A607","D:\Coding\protuesgen\experiments\ic_pairwise_34_v1_temp_2026_06_10\P333_S13_S16\P333_S13_S16.pdsprj","12314"
"deleted_duplicate_in_experiments","C:\Users\tahab\Downloads\SQU\Project Backups\ic_pairwise_34_v1_temp_2026_06_10\P334_S13_S17\P334_S13_S17.pdsprj","","0843029C7622A7205FEA986B7D18784C7B30FCD46AEF186B1E6F6AA213B1EA56","D:\Coding\protuesgen\experiments\ic_pairwise_34_v1_temp_2026_06_10\P334_S13_S17\P334_S13_S17.pdsprj","12506"
"deleted_duplicate_in_experiments","C:\Users\tahab\Downloads\SQU\Project Backups\ic_pairwise_34_v1_temp_2026_06_10\P335_S13_S18\P335_S13_S18.pdsprj","","AA9EA123A7763B0CE83C81A51C0EDD4AC40728F1042E16B6165321420C150AE0","D:\Coding\protuesgen\experiments\ic_pairwise_34_v1_temp_2026_06_10\P335_S13_S18\P335_S13_S18.pdsprj","12359"
"deleted_duplicate_in_experiments","C:\Users\tahab\Downloads\SQU\Project Backups\ic_pairwise_34_v1_temp_2026_06_10\P336_S13_S19\P336_S13_S19.pdsprj","","FCEB8A47EAAA0A38D8A4BCA9BC64B98EBAC44F376F6A1D62D28912956BF4C764","D:\Coding\protuesgen\experiments\ic_pairwise_34_v1_temp_2026_06_10\P336_S13_S19\P336_S13_S19.pdsprj","12619"
"deleted_duplicate_in_experiments","C:\Users\tahab\Downloads\SQU\Project Backups\ic_pairwise_34_v1_temp_2026_06_10\P337_S13_S20\P337_S13_S20.pdsprj","","B46AD6596463DDE549270C44448DBB95E0DD2BFC835EC7B41FB5E23D77ED4FA0","D:\Coding\protuesgen\experiments\ic_pairwise_34_v1_temp_2026_06_10\P337_S13_S20\P337_S13_S20.pdsprj","12637"
"deleted_duplicate_in_experiments","C:\Users\tahab\Downloads\SQU\Project Backups\ic_pairwise_34_v1_temp_2026_06_10\P338_S13_S21\P338_S13_S21.pdsprj","","E79398C3D248023765A37F79C3E11D13E26A9F48C8FADB5966ECD831066C0F99","D:\Coding\protuesgen\experiments\ic_pairwise_34_v1_temp_2026_06_10\P338_S13_S21\P338_S13_S21.pdsprj","12452"
"deleted_duplicate_in_experiments","C:\Users\tahab\Downloads\SQU\Project Backups\ic_pairwise_34_v1_temp_2026_06_10\P339_S13_S22\P339_S13_S22.pdsprj","","EDC58694C171435D5771A621431E5CBF4B83E6316C3832356E55397C9F0B296A","D:\Coding\protuesgen\experiments\ic_pairwise_34_v1_temp_2026_06_10\P339_S13_S22\P339_S13_S22.pdsprj","12625"
"deleted_duplicate_in_experiments","C:\Users\tahab\Downloads\SQU\Project Backups\ic_pairwise_34_v1_temp_2026_06_10\P340_S13_S23\P340_S13_S23.pdsprj","","87A9C00FF771236E4661FB8D9FDA14AABB21C58B79046F98AEE09743680F3061","D:\Coding\protuesgen\experiments\ic_pairwise_34_v1_temp_2026_06_10\P340_S13_S23\P340_S13_S23.pdsprj","12642"
"deleted_duplicate_in_experiments","C:\Users\tahab\Downloads\SQU\Project Backups\ic_pairwise_34_v1_temp_2026_06_10\P341_S13_S24\P341_S13_S24.pdsprj","","F354CF2E5FA7ED9C44D6E835C737C8A4F65353A51EDFA7B6999DDAE1210FE0FC","D:\Coding\protuesgen\experiments\ic_pairwise_34_v1_temp_2026_06_10\P341_S13_S24\P341_S13_S24.pdsprj","12414"
"deleted_duplicate_in_experiments","C:\Users\tahab\Downloads\SQU\Project Backups\ic_pairwise_34_v1_temp_2026_06_10\P342_S13_S25\P342_S13_S25.pdsprj","","FFA18125F41A5133FD2A4A4A4FACC38BB12FA0C97C1075E8858BCA98A6593AB4","D:\Coding\protuesgen\experiments\ic_pairwise_34_v1_temp_2026_06_10\P342_S13_S25\P342_S13_S25.pdsprj","12417"
"deleted_duplicate_in_experiments","C:\Users\tahab\Downloads\SQU\Project Backups\ic_pairwise_34_v1_temp_2026_06_10\P343_S13_S26\P343_S13_S26.pdsprj","","DE1949B35A9FFEF77235839F8A4BD06458B6446CF1E41C38A6EBA3B67F8898EE","D:\Coding\protuesgen\experiments\ic_pairwise_34_v1_temp_2026_06_10\P343_S13_S26\P343_S13_S26.pdsprj","12477"
"deleted_duplicate_in_experiments","C:\Users\tahab\Downloads\SQU\Project Backups\ic_pairwise_34_v1_temp_2026_06_10\P345_S13_S28\P345_S13_S28.pdsprj","","3BCA4A0AB48BBFDD8F852BFDBB7D6FB495716BCEA4A904B16A505C3B68395FCE","D:\Coding\protuesgen\experiments\ic_pairwise_34_v1_temp_2026_06_10\P345_S13_S28\P345_S13_S28.pdsprj","12495"
"deleted_duplicate_in_experiments","C:\Users\tahab\Downloads\SQU\Project Backups\ic_pairwise_34_v1_temp_2026_06_10\P346_S13_S29\P346_S13_S29.pdsprj","","EE92B77B0D2B4C8A6FB4CDCC3993B14E1EA93C5C9FABB1AC31E8D8996CC9FFCB","D:\Coding\protuesgen\experiments\ic_pairwise_34_v1_temp_2026_06_10\P346_S13_S29\P346_S13_S29.pdsprj","12615"
"deleted_duplicate_in_experiments","C:\Users\tahab\Downloads\SQU\Project Backups\ic_pairwise_34_v1_temp_2026_06_10\P347_S13_S30\P347_S13_S30.pdsprj","","4734CA36E1C6FC4365B365BB023A8FF2BE72F0EE7C13B6F8DB78AF8CFC35AE22","D:\Coding\protuesgen\experiments\ic_pairwise_34_v1_temp_2026_06_10\P347_S13_S30\P347_S13_S30.pdsprj","12307"
"deleted_duplicate_in_experiments","C:\Users\tahab\Downloads\SQU\Project Backups\ic_pairwise_34_v1_temp_2026_06_10\P348_S13_S31\P348_S13_S31.pdsprj","","7C80E8E3B2396E529CEB6094B6103F33BD61A3FE130CDC894896E027CB0CC7ED","D:\Coding\protuesgen\experiments\ic_pairwise_34_v1_temp_2026_06_10\P348_S13_S31\P348_S13_S31.pdsprj","12495"
"deleted_duplicate_in_experiments","C:\Users\tahab\Downloads\SQU\Project Backups\ic_pairwise_34_v1_temp_2026_06_10\P349_S13_S32\P349_S13_S32.pdsprj","","9D9A1946E3065D9942AEB82A02DB19C0A55B5A41292CA72A1D03601E8962ACD8","D:\Coding\protuesgen\experiments\ic_pairwise_34_v1_temp_2026_06_10\P349_S13_S32\P349_S13_S32.pdsprj","12588"
"deleted_duplicate_in_experiments","C:\Users\tahab\Downloads\SQU\Project Backups\ic_pairwise_34_v1_temp_2026_06_10\P350_S13_S33\P350_S13_S33.pdsprj","","E97520EB3CFC0F5E0E31E31B842C64A5FE2DA9E34EC7825F35DBDE40963766C7","D:\Coding\protuesgen\experiments\ic_pairwise_34_v1_temp_2026_06_10\P350_S13_S33\P350_S13_S33.pdsprj","12913"
"deleted_duplicate_in_experiments","C:\Users\tahab\Downloads\SQU\Project Backups\ic_pairwise_34_v1_temp_2026_06_10\P351_S13_S34\P351_S13_S34.pdsprj","","6546B17C6D2766F64FA881946E1347F9752885DB72359217329505788187902F","D:\Coding\protuesgen\experiments\ic_pairwise_34_v1_temp_2026_06_10\P351_S13_S34\P351_S13_S34.pdsprj","13604"
"deleted_duplicate_in_experiments","C:\Users\tahab\Downloads\SQU\Project Backups\ic_pairwise_34_v1_temp_2026_06_10\P352_S14_S15\P352_S14_S15.pdsprj","","80D93D341141AA99B0D1D69615CD632CF272AC4E96B0449F7D286C588C774860","D:\Coding\protuesgen\experiments\ic_pairwise_34_v1_temp_2026_06_10\P352_S14_S15\P352_S14_S15.pdsprj","12382"
"deleted_duplicate_in_experiments","C:\Users\tahab\Downloads\SQU\Project Backups\ic_pairwise_34_v1_temp_2026_06_10\P353_S14_S16\P353_S14_S16.pdsprj","","ECAABC771C0A5001F5EEBBEED391967C9B558E867E937C8927A9BB3E40F7FD5B","D:\Coding\protuesgen\experiments\ic_pairwise_34_v1_temp_2026_06_10\P353_S14_S16\P353_S14_S16.pdsprj","12286"
"deleted_duplicate_in_experiments","C:\Users\tahab\Downloads\SQU\Project Backups\ic_pairwise_34_v1_temp_2026_06_10\P354_S14_S17\P354_S14_S17.pdsprj","","C14C1788D79C3B0469B7F76B0037146A71B4671F665FA39073DE90C93CEA02BD","D:\Coding\protuesgen\experiments\ic_pairwise_34_v1_temp_2026_06_10\P354_S14_S17\P354_S14_S17.pdsprj","12394"
"deleted_duplicate_in_experiments","C:\Users\tahab\Downloads\SQU\Project Backups\ic_pairwise_34_v1_temp_2026_06_10\P355_S14_S18\P355_S14_S18.pdsprj","","AB00DFD028AC46C34426E39E809D2F8045C652744DA7B232AD125CF556634324","D:\Coding\protuesgen\experiments\ic_pairwise_34_v1_temp_2026_06_10\P355_S14_S18\P355_S14_S18.pdsprj","12279"
"deleted_duplicate_in_experiments","C:\Users\tahab\Downloads\SQU\Project Backups\ic_pairwise_34_v1_temp_2026_06_10\P356_S14_S19\P356_S14_S19.pdsprj","","6783D1FCC20834F06630D86DB9C65E3E57834D046B4DC2D8709369E7DCA6513A","D:\Coding\protuesgen\experiments\ic_pairwise_34_v1_temp_2026_06_10\P356_S14_S19\P356_S14_S19.pdsprj","12663"
"deleted_duplicate_in_experiments","C:\Users\tahab\Downloads\SQU\Project Backups\ic_pairwise_34_v1_temp_2026_06_10\P357_S14_S20\P357_S14_S20.pdsprj","","565BDC384114AF04013D1A31F61F685F11378FC0EBE34F61A71CACA30D147083","D:\Coding\protuesgen\experiments\ic_pairwise_34_v1_temp_2026_06_10\P357_S14_S20\P357_S14_S20.pdsprj","12706"
"deleted_duplicate_in_experiments","C:\Users\tahab\Downloads\SQU\Project Backups\ic_pairwise_34_v1_temp_2026_06_10\P358_S14_S21\P358_S14_S21.pdsprj","","06DB551D8ED1045EB60CB95B8A986A1D3E7D1714C961D714F213093AE04C42FC","D:\Coding\protuesgen\experiments\ic_pairwise_34_v1_temp_2026_06_10\P358_S14_S21\P358_S14_S21.pdsprj","12578"
"deleted_duplicate_in_experiments","C:\Users\tahab\Downloads\SQU\Project Backups\ic_pairwise_34_v1_temp_2026_06_10\P359_S14_S22\P359_S14_S22.pdsprj","","E58117051A3C2FFE9722D0EC5959DBEB44E8FFF514E6039FBD1210ED0C621A55","D:\Coding\protuesgen\experiments\ic_pairwise_34_v1_temp_2026_06_10\P359_S14_S22\P359_S14_S22.pdsprj","12704"
"deleted_duplicate_in_experiments","C:\Users\tahab\Downloads\SQU\Project Backups\ic_pairwise_34_v1_temp_2026_06_10\P360_S14_S23\P360_S14_S23.pdsprj","","231DEA4E51097060CC0AA4A1F948D3337E54918DAEE48258D151442ED18FFCC9","D:\Coding\protuesgen\experiments\ic_pairwise_34_v1_temp_2026_06_10\P360_S14_S23\P360_S14_S23.pdsprj","12551"
"deleted_duplicate_in_experiments","C:\Users\tahab\Downloads\SQU\Project Backups\ic_pairwise_34_v1_temp_2026_06_10\P361_S14_S24\P361_S14_S24.pdsprj","","1371C62EDF1136476625D67DC4A7D188680EC506C544AC44C8D15DFB58AB8518","D:\Coding\protuesgen\experiments\ic_pairwise_34_v1_temp_2026_06_10\P361_S14_S24\P361_S14_S24.pdsprj","12503"
"deleted_duplicate_in_experiments","C:\Users\tahab\Downloads\SQU\Project Backups\ic_pairwise_34_v1_temp_2026_06_10\P362_S14_S25\P362_S14_S25.pdsprj","","04F7C8FEE9D72672D998CB11A9B6C8087BCAFAB672C79C3F33381E7078F8DE6C","D:\Coding\protuesgen\experiments\ic_pairwise_34_v1_temp_2026_06_10\P362_S14_S25\P362_S14_S25.pdsprj","12515"
"deleted_duplicate_in_experiments","C:\Users\tahab\Downloads\SQU\Project Backups\ic_pairwise_34_v1_temp_2026_06_10\P363_S14_S26\P363_S14_S26.pdsprj","","B06E7E32CC63DA40917302DBA73FBFB474FF517D05A146B0275C17FE132A3BBA","D:\Coding\protuesgen\experiments\ic_pairwise_34_v1_temp_2026_06_10\P363_S14_S26\P363_S14_S26.pdsprj","12533"
"deleted_duplicate_in_experiments","C:\Users\tahab\Downloads\SQU\Project Backups\ic_pairwise_34_v1_temp_2026_06_10\P365_S14_S28\P365_S14_S28.pdsprj","","4C7DA52ECD8D512CFC078FB3DD5F6D83AE6B2F14DE35948C54E9D4E734E16519","D:\Coding\protuesgen\experiments\ic_pairwise_34_v1_temp_2026_06_10\P365_S14_S28\P365_S14_S28.pdsprj","12590"
"deleted_duplicate_in_experiments","C:\Users\tahab\Downloads\SQU\Project Backups\ic_pairwise_34_v1_temp_2026_06_10\P366_S14_S29\P366_S14_S29.pdsprj","","D57EB781CF4A8B93C3F48667AF937637F8C19621CE3146AF1D62B376F2E52972","D:\Coding\protuesgen\experiments\ic_pairwise_34_v1_temp_2026_06_10\P366_S14_S29\P366_S14_S29.pdsprj","12643"
"deleted_duplicate_in_experiments","C:\Users\tahab\Downloads\SQU\Project Backups\ic_pairwise_34_v1_temp_2026_06_10\P367_S14_S30\P367_S14_S30.pdsprj","","E328C23F286851FCE1B42C1651F0A5138ADF9823B61387310EAE770BE5869F95","D:\Coding\protuesgen\experiments\ic_pairwise_34_v1_temp_2026_06_10\P367_S14_S30\P367_S14_S30.pdsprj","12332"
"deleted_duplicate_in_experiments","C:\Users\tahab\Downloads\SQU\Project Backups\ic_pairwise_34_v1_temp_2026_06_10\P368_S14_S31\P368_S14_S31.pdsprj","","D2C59B8E799610391D80A2256AC790EF158D6BA73467A2A059EF278FC7FBB290","D:\Coding\protuesgen\experiments\ic_pairwise_34_v1_temp_2026_06_10\P368_S14_S31\P368_S14_S31.pdsprj","12498"
"deleted_duplicate_in_experiments","C:\Users\tahab\Downloads\SQU\Project Backups\ic_pairwise_34_v1_temp_2026_06_10\P369_S14_S32\P369_S14_S32.pdsprj","","65BA0DCF32889308815E0164991A5F13149369A69BE35865C9629C3C285B4887","D:\Coding\protuesgen\experiments\ic_pairwise_34_v1_temp_2026_06_10\P369_S14_S32\P369_S14_S32.pdsprj","12493"
"deleted_duplicate_in_experiments","C:\Users\tahab\Downloads\SQU\Project Backups\ic_pairwise_34_v1_temp_2026_06_10\P370_S14_S33\P370_S14_S33.pdsprj","","6B331D1EA99D2158B4ED4A4BE771C9576E817F0C1AF0833626BEA455FB07CEB0","D:\Coding\protuesgen\experiments\ic_pairwise_34_v1_temp_2026_06_10\P370_S14_S33\P370_S14_S33.pdsprj","12821"
"deleted_duplicate_in_experiments","C:\Users\tahab\Downloads\SQU\Project Backups\ic_pairwise_34_v1_temp_2026_06_10\P371_S14_S34\P371_S14_S34.pdsprj","","21314D8609A50B729451AD411B4FCB8B70D7A5A6DE41EC64C9E5960FBD35F47F","D:\Coding\protuesgen\experiments\ic_pairwise_34_v1_temp_2026_06_10\P371_S14_S34\P371_S14_S34.pdsprj","13510"
"deleted_duplicate_in_experiments","C:\Users\tahab\Downloads\SQU\Project Backups\ic_pairwise_34_v1_temp_2026_06_10\P372_S15_S16\P372_S15_S16.pdsprj","","0127E8229D29F31BA7BA84BBB241972888E1B5B6307D458D67A461D9932B678C","D:\Coding\protuesgen\experiments\ic_pairwise_34_v1_temp_2026_06_10\P372_S15_S16\P372_S15_S16.pdsprj","12238"
"deleted_duplicate_in_experiments","C:\Users\tahab\Downloads\SQU\Project Backups\ic_pairwise_34_v1_temp_2026_06_10\P373_S15_S17\P373_S15_S17.pdsprj","","236F2ECBE3658AC4E74F93D159D23DB4CA830C3724CAE6B5C459C386AD11DB14","D:\Coding\protuesgen\experiments\ic_pairwise_34_v1_temp_2026_06_10\P373_S15_S17\P373_S15_S17.pdsprj","12336"
"deleted_duplicate_in_experiments","C:\Users\tahab\Downloads\SQU\Project Backups\ic_pairwise_34_v1_temp_2026_06_10\P374_S15_S18\P374_S15_S18.pdsprj","","23435EA3A57E635B4433499BAD0AD2585E303537A7F247C5E0ED974D7FDAF293","D:\Coding\protuesgen\experiments\ic_pairwise_34_v1_temp_2026_06_10\P374_S15_S18\P374_S15_S18.pdsprj","12269"
"deleted_duplicate_in_experiments","C:\Users\tahab\Downloads\SQU\Project Backups\ic_pairwise_34_v1_temp_2026_06_10\P375_S15_S19\P375_S15_S19.pdsprj","","878F127F660B9280A26751BC87078FD01B5C0770143AD3C68B9A6442D5C96547","D:\Coding\protuesgen\experiments\ic_pairwise_34_v1_temp_2026_06_10\P375_S15_S19\P375_S15_S19.pdsprj","12648"
"deleted_duplicate_in_experiments","C:\Users\tahab\Downloads\SQU\Project Backups\ic_pairwise_34_v1_temp_2026_06_10\P376_S15_S20\P376_S15_S20.pdsprj","","82C435BF0701616DA28B9E9B9070BE8ADAC8FB82FD12C67445ADF9A621D352C8","D:\Coding\protuesgen\experiments\ic_pairwise_34_v1_temp_2026_06_10\P376_S15_S20\P376_S15_S20.pdsprj","12689"
"deleted_duplicate_in_experiments","C:\Users\tahab\Downloads\SQU\Project Backups\ic_pairwise_34_v1_temp_2026_06_10\P377_S15_S21\P377_S15_S21.pdsprj","","EAA1EC1B3B4E5CCD0626E7D27072217590326C7B1595FA8AD771D4581A4E043E","D:\Coding\protuesgen\experiments\ic_pairwise_34_v1_temp_2026_06_10\P377_S15_S21\P377_S15_S21.pdsprj","12558"
"deleted_duplicate_in_experiments","C:\Users\tahab\Downloads\SQU\Project Backups\ic_pairwise_34_v1_temp_2026_06_10\P378_S15_S22\P378_S15_S22.pdsprj","","F898F8F73BDF7BE609A0315600610AEFD0E4118C8BADF8E080B18121772F815D","D:\Coding\protuesgen\experiments\ic_pairwise_34_v1_temp_2026_06_10\P378_S15_S22\P378_S15_S22.pdsprj","12700"
"deleted_duplicate_in_experiments","C:\Users\tahab\Downloads\SQU\Project Backups\ic_pairwise_34_v1_temp_2026_06_10\P379_S15_S23\P379_S15_S23.pdsprj","","9F6257D13FF49366B727EE38E1FE00063268D5343FF76AFAA230DD2A243D0CC6","D:\Coding\protuesgen\experiments\ic_pairwise_34_v1_temp_2026_06_10\P379_S15_S23\P379_S15_S23.pdsprj","12523"
"deleted_duplicate_in_experiments","C:\Users\tahab\Downloads\SQU\Project Backups\ic_pairwise_34_v1_temp_2026_06_10\P380_S15_S24\P380_S15_S24.pdsprj","","8E6000E2A0B846D3384A77E69F2872DB5949239CD53FF2A872C14375C6D3D173","D:\Coding\protuesgen\experiments\ic_pairwise_34_v1_temp_2026_06_10\P380_S15_S24\P380_S15_S24.pdsprj","12472"
"deleted_duplicate_in_experiments","C:\Users\tahab\Downloads\SQU\Project Backups\ic_pairwise_34_v1_temp_2026_06_10\P381_S15_S25\P381_S15_S25.pdsprj","","54CF4CF6A2DC4ECEECF0A05D10A3342057EC6B18F4C8AF07B8586808F1C1AEC6","D:\Coding\protuesgen\experiments\ic_pairwise_34_v1_temp_2026_06_10\P381_S15_S25\P381_S15_S25.pdsprj","12484"
"deleted_duplicate_in_experiments","C:\Users\tahab\Downloads\SQU\Project Backups\ic_pairwise_34_v1_temp_2026_06_10\P382_S15_S26\P382_S15_S26.pdsprj","","3D5FC19618A4FA08BB73CAB4855B92A8757C3DA284AA41260AB206FCEC418211","D:\Coding\protuesgen\experiments\ic_pairwise_34_v1_temp_2026_06_10\P382_S15_S26\P382_S15_S26.pdsprj","12517"
"deleted_duplicate_in_experiments","C:\Users\tahab\Downloads\SQU\Project Backups\ic_pairwise_34_v1_temp_2026_06_10\P384_S15_S28\P384_S15_S28.pdsprj","","B6CC515F2B78709B5081BC0BD90E20604D9C0FCC998C808F101634BB9876295E","D:\Coding\protuesgen\experiments\ic_pairwise_34_v1_temp_2026_06_10\P384_S15_S28\P384_S15_S28.pdsprj","12557"
"deleted_duplicate_in_experiments","C:\Users\tahab\Downloads\SQU\Project Backups\ic_pairwise_34_v1_temp_2026_06_10\P385_S15_S29\P385_S15_S29.pdsprj","","DB1D7B006D22BEFDB154D62D5583E927AB9B1702214C94012762FB2362C71417","D:\Coding\protuesgen\experiments\ic_pairwise_34_v1_temp_2026_06_10\P385_S15_S29\P385_S15_S29.pdsprj","12636"
"deleted_duplicate_in_experiments","C:\Users\tahab\Downloads\SQU\Project Backups\ic_pairwise_34_v1_temp_2026_06_10\P386_S15_S30\P386_S15_S30.pdsprj","","8E5593E01F18DFEE303E42A56076EF1AC6EA0BBC7588D91710F6496FDF86A786","D:\Coding\protuesgen\experiments\ic_pairwise_34_v1_temp_2026_06_10\P386_S15_S30\P386_S15_S30.pdsprj","12310"
"deleted_duplicate_in_experiments","C:\Users\tahab\Downloads\SQU\Project Backups\ic_pairwise_34_v1_temp_2026_06_10\P387_S15_S31\P387_S15_S31.pdsprj","","2C83911C4A271467C920A3CECE7F74B294F6212942F7E6F44B291871FCB96030","D:\Coding\protuesgen\experiments\ic_pairwise_34_v1_temp_2026_06_10\P387_S15_S31\P387_S15_S31.pdsprj","12477"
"deleted_duplicate_in_experiments","C:\Users\tahab\Downloads\SQU\Project Backups\ic_pairwise_34_v1_temp_2026_06_10\P388_S15_S32\P388_S15_S32.pdsprj","","B6A38804FCB796E9ED6112CC722118A0760B41960C2665F89F798D30E3126DB8","D:\Coding\protuesgen\experiments\ic_pairwise_34_v1_temp_2026_06_10\P388_S15_S32\P388_S15_S32.pdsprj","12426"
"deleted_duplicate_in_experiments","C:\Users\tahab\Downloads\SQU\Project Backups\ic_pairwise_34_v1_temp_2026_06_10\P389_S15_S33\P389_S15_S33.pdsprj","","FD3A64374CB2EFFBABCF8F39C6A23727FA00B61DE2E03262C83152EBD89FB03E","D:\Coding\protuesgen\experiments\ic_pairwise_34_v1_temp_2026_06_10\P389_S15_S33\P389_S15_S33.pdsprj","12755"
"deleted_duplicate_in_experiments","C:\Users\tahab\Downloads\SQU\Project Backups\ic_pairwise_34_v1_temp_2026_06_10\P390_S15_S34\P390_S15_S34.pdsprj","","F2EC79ECFD891AD8DE6D052F1673F548878C02322B7E1840D99FD14449EB19B1","D:\Coding\protuesgen\experiments\ic_pairwise_34_v1_temp_2026_06_10\P390_S15_S34\P390_S15_S34.pdsprj","13442"
"deleted_duplicate_in_experiments","C:\Users\tahab\Downloads\SQU\Project Backups\ic_pairwise_34_v1_temp_2026_06_10\P391_S16_S17\P391_S16_S17.pdsprj","","F692B677123C6E88081C354F325850F6773F25BA84042CEBBFCE8235A1726906","D:\Coding\protuesgen\experiments\ic_pairwise_34_v1_temp_2026_06_10\P391_S16_S17\P391_S16_S17.pdsprj","12200"
"deleted_duplicate_in_experiments","C:\Users\tahab\Downloads\SQU\Project Backups\ic_pairwise_34_v1_temp_2026_06_10\P392_S16_S18\P392_S16_S18.pdsprj","","9FDBBBD1C074AA5D528409F698D74C5E45635A5B5E2AB605F86D5E5BE4619245","D:\Coding\protuesgen\experiments\ic_pairwise_34_v1_temp_2026_06_10\P392_S16_S18\P392_S16_S18.pdsprj","12056"
"deleted_duplicate_in_experiments","C:\Users\tahab\Downloads\SQU\Project Backups\ic_pairwise_34_v1_temp_2026_06_10\P393_S16_S19\P393_S16_S19.pdsprj","","762031D439B8C4F13AF0766FD69AA29250CC7495ACDD76F95D85C4BA8583D00F","D:\Coding\protuesgen\experiments\ic_pairwise_34_v1_temp_2026_06_10\P393_S16_S19\P393_S16_S19.pdsprj","12424"
"deleted_duplicate_in_experiments","C:\Users\tahab\Downloads\SQU\Project Backups\ic_pairwise_34_v1_temp_2026_06_10\P394_S16_S20\P394_S16_S20.pdsprj","","6917B16D6E9C5281B0B21FC722F5F1FCB2F73C1828FFD40AE294EC851D4B82A8","D:\Coding\protuesgen\experiments\ic_pairwise_34_v1_temp_2026_06_10\P394_S16_S20\P394_S16_S20.pdsprj","12452"
"deleted_duplicate_in_experiments","C:\Users\tahab\Downloads\SQU\Project Backups\ic_pairwise_34_v1_temp_2026_06_10\P395_S16_S21\P395_S16_S21.pdsprj","","4ABB4DF026366FF46007DA9AA82EA75F885627EFB7FC550140BEB9B8428F8388","D:\Coding\protuesgen\experiments\ic_pairwise_34_v1_temp_2026_06_10\P395_S16_S21\P395_S16_S21.pdsprj","12361"
"deleted_duplicate_in_experiments","C:\Users\tahab\Downloads\SQU\Project Backups\ic_pairwise_34_v1_temp_2026_06_10\P396_S16_S22\P396_S16_S22.pdsprj","","E8B27280FE9C293158F9739565EF1FBEB9E4492D5579EBC98475403A0B04FEE5","D:\Coding\protuesgen\experiments\ic_pairwise_34_v1_temp_2026_06_10\P396_S16_S22\P396_S16_S22.pdsprj","12487"
"deleted_duplicate_in_experiments","C:\Users\tahab\Downloads\SQU\Project Backups\ic_pairwise_34_v1_temp_2026_06_10\P397_S16_S23\P397_S16_S23.pdsprj","","31BF0C37204BD45482DF5BBD5E637B9C96F6D58457FE5D1C508855108EE7201E","D:\Coding\protuesgen\experiments\ic_pairwise_34_v1_temp_2026_06_10\P397_S16_S23\P397_S16_S23.pdsprj","12358"
"deleted_duplicate_in_experiments","C:\Users\tahab\Downloads\SQU\Project Backups\ic_pairwise_34_v1_temp_2026_06_10\P398_S16_S24\P398_S16_S24.pdsprj","","953E1C87DD9258651CA3374C16F9A8F7260B852FF86FE27D3244CB3EFF739D66","D:\Coding\protuesgen\experiments\ic_pairwise_34_v1_temp_2026_06_10\P398_S16_S24\P398_S16_S24.pdsprj","12257"
"deleted_duplicate_in_experiments","C:\Users\tahab\Downloads\SQU\Project Backups\ic_pairwise_34_v1_temp_2026_06_10\P399_S16_S25\P399_S16_S25.pdsprj","","EB94F4114584CBEF7F391DEE54F50CF95316F44B09A072A89FAED591EF8B852E","D:\Coding\protuesgen\experiments\ic_pairwise_34_v1_temp_2026_06_10\P399_S16_S25\P399_S16_S25.pdsprj","12254"
"deleted_duplicate_in_experiments","C:\Users\tahab\Downloads\SQU\Project Backups\ic_pairwise_34_v1_temp_2026_06_10\P400_S16_S26\P400_S16_S26.pdsprj","","C71A87CC8BA97C3CDC38891C4F43AEA59C98E895743D137CC8F0BFE149147B08","D:\Coding\protuesgen\experiments\ic_pairwise_34_v1_temp_2026_06_10\P400_S16_S26\P400_S16_S26.pdsprj","12315"
"deleted_duplicate_in_experiments","C:\Users\tahab\Downloads\SQU\Project Backups\ic_pairwise_34_v1_temp_2026_06_10\P402_S16_S28\P402_S16_S28.pdsprj","","96F402BE0435355395260E7173E4AF1B7564C742AE05AFC752EC4379F2A205E8","D:\Coding\protuesgen\experiments\ic_pairwise_34_v1_temp_2026_06_10\P402_S16_S28\P402_S16_S28.pdsprj","12371"
"deleted_duplicate_in_experiments","C:\Users\tahab\Downloads\SQU\Project Backups\ic_pairwise_34_v1_temp_2026_06_10\P403_S16_S29\P403_S16_S29.pdsprj","","0DD5600FA709B65F81EBC637B97CE1CADC21CA0BBE1B0C61DE03E879443346EF","D:\Coding\protuesgen\experiments\ic_pairwise_34_v1_temp_2026_06_10\P403_S16_S29\P403_S16_S29.pdsprj","12423"
"deleted_duplicate_in_experiments","C:\Users\tahab\Downloads\SQU\Project Backups\ic_pairwise_34_v1_temp_2026_06_10\P404_S16_S30\P404_S16_S30.pdsprj","","19E5293AF899CD37D555EA5472BC7E281FE02854047F158FAE680F6F9C3F6169","D:\Coding\protuesgen\experiments\ic_pairwise_34_v1_temp_2026_06_10\P404_S16_S30\P404_S16_S30.pdsprj","12077"
"deleted_duplicate_in_experiments","C:\Users\tahab\Downloads\SQU\Project Backups\ic_pairwise_34_v1_temp_2026_06_10\P405_S16_S31\P405_S16_S31.pdsprj","","5DF23D83E8A70A06E568DBE25E1B1561A97B2A83A39E421C75F6D4BEF7908DA9","D:\Coding\protuesgen\experiments\ic_pairwise_34_v1_temp_2026_06_10\P405_S16_S31\P405_S16_S31.pdsprj","12238"
"deleted_duplicate_in_experiments","C:\Users\tahab\Downloads\SQU\Project Backups\ic_pairwise_34_v1_temp_2026_06_10\P406_S16_S32\P406_S16_S32.pdsprj","","FCCFC65DC1DDE2737856B4F71E0A80FF37F3F1DA55F26BF26ED75A1D66FD8A94","D:\Coding\protuesgen\experiments\ic_pairwise_34_v1_temp_2026_06_10\P406_S16_S32\P406_S16_S32.pdsprj","12315"
"deleted_duplicate_in_experiments","C:\Users\tahab\Downloads\SQU\Project Backups\ic_pairwise_34_v1_temp_2026_06_10\P407_S16_S33\P407_S16_S33.pdsprj","","777B0308D2A2981F6BBA2ACE757512566963604124C350646F9C05D24352C8EA","D:\Coding\protuesgen\experiments\ic_pairwise_34_v1_temp_2026_06_10\P407_S16_S33\P407_S16_S33.pdsprj","12648"
"deleted_duplicate_in_experiments","C:\Users\tahab\Downloads\SQU\Project Backups\ic_pairwise_34_v1_temp_2026_06_10\P408_S16_S34\P408_S16_S34.pdsprj","","45E057F6281AC4ED8F05D59E31B00D744FCA81E2A5B8E90E3E7089E5C7A002FA","D:\Coding\protuesgen\experiments\ic_pairwise_34_v1_temp_2026_06_10\P408_S16_S34\P408_S16_S34.pdsprj","13340"
"deleted_duplicate_in_experiments","C:\Users\tahab\Downloads\SQU\Project Backups\ic_pairwise_34_v1_temp_2026_06_10\P409_S17_S18\P409_S17_S18.pdsprj","","A94535F7BCC3C0B51240BB1AFF8AEB047E1C9723C0EFEF63E672E8FA0B737B67","D:\Coding\protuesgen\experiments\ic_pairwise_34_v1_temp_2026_06_10\P409_S17_S18\P409_S17_S18.pdsprj","12289"
"deleted_duplicate_in_experiments","C:\Users\tahab\Downloads\SQU\Project Backups\ic_pairwise_34_v1_temp_2026_06_10\P410_S17_S19\P410_S17_S19.pdsprj","","D389DDEFC02AD4BEFC5081BABAC494AE11C542CE4173C699A19D6EB64771855E","D:\Coding\protuesgen\experiments\ic_pairwise_34_v1_temp_2026_06_10\P410_S17_S19\P410_S17_S19.pdsprj","12633"
"deleted_duplicate_in_experiments","C:\Users\tahab\Downloads\SQU\Project Backups\ic_pairwise_34_v1_temp_2026_06_10\P411_S17_S20\P411_S17_S20.pdsprj","","B61F5670E6E4DAF7F94E5281B2252C2D2470DB3D5DB8BCF8358BC14311929AB5","D:\Coding\protuesgen\experiments\ic_pairwise_34_v1_temp_2026_06_10\P411_S17_S20\P411_S17_S20.pdsprj","12682"
"deleted_duplicate_in_experiments","C:\Users\tahab\Downloads\SQU\Project Backups\ic_pairwise_34_v1_temp_2026_06_10\P412_S17_S21\P412_S17_S21.pdsprj","","D34A8F148E7296975A88F0F3DEF47CAE9FBAA1338D9C3E2F20BA8950F41FC088","D:\Coding\protuesgen\experiments\ic_pairwise_34_v1_temp_2026_06_10\P412_S17_S21\P412_S17_S21.pdsprj","12536"
"deleted_duplicate_in_experiments","C:\Users\tahab\Downloads\SQU\Project Backups\ic_pairwise_34_v1_temp_2026_06_10\P413_S17_S22\P413_S17_S22.pdsprj","","EE150275768D410A5F1A92D7B62711BB6424CABF39D83766521543F3264B09BB","D:\Coding\protuesgen\experiments\ic_pairwise_34_v1_temp_2026_06_10\P413_S17_S22\P413_S17_S22.pdsprj","12676"
"deleted_duplicate_in_experiments","C:\Users\tahab\Downloads\SQU\Project Backups\ic_pairwise_34_v1_temp_2026_06_10\P414_S17_S23\P414_S17_S23.pdsprj","","BC5D0031BD13893D74DD3CBDCBAFD1205C39E4EC8D6EB8EF93412316C3A024FC","D:\Coding\protuesgen\experiments\ic_pairwise_34_v1_temp_2026_06_10\P414_S17_S23\P414_S17_S23.pdsprj","12561"
"deleted_duplicate_in_experiments","C:\Users\tahab\Downloads\SQU\Project Backups\ic_pairwise_34_v1_temp_2026_06_10\P415_S17_S24\P415_S17_S24.pdsprj","","228FDCCDC38E452BCEAD9291B0C01FBAC51EEC5B37CB00862E97A3E7FB9471A8","D:\Coding\protuesgen\experiments\ic_pairwise_34_v1_temp_2026_06_10\P415_S17_S24\P415_S17_S24.pdsprj","12472"
"deleted_duplicate_in_experiments","C:\Users\tahab\Downloads\SQU\Project Backups\ic_pairwise_34_v1_temp_2026_06_10\P416_S17_S25\P416_S17_S25.pdsprj","","A7EEEE7A1E6A466CB65A6A9429A39A0523DAAEAF94BC49306F08869D9881D602","D:\Coding\protuesgen\experiments\ic_pairwise_34_v1_temp_2026_06_10\P416_S17_S25\P416_S17_S25.pdsprj","12493"
"deleted_duplicate_in_experiments","C:\Users\tahab\Downloads\SQU\Project Backups\ic_pairwise_34_v1_temp_2026_06_10\P417_S17_S26\P417_S17_S26.pdsprj","","775082E49B9A795676276C3A5B124319837F6EAFDE26132E667DABF80F2AE77C","D:\Coding\protuesgen\experiments\ic_pairwise_34_v1_temp_2026_06_10\P417_S17_S26\P417_S17_S26.pdsprj","12508"
"deleted_duplicate_in_experiments","C:\Users\tahab\Downloads\SQU\Project Backups\ic_pairwise_34_v1_temp_2026_06_10\P419_S17_S28\P419_S17_S28.pdsprj","","467F1E03F234AF4DE2942169124697F1E9B7EA26F1E1E322192332BDD4849E2C","D:\Coding\protuesgen\experiments\ic_pairwise_34_v1_temp_2026_06_10\P419_S17_S28\P419_S17_S28.pdsprj","12544"
"deleted_duplicate_in_experiments","C:\Users\tahab\Downloads\SQU\Project Backups\ic_pairwise_34_v1_temp_2026_06_10\P420_S17_S29\P420_S17_S29.pdsprj","","13EDAD06992D3338964A5D75A2A464E7FAF528C6D51E75C9080CEA05257CE454","D:\Coding\protuesgen\experiments\ic_pairwise_34_v1_temp_2026_06_10\P420_S17_S29\P420_S17_S29.pdsprj","12627"
"deleted_duplicate_in_experiments","C:\Users\tahab\Downloads\SQU\Project Backups\ic_pairwise_34_v1_temp_2026_06_10\P421_S17_S30\P421_S17_S30.pdsprj","","1F3C7D164012AE4106EA0AE00F79880D5CE9FF1361DFC570B2948185FC0F2F93","D:\Coding\protuesgen\experiments\ic_pairwise_34_v1_temp_2026_06_10\P421_S17_S30\P421_S17_S30.pdsprj","12317"
"deleted_duplicate_in_experiments","C:\Users\tahab\Downloads\SQU\Project Backups\ic_pairwise_34_v1_temp_2026_06_10\P422_S17_S31\P422_S17_S31.pdsprj","","E338B64F8824C6623ADF3728EDF10204AE7C2B2A808332BD34BE1258DA5898B3","D:\Coding\protuesgen\experiments\ic_pairwise_34_v1_temp_2026_06_10\P422_S17_S31\P422_S17_S31.pdsprj","12490"
"deleted_duplicate_in_experiments","C:\Users\tahab\Downloads\SQU\Project Backups\ic_pairwise_34_v1_temp_2026_06_10\P423_S17_S32\P423_S17_S32.pdsprj","","D861235C899CDEADB4687C9277233237CAEA55D1252D110F2110AF54195A3F48","D:\Coding\protuesgen\experiments\ic_pairwise_34_v1_temp_2026_06_10\P423_S17_S32\P423_S17_S32.pdsprj","12484"
"deleted_duplicate_in_experiments","C:\Users\tahab\Downloads\SQU\Project Backups\ic_pairwise_34_v1_temp_2026_06_10\P424_S17_S33\P424_S17_S33.pdsprj","","FE79B3A36775341A5E35125DD9C14ECC60B7ECE227C75CCFC774917856A22B68","D:\Coding\protuesgen\experiments\ic_pairwise_34_v1_temp_2026_06_10\P424_S17_S33\P424_S17_S33.pdsprj","12810"
"deleted_duplicate_in_experiments","C:\Users\tahab\Downloads\SQU\Project Backups\ic_pairwise_34_v1_temp_2026_06_10\P425_S17_S34\P425_S17_S34.pdsprj","","8BAAC5D00EC3EDE7D829EABA1EE7BDC2132AA8809D5F6F7F4EE730DB1868EF23","D:\Coding\protuesgen\experiments\ic_pairwise_34_v1_temp_2026_06_10\P425_S17_S34\P425_S17_S34.pdsprj","13496"
"deleted_duplicate_in_experiments","C:\Users\tahab\Downloads\SQU\Project Backups\ic_pairwise_34_v1_temp_2026_06_10\P426_S18_S19\P426_S18_S19.pdsprj","","CD0919DECB0D884D197990F049302DB101C38A51FFE57DD77480D48E4D328222","D:\Coding\protuesgen\experiments\ic_pairwise_34_v1_temp_2026_06_10\P426_S18_S19\P426_S18_S19.pdsprj","12395"
"deleted_duplicate_in_experiments","C:\Users\tahab\Downloads\SQU\Project Backups\ic_pairwise_34_v1_temp_2026_06_10\P427_S18_S20\P427_S18_S20.pdsprj","","E5551480482E872B6DE77A77E9ECC6B60BC0E8270AF49290CE0E19FE01F06A51","D:\Coding\protuesgen\experiments\ic_pairwise_34_v1_temp_2026_06_10\P427_S18_S20\P427_S18_S20.pdsprj","12411"
"deleted_duplicate_in_experiments","C:\Users\tahab\Downloads\SQU\Project Backups\ic_pairwise_34_v1_temp_2026_06_10\P428_S18_S21\P428_S18_S21.pdsprj","","07BD859BB8B5C63B5283E9B429BFB6EAE885334EC77A5D71899359422F31459F","D:\Coding\protuesgen\experiments\ic_pairwise_34_v1_temp_2026_06_10\P428_S18_S21\P428_S18_S21.pdsprj","12378"
"deleted_duplicate_in_experiments","C:\Users\tahab\Downloads\SQU\Project Backups\ic_pairwise_34_v1_temp_2026_06_10\P429_S18_S22\P429_S18_S22.pdsprj","","5C0D0118C7EEE6CA56DE60F7A087AEEB95E6B3B4D1FB5E4CDF8D373DAC5D440C","D:\Coding\protuesgen\experiments\ic_pairwise_34_v1_temp_2026_06_10\P429_S18_S22\P429_S18_S22.pdsprj","12515"
"deleted_duplicate_in_experiments","C:\Users\tahab\Downloads\SQU\Project Backups\ic_pairwise_34_v1_temp_2026_06_10\P430_S18_S23\P430_S18_S23.pdsprj","","57CF0CFE7B197BAE52F43E52D4928DBCFE88EFCE724D561EC29B0C637D3CA849","D:\Coding\protuesgen\experiments\ic_pairwise_34_v1_temp_2026_06_10\P430_S18_S23\P430_S18_S23.pdsprj","12252"
"deleted_duplicate_in_experiments","C:\Users\tahab\Downloads\SQU\Project Backups\ic_pairwise_34_v1_temp_2026_06_10\P431_S18_S24\P431_S18_S24.pdsprj","","0FF84499DB5D2BBBCD6551ADC7473B5BE30D6FFF20AFE7C0673A3864E6638112","D:\Coding\protuesgen\experiments\ic_pairwise_34_v1_temp_2026_06_10\P431_S18_S24\P431_S18_S24.pdsprj","12281"
"deleted_duplicate_in_experiments","C:\Users\tahab\Downloads\SQU\Project Backups\ic_pairwise_34_v1_temp_2026_06_10\P432_S18_S25\P432_S18_S25.pdsprj","","715A9A8EA6181203FCAB24ECF976E91F6E800EB63622BE3B1A8E0FCB5A71C459","D:\Coding\protuesgen\experiments\ic_pairwise_34_v1_temp_2026_06_10\P432_S18_S25\P432_S18_S25.pdsprj","12283"
"deleted_duplicate_in_experiments","C:\Users\tahab\Downloads\SQU\Project Backups\ic_pairwise_34_v1_temp_2026_06_10\P433_S18_S26\P433_S18_S26.pdsprj","","30483B63694E5A94FE80E2BD77F0DC12A2FEC1CCF8F80308F8F1D9DAAF41EF85","D:\Coding\protuesgen\experiments\ic_pairwise_34_v1_temp_2026_06_10\P433_S18_S26\P433_S18_S26.pdsprj","12344"
"deleted_duplicate_in_experiments","C:\Users\tahab\Downloads\SQU\Project Backups\ic_pairwise_34_v1_temp_2026_06_10\P435_S18_S28\P435_S18_S28.pdsprj","","02B48520AA23A6D63610D688488D2E6E08D5CE02F469CF18DEF3A800A173A8B8","D:\Coding\protuesgen\experiments\ic_pairwise_34_v1_temp_2026_06_10\P435_S18_S28\P435_S18_S28.pdsprj","12391"
"deleted_duplicate_in_experiments","C:\Users\tahab\Downloads\SQU\Project Backups\ic_pairwise_34_v1_temp_2026_06_10\P436_S18_S29\P436_S18_S29.pdsprj","","BBABBC13F6CE5245BF07580592C2677AD909874D4D2545AEC0649B096900F952","D:\Coding\protuesgen\experiments\ic_pairwise_34_v1_temp_2026_06_10\P436_S18_S29\P436_S18_S29.pdsprj","12433"
"deleted_duplicate_in_experiments","C:\Users\tahab\Downloads\SQU\Project Backups\ic_pairwise_34_v1_temp_2026_06_10\P437_S18_S30\P437_S18_S30.pdsprj","","ED5B38587EDE39CA4F7EA4D3D1E757BE2B734B114AC1689BC76285F93330872F","D:\Coding\protuesgen\experiments\ic_pairwise_34_v1_temp_2026_06_10\P437_S18_S30\P437_S18_S30.pdsprj","12102"
"deleted_duplicate_in_experiments","C:\Users\tahab\Downloads\SQU\Project Backups\ic_pairwise_34_v1_temp_2026_06_10\P438_S18_S31\P438_S18_S31.pdsprj","","762B6E06E9C26A5F8FAE5C9EC5B4587DEB1713E5F85E300C29E798266D46D23D","D:\Coding\protuesgen\experiments\ic_pairwise_34_v1_temp_2026_06_10\P438_S18_S31\P438_S18_S31.pdsprj","12251"
"deleted_duplicate_in_experiments","C:\Users\tahab\Downloads\SQU\Project Backups\ic_pairwise_34_v1_temp_2026_06_10\P439_S18_S32\P439_S18_S32.pdsprj","","5AB1E98843289E49A78CF69CAA502CFCFF603F0F352F7D018B0AD5415DEABD91","D:\Coding\protuesgen\experiments\ic_pairwise_34_v1_temp_2026_06_10\P439_S18_S32\P439_S18_S32.pdsprj","12332"
"deleted_duplicate_in_experiments","C:\Users\tahab\Downloads\SQU\Project Backups\ic_pairwise_34_v1_temp_2026_06_10\P440_S18_S33\P440_S18_S33.pdsprj","","AA12C2B7774BD6FBFD7FA2E11684D3628D28D263AA61E0060D7590B942C62D8B","D:\Coding\protuesgen\experiments\ic_pairwise_34_v1_temp_2026_06_10\P440_S18_S33\P440_S18_S33.pdsprj","12662"
"deleted_duplicate_in_experiments","C:\Users\tahab\Downloads\SQU\Project Backups\ic_pairwise_34_v1_temp_2026_06_10\P441_S18_S34\P441_S18_S34.pdsprj","","669BD31D3CEFB8E8435FDA7F351E845CA38BCFA7A30E24A553699256533A348F","D:\Coding\protuesgen\experiments\ic_pairwise_34_v1_temp_2026_06_10\P441_S18_S34\P441_S18_S34.pdsprj","13355"
"deleted_duplicate_in_experiments","C:\Users\tahab\Downloads\SQU\Project Backups\ic_pairwise_34_v1_temp_2026_06_10\P442_S19_S20\P442_S19_S20.pdsprj","","83ECDE74B00E31136F4F8C877D7A0F2439CAB12635AE54C30E02E40F3C7CB275","D:\Coding\protuesgen\experiments\ic_pairwise_34_v1_temp_2026_06_10\P442_S19_S20\P442_S19_S20.pdsprj","12537"
"deleted_duplicate_in_experiments","C:\Users\tahab\Downloads\SQU\Project Backups\ic_pairwise_34_v1_temp_2026_06_10\P443_S19_S21\P443_S19_S21.pdsprj","","9885A8E27EF9125B1D89EBFA9304CFBD14FF2D792BFDB36741023222AEB3D884","D:\Coding\protuesgen\experiments\ic_pairwise_34_v1_temp_2026_06_10\P443_S19_S21\P443_S19_S21.pdsprj","12564"
"deleted_duplicate_in_experiments","C:\Users\tahab\Downloads\SQU\Project Backups\ic_pairwise_34_v1_temp_2026_06_10\P444_S19_S22\P444_S19_S22.pdsprj","","0019FF513BB8D5A692245892FB6215789349F2B5F4DA13870E6DD342E67FE5D7","D:\Coding\protuesgen\experiments\ic_pairwise_34_v1_temp_2026_06_10\P444_S19_S22\P444_S19_S22.pdsprj","12701"
"deleted_duplicate_in_experiments","C:\Users\tahab\Downloads\SQU\Project Backups\ic_pairwise_34_v1_temp_2026_06_10\P445_S19_S23\P445_S19_S23.pdsprj","","2ECD5D8A6CF4D488A3A93C7FF57325E2E25585FD4BF95879087858324C51CDE0","D:\Coding\protuesgen\experiments\ic_pairwise_34_v1_temp_2026_06_10\P445_S19_S23\P445_S19_S23.pdsprj","12587"
"deleted_duplicate_in_experiments","C:\Users\tahab\Downloads\SQU\Project Backups\ic_pairwise_34_v1_temp_2026_06_10\P446_S19_S24\P446_S19_S24.pdsprj","","B5D0D1AE4B5B75200465B5ACD7AFE1E0C00FB38F66B0635089B96503A9E38DC1","D:\Coding\protuesgen\experiments\ic_pairwise_34_v1_temp_2026_06_10\P446_S19_S24\P446_S19_S24.pdsprj","12544"
"deleted_duplicate_in_experiments","C:\Users\tahab\Downloads\SQU\Project Backups\ic_pairwise_34_v1_temp_2026_06_10\P447_S19_S25\P447_S19_S25.pdsprj","","29C49AAEBF084B81A0420AB866B6ADB0275304A7AD39BA8011E6E7CFF68034DC","D:\Coding\protuesgen\experiments\ic_pairwise_34_v1_temp_2026_06_10\P447_S19_S25\P447_S19_S25.pdsprj","12561"
"deleted_duplicate_in_experiments","C:\Users\tahab\Downloads\SQU\Project Backups\ic_pairwise_34_v1_temp_2026_06_10\P448_S19_S26\P448_S19_S26.pdsprj","","C7E2E2DEEB65CA05BDADD514B41A3B0E8245860EE987C6490733FF60AA798B80","D:\Coding\protuesgen\experiments\ic_pairwise_34_v1_temp_2026_06_10\P448_S19_S26\P448_S19_S26.pdsprj","12577"
"deleted_duplicate_in_experiments","C:\Users\tahab\Downloads\SQU\Project Backups\ic_pairwise_34_v1_temp_2026_06_10\P450_S19_S28\P450_S19_S28.pdsprj","","C1ACED3FF8D317750680D35072E157A5251D7909A247D1EBD127C82B7B5EB1E8","D:\Coding\protuesgen\experiments\ic_pairwise_34_v1_temp_2026_06_10\P450_S19_S28\P450_S19_S28.pdsprj","12599"
"deleted_duplicate_in_experiments","C:\Users\tahab\Downloads\SQU\Project Backups\ic_pairwise_34_v1_temp_2026_06_10\P451_S19_S29\P451_S19_S29.pdsprj","","854A5F46E4F928CC6CA15825B25C753E290776A712575BCD315C693CC5224ED4","D:\Coding\protuesgen\experiments\ic_pairwise_34_v1_temp_2026_06_10\P451_S19_S29\P451_S19_S29.pdsprj","12688"
"deleted_duplicate_in_experiments","C:\Users\tahab\Downloads\SQU\Project Backups\ic_pairwise_34_v1_temp_2026_06_10\P452_S19_S30\P452_S19_S30.pdsprj","","5AA777A680B65364B0F872B26A447C24D9DA0554F2E8F35DEA43947E5D31E0B7","D:\Coding\protuesgen\experiments\ic_pairwise_34_v1_temp_2026_06_10\P452_S19_S30\P452_S19_S30.pdsprj","12393"
"deleted_duplicate_in_experiments","C:\Users\tahab\Downloads\SQU\Project Backups\ic_pairwise_34_v1_temp_2026_06_10\P453_S19_S31\P453_S19_S31.pdsprj","","CD45293F4B6BE6A2AEFCC781BCD91DECFFA92C89B9C0162871E3DF1169FB75C6","D:\Coding\protuesgen\experiments\ic_pairwise_34_v1_temp_2026_06_10\P453_S19_S31\P453_S19_S31.pdsprj","12564"
"deleted_duplicate_in_experiments","C:\Users\tahab\Downloads\SQU\Project Backups\ic_pairwise_34_v1_temp_2026_06_10\P454_S19_S32\P454_S19_S32.pdsprj","","E10D1CF490196E6362BE30F5D4BC65735E5F9A83D1B0777B74A3225F40FFE36F","D:\Coding\protuesgen\experiments\ic_pairwise_34_v1_temp_2026_06_10\P454_S19_S32\P454_S19_S32.pdsprj","12684"
"deleted_duplicate_in_experiments","C:\Users\tahab\Downloads\SQU\Project Backups\ic_pairwise_34_v1_temp_2026_06_10\P455_S19_S33\P455_S19_S33.pdsprj","","3137360963A0228642B4C29F846E23AA14F1421AEA3A73DA43ECB37F284FC37A","D:\Coding\protuesgen\experiments\ic_pairwise_34_v1_temp_2026_06_10\P455_S19_S33\P455_S19_S33.pdsprj","13015"
"deleted_duplicate_in_experiments","C:\Users\tahab\Downloads\SQU\Project Backups\ic_pairwise_34_v1_temp_2026_06_10\P456_S19_S34\P456_S19_S34.pdsprj","","EFC1E27A4BBCF8DA1B207BD0F66915E29164ED33587EAFF7CDE26FA6614C5F06","D:\Coding\protuesgen\experiments\ic_pairwise_34_v1_temp_2026_06_10\P456_S19_S34\P456_S19_S34.pdsprj","13702"
"deleted_duplicate_in_experiments","C:\Users\tahab\Downloads\SQU\Project Backups\ic_pairwise_34_v1_temp_2026_06_10\P457_S20_S21\P457_S20_S21.pdsprj","","1EC3C6B5A7E47078869C48C8E3EEB3D67B084F1FBAED25F961CCAF0DF4A5E5F9","D:\Coding\protuesgen\experiments\ic_pairwise_34_v1_temp_2026_06_10\P457_S20_S21\P457_S20_S21.pdsprj","12628"
"deleted_duplicate_in_experiments","C:\Users\tahab\Downloads\SQU\Project Backups\ic_pairwise_34_v1_temp_2026_06_10\P458_S20_S22\P458_S20_S22.pdsprj","","3CF7076EF1D1B6A515AF65DD14262DEEB45B744353E19B6A132927DD4C81499D","D:\Coding\protuesgen\experiments\ic_pairwise_34_v1_temp_2026_06_10\P458_S20_S22\P458_S20_S22.pdsprj","12800"
"deleted_duplicate_in_experiments","C:\Users\tahab\Downloads\SQU\Project Backups\ic_pairwise_34_v1_temp_2026_06_10\P459_S20_S23\P459_S20_S23.pdsprj","","2DF7E854BEA9DD1A8844C7C088798744A30097D8A619A147C24BB1E184B5568D","D:\Coding\protuesgen\experiments\ic_pairwise_34_v1_temp_2026_06_10\P459_S20_S23\P459_S20_S23.pdsprj","12616"
"deleted_duplicate_in_experiments","C:\Users\tahab\Downloads\SQU\Project Backups\ic_pairwise_34_v1_temp_2026_06_10\P460_S20_S24\P460_S20_S24.pdsprj","","0F79206C278C6359FC371F7CD748419668038D4A613B338FB75E01284788BC58","D:\Coding\protuesgen\experiments\ic_pairwise_34_v1_temp_2026_06_10\P460_S20_S24\P460_S20_S24.pdsprj","12570"
"deleted_duplicate_in_experiments","C:\Users\tahab\Downloads\SQU\Project Backups\ic_pairwise_34_v1_temp_2026_06_10\P461_S20_S25\P461_S20_S25.pdsprj","","00AED1F9DDE0F7F19A9B60E4D4CEAC5DEEF79364CD6A2A3E901B670E644CD672","D:\Coding\protuesgen\experiments\ic_pairwise_34_v1_temp_2026_06_10\P461_S20_S25\P461_S20_S25.pdsprj","12589"
"deleted_duplicate_in_experiments","C:\Users\tahab\Downloads\SQU\Project Backups\ic_pairwise_34_v1_temp_2026_06_10\P462_S20_S26\P462_S20_S26.pdsprj","","B686CCB9CD3E46A5FB2B85A834DB3204842D0C252233B3EA412CD4000A0CA2EF","D:\Coding\protuesgen\experiments\ic_pairwise_34_v1_temp_2026_06_10\P462_S20_S26\P462_S20_S26.pdsprj","12640"
"deleted_duplicate_in_experiments","C:\Users\tahab\Downloads\SQU\Project Backups\ic_pairwise_34_v1_temp_2026_06_10\P464_S20_S28\P464_S20_S28.pdsprj","","CBAA6E7429999AA508488ED9B7981DC1051337F11AE95BA676B0A8112AD76F2B","D:\Coding\protuesgen\experiments\ic_pairwise_34_v1_temp_2026_06_10\P464_S20_S28\P464_S20_S28.pdsprj","12655"
"deleted_duplicate_in_experiments","C:\Users\tahab\Downloads\SQU\Project Backups\ic_pairwise_34_v1_temp_2026_06_10\P465_S20_S29\P465_S20_S29.pdsprj","","0454631BA860190AC21328EFADF08984B4574BCD81E00F7ACA929D58B32B7D9A","D:\Coding\protuesgen\experiments\ic_pairwise_34_v1_temp_2026_06_10\P465_S20_S29\P465_S20_S29.pdsprj","12758"
"deleted_duplicate_in_experiments","C:\Users\tahab\Downloads\SQU\Project Backups\ic_pairwise_34_v1_temp_2026_06_10\P466_S20_S30\P466_S20_S30.pdsprj","","D431A9AE63D287F81285C7A550310B1B3577F1D3DC2E8C0380001014F54D5CCF","D:\Coding\protuesgen\experiments\ic_pairwise_34_v1_temp_2026_06_10\P466_S20_S30\P466_S20_S30.pdsprj","12415"
"deleted_duplicate_in_experiments","C:\Users\tahab\Downloads\SQU\Project Backups\ic_pairwise_34_v1_temp_2026_06_10\P467_S20_S31\P467_S20_S31.pdsprj","","0B84C3A3F7E6FE830EE481BB0126A7C725FFF0B4709D2D7F4EA966D641E16BA7","D:\Coding\protuesgen\experiments\ic_pairwise_34_v1_temp_2026_06_10\P467_S20_S31\P467_S20_S31.pdsprj","12602"
"deleted_duplicate_in_experiments","C:\Users\tahab\Downloads\SQU\Project Backups\ic_pairwise_34_v1_temp_2026_06_10\P468_S20_S32\P468_S20_S32.pdsprj","","C09A462CBC1FDB7E2C9E2D0F8E3FA143FB12684A1D37C916CE1E06C6C4A39FAC","D:\Coding\protuesgen\experiments\ic_pairwise_34_v1_temp_2026_06_10\P468_S20_S32\P468_S20_S32.pdsprj","12752"
"deleted_duplicate_in_experiments","C:\Users\tahab\Downloads\SQU\Project Backups\ic_pairwise_34_v1_temp_2026_06_10\P469_S20_S33\P469_S20_S33.pdsprj","","569BA4E83337A8B09BC7159C859AFC7A9137A5C57137379177C7757F518B0644","D:\Coding\protuesgen\experiments\ic_pairwise_34_v1_temp_2026_06_10\P469_S20_S33\P469_S20_S33.pdsprj","13086"
"deleted_duplicate_in_experiments","C:\Users\tahab\Downloads\SQU\Project Backups\ic_pairwise_34_v1_temp_2026_06_10\P470_S20_S34\P470_S20_S34.pdsprj","","EB45C7F0359B77E93A2CD64B05FC48959B1E7277191699AC49CB1680204C3FF5","D:\Coding\protuesgen\experiments\ic_pairwise_34_v1_temp_2026_06_10\P470_S20_S34\P470_S20_S34.pdsprj","13774"
"deleted_duplicate_in_experiments","C:\Users\tahab\Downloads\SQU\Project Backups\ic_pairwise_34_v1_temp_2026_06_10\P471_S21_S22\P471_S21_S22.pdsprj","","A18DB65F47F7DA275EF49DB0E9AFFC0DE7DF45538C923950A2BD2FD5E9354301","D:\Coding\protuesgen\experiments\ic_pairwise_34_v1_temp_2026_06_10\P471_S21_S22\P471_S21_S22.pdsprj","12535"
"deleted_duplicate_in_experiments","C:\Users\tahab\Downloads\SQU\Project Backups\ic_pairwise_34_v1_temp_2026_06_10\P472_S21_S23\P472_S21_S23.pdsprj","","66A6BBE213D265CFEC22FD5A15683A1CBCCE00BFDC0FB013DC3D0886B0EAECB9","D:\Coding\protuesgen\experiments\ic_pairwise_34_v1_temp_2026_06_10\P472_S21_S23\P472_S21_S23.pdsprj","12628"
"deleted_duplicate_in_experiments","C:\Users\tahab\Downloads\SQU\Project Backups\ic_pairwise_34_v1_temp_2026_06_10\P473_S21_S24\P473_S21_S24.pdsprj","","915568C5178EEB1623AD16D052C72BC340D1FF21C536C457AF26DD0FBC386D60","D:\Coding\protuesgen\experiments\ic_pairwise_34_v1_temp_2026_06_10\P473_S21_S24\P473_S21_S24.pdsprj","12476"
"deleted_duplicate_in_experiments","C:\Users\tahab\Downloads\SQU\Project Backups\ic_pairwise_34_v1_temp_2026_06_10\P474_S21_S25\P474_S21_S25.pdsprj","","AB5767E49850D7921F03DC68D3A388608350CEFF16527930333789AC44B74D27","D:\Coding\protuesgen\experiments\ic_pairwise_34_v1_temp_2026_06_10\P474_S21_S25\P474_S21_S25.pdsprj","12454"
"deleted_duplicate_in_experiments","C:\Users\tahab\Downloads\SQU\Project Backups\ic_pairwise_34_v1_temp_2026_06_10\P475_S21_S26\P475_S21_S26.pdsprj","","1168C45D1B70718B8AC48EA1D4D741EFC355A30E8B97B64B6C817BC8A39A9BA2","D:\Coding\protuesgen\experiments\ic_pairwise_34_v1_temp_2026_06_10\P475_S21_S26\P475_S21_S26.pdsprj","12493"
"deleted_duplicate_in_experiments","C:\Users\tahab\Downloads\SQU\Project Backups\ic_pairwise_34_v1_temp_2026_06_10\P477_S21_S28\P477_S21_S28.pdsprj","","942782E4BD59AF7D6B63FB116CEB80844B5ABD9AFDC157BA072770CAF0B30A87","D:\Coding\protuesgen\experiments\ic_pairwise_34_v1_temp_2026_06_10\P477_S21_S28\P477_S21_S28.pdsprj","12488"
"deleted_duplicate_in_experiments","C:\Users\tahab\Downloads\SQU\Project Backups\ic_pairwise_34_v1_temp_2026_06_10\P478_S21_S29\P478_S21_S29.pdsprj","","97D390A8A22477508E6CBE50C440A503F662E4400DBD48393C4D23898F994CE4","D:\Coding\protuesgen\experiments\ic_pairwise_34_v1_temp_2026_06_10\P478_S21_S29\P478_S21_S29.pdsprj","12645"
"deleted_duplicate_in_experiments","C:\Users\tahab\Downloads\SQU\Project Backups\ic_pairwise_34_v1_temp_2026_06_10\P479_S21_S30\P479_S21_S30.pdsprj","","2885705FB5D04AA917C094ABD98A201FC02A529A67467E8E406E17BA6C32C795","D:\Coding\protuesgen\experiments\ic_pairwise_34_v1_temp_2026_06_10\P479_S21_S30\P479_S21_S30.pdsprj","12344"
"deleted_duplicate_in_experiments","C:\Users\tahab\Downloads\SQU\Project Backups\ic_pairwise_34_v1_temp_2026_06_10\P480_S21_S31\P480_S21_S31.pdsprj","","694020E9355E78356D2E3A334928F9452573AC3812B403E19C79978F19B32542","D:\Coding\protuesgen\experiments\ic_pairwise_34_v1_temp_2026_06_10\P480_S21_S31\P480_S21_S31.pdsprj","12543"
"deleted_duplicate_in_experiments","C:\Users\tahab\Downloads\SQU\Project Backups\ic_pairwise_34_v1_temp_2026_06_10\P481_S21_S32\P481_S21_S32.pdsprj","","98BE7622B46539C4C7F0B77875A46C6531C3488897AAADE8B27A2750E90B6DD2","D:\Coding\protuesgen\experiments\ic_pairwise_34_v1_temp_2026_06_10\P481_S21_S32\P481_S21_S32.pdsprj","12612"
"deleted_duplicate_in_experiments","C:\Users\tahab\Downloads\SQU\Project Backups\ic_pairwise_34_v1_temp_2026_06_10\P482_S21_S33\P482_S21_S33.pdsprj","","A8D61A7F4C25DEEBF40D74486B9D5C464E9776E370598A968FF6C9E9D6B5B2FB","D:\Coding\protuesgen\experiments\ic_pairwise_34_v1_temp_2026_06_10\P482_S21_S33\P482_S21_S33.pdsprj","12944"
"deleted_duplicate_in_experiments","C:\Users\tahab\Downloads\SQU\Project Backups\ic_pairwise_34_v1_temp_2026_06_10\P483_S21_S34\P483_S21_S34.pdsprj","","2ED726416BF7B2BEDE6E1CEC7CA17AD4CC711568E6F0501A8C628E01513FC2C8","D:\Coding\protuesgen\experiments\ic_pairwise_34_v1_temp_2026_06_10\P483_S21_S34\P483_S21_S34.pdsprj","13630"
"deleted_duplicate_in_experiments","C:\Users\tahab\Downloads\SQU\Project Backups\ic_pairwise_34_v1_temp_2026_06_10\P484_S22_S23\P484_S22_S23.pdsprj","","93B513A798398DB13123F628CB57BBA84733D0D87E00EC61754FCD3F6E2E7865","D:\Coding\protuesgen\experiments\ic_pairwise_34_v1_temp_2026_06_10\P484_S22_S23\P484_S22_S23.pdsprj","12788"
"deleted_duplicate_in_experiments","C:\Users\tahab\Downloads\SQU\Project Backups\ic_pairwise_34_v1_temp_2026_06_10\P485_S22_S24\P485_S22_S24.pdsprj","","2ABE37BCB1400208B92C5815C72FCE19132D4DBBD991F2F01E4874A21B0EE19D","D:\Coding\protuesgen\experiments\ic_pairwise_34_v1_temp_2026_06_10\P485_S22_S24\P485_S22_S24.pdsprj","12618"
"deleted_duplicate_in_experiments","C:\Users\tahab\Downloads\SQU\Project Backups\ic_pairwise_34_v1_temp_2026_06_10\P486_S22_S25\P486_S22_S25.pdsprj","","42A350EFA2CBAE7241EC964BF825E9672E6506FE08DC9A2672F1FAA512D0C645","D:\Coding\protuesgen\experiments\ic_pairwise_34_v1_temp_2026_06_10\P486_S22_S25\P486_S22_S25.pdsprj","12611"
"deleted_duplicate_in_experiments","C:\Users\tahab\Downloads\SQU\Project Backups\ic_pairwise_34_v1_temp_2026_06_10\P487_S22_S26\P487_S22_S26.pdsprj","","D52C5AB917D471725C129A91FEF2D4FC2E56B0BD2CB439C8863E95FC5AB05533","D:\Coding\protuesgen\experiments\ic_pairwise_34_v1_temp_2026_06_10\P487_S22_S26\P487_S22_S26.pdsprj","12622"
"deleted_duplicate_in_experiments","C:\Users\tahab\Downloads\SQU\Project Backups\ic_pairwise_34_v1_temp_2026_06_10\P489_S22_S28\P489_S22_S28.pdsprj","","CB358B7F19DBFC288C9345B51367C2854CA64D4602173D3109DB8230174AE471","D:\Coding\protuesgen\experiments\ic_pairwise_34_v1_temp_2026_06_10\P489_S22_S28\P489_S22_S28.pdsprj","12666"
"deleted_duplicate_in_experiments","C:\Users\tahab\Downloads\SQU\Project Backups\ic_pairwise_34_v1_temp_2026_06_10\P490_S22_S29\P490_S22_S29.pdsprj","","6ED9EA9E42E7C64F37AB9EF6148931AFB6F594A37C016381C95B201B5FB21104","D:\Coding\protuesgen\experiments\ic_pairwise_34_v1_temp_2026_06_10\P490_S22_S29\P490_S22_S29.pdsprj","12770"
"deleted_duplicate_in_experiments","C:\Users\tahab\Downloads\SQU\Project Backups\ic_pairwise_34_v1_temp_2026_06_10\P491_S22_S30\P491_S22_S30.pdsprj","","914B2B572F44697BB14078A8FAF07B63BA4891DB54BEDD1DF91852BEC7CA039F","D:\Coding\protuesgen\experiments\ic_pairwise_34_v1_temp_2026_06_10\P491_S22_S30\P491_S22_S30.pdsprj","12504"
"deleted_duplicate_in_experiments","C:\Users\tahab\Downloads\SQU\Project Backups\ic_pairwise_34_v1_temp_2026_06_10\P492_S22_S31\P492_S22_S31.pdsprj","","29ACC2F95D30A96FAFD176692F7FABFB424FA1666DE28CA6F75CC2CDC0C086F7","D:\Coding\protuesgen\experiments\ic_pairwise_34_v1_temp_2026_06_10\P492_S22_S31\P492_S22_S31.pdsprj","12685"
"deleted_duplicate_in_experiments","C:\Users\tahab\Downloads\SQU\Project Backups\ic_pairwise_34_v1_temp_2026_06_10\P493_S22_S32\P493_S22_S32.pdsprj","","D3453645DA7885176A4B534BBEDF35ADCD9EAE175605436491FD6C5274F9F51E","D:\Coding\protuesgen\experiments\ic_pairwise_34_v1_temp_2026_06_10\P493_S22_S32\P493_S22_S32.pdsprj","12768"
"deleted_duplicate_in_experiments","C:\Users\tahab\Downloads\SQU\Project Backups\ic_pairwise_34_v1_temp_2026_06_10\P494_S22_S33\P494_S22_S33.pdsprj","","DDB0D15C73E16A05AB2DA0817B9E041104F0297BF45DB10EB0D25456A69AB1CC","D:\Coding\protuesgen\experiments\ic_pairwise_34_v1_temp_2026_06_10\P494_S22_S33\P494_S22_S33.pdsprj","13104"
"deleted_duplicate_in_experiments","C:\Users\tahab\Downloads\SQU\Project Backups\ic_pairwise_34_v1_temp_2026_06_10\P495_S22_S34\P495_S22_S34.pdsprj","","47E10DCDD3DA420B2472CF52D086A65B8A2488DDAF463F00952071E951D39D5F","D:\Coding\protuesgen\experiments\ic_pairwise_34_v1_temp_2026_06_10\P495_S22_S34\P495_S22_S34.pdsprj","13795"
"deleted_duplicate_in_experiments","C:\Users\tahab\Downloads\SQU\Project Backups\ic_pairwise_34_v1_temp_2026_06_10\P496_S23_S24\P496_S23_S24.pdsprj","","BA7AEEE1EE9A963F7D13BB5808B3C1CDDC93A664E95D7E1663447CD8A1B95907","D:\Coding\protuesgen\experiments\ic_pairwise_34_v1_temp_2026_06_10\P496_S23_S24\P496_S23_S24.pdsprj","12556"
"deleted_duplicate_in_experiments","C:\Users\tahab\Downloads\SQU\Project Backups\ic_pairwise_34_v1_temp_2026_06_10\P497_S23_S25\P497_S23_S25.pdsprj","","FDC7372D5EDCFAA6498C9AC279DE65CF85E45499B3480F83F935C6FA407ED656","D:\Coding\protuesgen\experiments\ic_pairwise_34_v1_temp_2026_06_10\P497_S23_S25\P497_S23_S25.pdsprj","12571"
"deleted_duplicate_in_experiments","C:\Users\tahab\Downloads\SQU\Project Backups\ic_pairwise_34_v1_temp_2026_06_10\P498_S23_S26\P498_S23_S26.pdsprj","","1D132841D3DBD83F1949FC83D84203CFC4C2D655C98604BF00F1FCF5CCA8947E","D:\Coding\protuesgen\experiments\ic_pairwise_34_v1_temp_2026_06_10\P498_S23_S26\P498_S23_S26.pdsprj","12589"
"deleted_duplicate_in_experiments","C:\Users\tahab\Downloads\SQU\Project Backups\ic_pairwise_34_v1_temp_2026_06_10\P500_S23_S28\P500_S23_S28.pdsprj","","59FD0CB8B16B71900AE43CE93DD33164CD113AF2F30AB92AB215BBCBD91DC6AC","D:\Coding\protuesgen\experiments\ic_pairwise_34_v1_temp_2026_06_10\P500_S23_S28\P500_S23_S28.pdsprj","12619"
"deleted_duplicate_in_experiments","C:\Users\tahab\Downloads\SQU\Project Backups\ic_pairwise_34_v1_temp_2026_06_10\P501_S23_S29\P501_S23_S29.pdsprj","","44F3FD8BB66742012616B1B56539DAD0BC850AB90193A34AC79CF82F73A4E73D","D:\Coding\protuesgen\experiments\ic_pairwise_34_v1_temp_2026_06_10\P501_S23_S29\P501_S23_S29.pdsprj","12712"
"deleted_duplicate_in_experiments","C:\Users\tahab\Downloads\SQU\Project Backups\ic_pairwise_34_v1_temp_2026_06_10\P502_S23_S30\P502_S23_S30.pdsprj","","804703224B9B936CAAD3A4C81DD3DAFC37780C96B7BA43AD43C762B90FB9B361","D:\Coding\protuesgen\experiments\ic_pairwise_34_v1_temp_2026_06_10\P502_S23_S30\P502_S23_S30.pdsprj","12366"
"deleted_duplicate_in_experiments","C:\Users\tahab\Downloads\SQU\Project Backups\ic_pairwise_34_v1_temp_2026_06_10\P503_S23_S31\P503_S23_S31.pdsprj","","2F52493C7DC81588994DA692FD119A21FE66CF1B849D72BAF58A9BC3014DCA39","D:\Coding\protuesgen\experiments\ic_pairwise_34_v1_temp_2026_06_10\P503_S23_S31\P503_S23_S31.pdsprj","12536"
"deleted_duplicate_in_experiments","C:\Users\tahab\Downloads\SQU\Project Backups\ic_pairwise_34_v1_temp_2026_06_10\P504_S23_S32\P504_S23_S32.pdsprj","","247C138446F6116112936E29DE8791D92C87A379C38EBFBC3DFEC8B9182E91D6","D:\Coding\protuesgen\experiments\ic_pairwise_34_v1_temp_2026_06_10\P504_S23_S32\P504_S23_S32.pdsprj","12579"
"deleted_duplicate_in_experiments","C:\Users\tahab\Downloads\SQU\Project Backups\ic_pairwise_34_v1_temp_2026_06_10\P505_S23_S33\P505_S23_S33.pdsprj","","B632CBA321898EB07D112F3EB4BD7F9FBA478110FFF6AA71853D5E623B14273F","D:\Coding\protuesgen\experiments\ic_pairwise_34_v1_temp_2026_06_10\P505_S23_S33\P505_S23_S33.pdsprj","12909"
"deleted_duplicate_in_experiments","C:\Users\tahab\Downloads\SQU\Project Backups\ic_pairwise_34_v1_temp_2026_06_10\P506_S23_S34\P506_S23_S34.pdsprj","","CF278A83E1BC0E499BEEAF0C786C15BEE6D8FBF4215CAAEB5AF5F53CCFDD7F31","D:\Coding\protuesgen\experiments\ic_pairwise_34_v1_temp_2026_06_10\P506_S23_S34\P506_S23_S34.pdsprj","13598"
"deleted_duplicate_in_experiments","C:\Users\tahab\Downloads\SQU\Project Backups\ic_pairwise_34_v1_temp_2026_06_10\P507_S24_S25\P507_S24_S25.pdsprj","","ABAAC4F24E3F864D9DCC21584BC46AA9197AA02A550CDA9334E51FBE119302CB","D:\Coding\protuesgen\experiments\ic_pairwise_34_v1_temp_2026_06_10\P507_S24_S25\P507_S24_S25.pdsprj","12311"
"deleted_duplicate_in_experiments","C:\Users\tahab\Downloads\SQU\Project Backups\ic_pairwise_34_v1_temp_2026_06_10\P508_S24_S26\P508_S24_S26.pdsprj","","5862E13998A01BD48E10881576E8AC2FBE65B1DA22B17CB49D5811E8F6146CD7","D:\Coding\protuesgen\experiments\ic_pairwise_34_v1_temp_2026_06_10\P508_S24_S26\P508_S24_S26.pdsprj","12379"
"deleted_duplicate_in_experiments","C:\Users\tahab\Downloads\SQU\Project Backups\ic_pairwise_34_v1_temp_2026_06_10\P510_S24_S28\P510_S24_S28.pdsprj","","B46D19BFEC0B46FDEA8BBE5F1C1E99EF8ABD3240FDB7F4CF949A6DF2EB83537B","D:\Coding\protuesgen\experiments\ic_pairwise_34_v1_temp_2026_06_10\P510_S24_S28\P510_S24_S28.pdsprj","12429"
"deleted_duplicate_in_experiments","C:\Users\tahab\Downloads\SQU\Project Backups\ic_pairwise_34_v1_temp_2026_06_10\P511_S24_S29\P511_S24_S29.pdsprj","","32BB980373D45A33577E67F7CF9790B781D96F1A79949D0D65890C4CA456D001","D:\Coding\protuesgen\experiments\ic_pairwise_34_v1_temp_2026_06_10\P511_S24_S29\P511_S24_S29.pdsprj","12540"
"deleted_duplicate_in_experiments","C:\Users\tahab\Downloads\SQU\Project Backups\ic_pairwise_34_v1_temp_2026_06_10\P512_S24_S30\P512_S24_S30.pdsprj","","D557BA9FEE066FFEF4C5D2B5F97A3C3F362C4E3CE64D3DDC0417497E51AAAEFC","D:\Coding\protuesgen\experiments\ic_pairwise_34_v1_temp_2026_06_10\P512_S24_S30\P512_S24_S30.pdsprj","12216"
"deleted_duplicate_in_experiments","C:\Users\tahab\Downloads\SQU\Project Backups\ic_pairwise_34_v1_temp_2026_06_10\P513_S24_S31\P513_S24_S31.pdsprj","","F3721F2E3A3854B9430E5EBE565EF18736936098E61A4FF8546761D1408B10F8","D:\Coding\protuesgen\experiments\ic_pairwise_34_v1_temp_2026_06_10\P513_S24_S31\P513_S24_S31.pdsprj","12399"
"deleted_duplicate_in_experiments","C:\Users\tahab\Downloads\SQU\Project Backups\ic_pairwise_34_v1_temp_2026_06_10\P514_S24_S32\P514_S24_S32.pdsprj","","D900C20882DA02D04E23CA3A936B91216AB3EF0EB568FFDD998287C374C39650","D:\Coding\protuesgen\experiments\ic_pairwise_34_v1_temp_2026_06_10\P514_S24_S32\P514_S24_S32.pdsprj","12532"
"deleted_duplicate_in_experiments","C:\Users\tahab\Downloads\SQU\Project Backups\ic_pairwise_34_v1_temp_2026_06_10\P515_S24_S33\P515_S24_S33.pdsprj","","30ADE41455A011FBA0F774BFBC4F741649324294FA951CA07EE6EF078CBCEDC7","D:\Coding\protuesgen\experiments\ic_pairwise_34_v1_temp_2026_06_10\P515_S24_S33\P515_S24_S33.pdsprj","12863"
"deleted_duplicate_in_experiments","C:\Users\tahab\Downloads\SQU\Project Backups\ic_pairwise_34_v1_temp_2026_06_10\P516_S24_S34\P516_S24_S34.pdsprj","","687EC1A1599B410C861FCECD3EBBFE77C42B01556EFD4E0BF17FACCA86A9E1CA","D:\Coding\protuesgen\experiments\ic_pairwise_34_v1_temp_2026_06_10\P516_S24_S34\P516_S24_S34.pdsprj","13552"
"deleted_duplicate_in_experiments","C:\Users\tahab\Downloads\SQU\Project Backups\ic_pairwise_34_v1_temp_2026_06_10\P517_S25_S26\P517_S25_S26.pdsprj","","767FEAC5CAADE4EF5A169C4F2ED30B4FBAF40E092999FDDC6F3DD3A96936448B","D:\Coding\protuesgen\experiments\ic_pairwise_34_v1_temp_2026_06_10\P517_S25_S26\P517_S25_S26.pdsprj","12380"
"deleted_duplicate_in_experiments","C:\Users\tahab\Downloads\SQU\Project Backups\ic_pairwise_34_v1_temp_2026_06_10\P519_S25_S28\P519_S25_S28.pdsprj","","7618E65F7E48F56347C99B10323E99FAA54065F32498AF19B6A1D58522FA7661","D:\Coding\protuesgen\experiments\ic_pairwise_34_v1_temp_2026_06_10\P519_S25_S28\P519_S25_S28.pdsprj","12431"
"deleted_duplicate_in_experiments","C:\Users\tahab\Downloads\SQU\Project Backups\ic_pairwise_34_v1_temp_2026_06_10\P520_S25_S29\P520_S25_S29.pdsprj","","9BFF5A6CF09871B54B2A25E71F263D926D2D3CC33F61ECF602325808BE1A2D79","D:\Coding\protuesgen\experiments\ic_pairwise_34_v1_temp_2026_06_10\P520_S25_S29\P520_S25_S29.pdsprj","12557"
"deleted_duplicate_in_experiments","C:\Users\tahab\Downloads\SQU\Project Backups\ic_pairwise_34_v1_temp_2026_06_10\P521_S25_S30\P521_S25_S30.pdsprj","","03E114344653940DE40814FDB1158A8C3CF24D7D7D76744721F62373E865BCC8","D:\Coding\protuesgen\experiments\ic_pairwise_34_v1_temp_2026_06_10\P521_S25_S30\P521_S25_S30.pdsprj","12237"
"deleted_duplicate_in_experiments","C:\Users\tahab\Downloads\SQU\Project Backups\ic_pairwise_34_v1_temp_2026_06_10\P522_S25_S31\P522_S25_S31.pdsprj","","BA436A402C3F30D1E656EDCB36518009C129CA5B208AE852350741128238FCD0","D:\Coding\protuesgen\experiments\ic_pairwise_34_v1_temp_2026_06_10\P522_S25_S31\P522_S25_S31.pdsprj","12417"
"deleted_duplicate_in_experiments","C:\Users\tahab\Downloads\SQU\Project Backups\ic_pairwise_34_v1_temp_2026_06_10\P523_S25_S32\P523_S25_S32.pdsprj","","834C166508202CFFF5A813CEC8DF0969B5D617584BC47B4D3128ADB2207CFB10","D:\Coding\protuesgen\experiments\ic_pairwise_34_v1_temp_2026_06_10\P523_S25_S32\P523_S25_S32.pdsprj","12528"
"deleted_duplicate_in_experiments","C:\Users\tahab\Downloads\SQU\Project Backups\ic_pairwise_34_v1_temp_2026_06_10\P524_S25_S33\P524_S25_S33.pdsprj","","C588D5C02B523A9BD42822BB545643B903A946D190DAFE04C0DB0294FC434000","D:\Coding\protuesgen\experiments\ic_pairwise_34_v1_temp_2026_06_10\P524_S25_S33\P524_S25_S33.pdsprj","12856"
"deleted_duplicate_in_experiments","C:\Users\tahab\Downloads\SQU\Project Backups\ic_pairwise_34_v1_temp_2026_06_10\P525_S25_S34\P525_S25_S34.pdsprj","","A1118D3F6358A04B9C7A24410F62FE6B2CB6E5A4262DAFAD8EC95A8B0D55A2B0","D:\Coding\protuesgen\experiments\ic_pairwise_34_v1_temp_2026_06_10\P525_S25_S34\P525_S25_S34.pdsprj","13551"
"deleted_duplicate_in_experiments","C:\Users\tahab\Downloads\SQU\Project Backups\ic_pairwise_34_v1_temp_2026_06_10\P527_S26_S28\P527_S26_S28.pdsprj","","48E469809A9C3A498B29C974D3575672A4B3902F23F6A941284B4A11709E78B9","D:\Coding\protuesgen\experiments\ic_pairwise_34_v1_temp_2026_06_10\P527_S26_S28\P527_S26_S28.pdsprj","12471"
"deleted_duplicate_in_experiments","C:\Users\tahab\Downloads\SQU\Project Backups\ic_pairwise_34_v1_temp_2026_06_10\P528_S26_S29\P528_S26_S29.pdsprj","","135082EFE1597FF62CC812A1424499CCE0931B5A325480EB6E703ED50721B63C","D:\Coding\protuesgen\experiments\ic_pairwise_34_v1_temp_2026_06_10\P528_S26_S29\P528_S26_S29.pdsprj","12580"
"deleted_duplicate_in_experiments","C:\Users\tahab\Downloads\SQU\Project Backups\ic_pairwise_34_v1_temp_2026_06_10\P529_S26_S30\P529_S26_S30.pdsprj","","A434BE477BA8014F2482C80B7C911E0A0FD684710E1595C583C02115D0470A4F","D:\Coding\protuesgen\experiments\ic_pairwise_34_v1_temp_2026_06_10\P529_S26_S30\P529_S26_S30.pdsprj","12294"
"deleted_duplicate_in_experiments","C:\Users\tahab\Downloads\SQU\Project Backups\ic_pairwise_34_v1_temp_2026_06_10\P530_S26_S31\P530_S26_S31.pdsprj","","F6157C810AB4EFFECD4DC214A6491BEB29C29873D6F00928967CF03CFD2CAF39","D:\Coding\protuesgen\experiments\ic_pairwise_34_v1_temp_2026_06_10\P530_S26_S31\P530_S26_S31.pdsprj","12474"
"deleted_duplicate_in_experiments","C:\Users\tahab\Downloads\SQU\Project Backups\ic_pairwise_34_v1_temp_2026_06_10\P531_S26_S32\P531_S26_S32.pdsprj","","D6B677981DB84E40279273F70CA46530127870D88D341CF2D730DF1E03FA705E","D:\Coding\protuesgen\experiments\ic_pairwise_34_v1_temp_2026_06_10\P531_S26_S32\P531_S26_S32.pdsprj","12577"
"deleted_duplicate_in_experiments","C:\Users\tahab\Downloads\SQU\Project Backups\ic_pairwise_34_v1_temp_2026_06_10\P532_S26_S33\P532_S26_S33.pdsprj","","82E00F6CFD82BAAC3E20711013582E3344A2F7FE1A0E6D466CAAEE8B2FF8FFAE","D:\Coding\protuesgen\experiments\ic_pairwise_34_v1_temp_2026_06_10\P532_S26_S33\P532_S26_S33.pdsprj","12903"
"deleted_duplicate_in_experiments","C:\Users\tahab\Downloads\SQU\Project Backups\ic_pairwise_34_v1_temp_2026_06_10\P533_S26_S34\P533_S26_S34.pdsprj","","79E1B78F4530CC4E9881B841E25E23981AE736762ECEE40EBBA49446796D6988","D:\Coding\protuesgen\experiments\ic_pairwise_34_v1_temp_2026_06_10\P533_S26_S34\P533_S26_S34.pdsprj","13596"
"deleted_duplicate_in_experiments","C:\Users\tahab\Downloads\SQU\Project Backups\ic_pairwise_34_v1_temp_2026_06_10\P541_S28_S29\P541_S28_S29.pdsprj","","29D00745502BCB233126FFFB0A7FEB9556205E9772B656727C22D83E01A3E754","D:\Coding\protuesgen\experiments\ic_pairwise_34_v1_temp_2026_06_10\P541_S28_S29\P541_S28_S29.pdsprj","12625"
"deleted_duplicate_in_experiments","C:\Users\tahab\Downloads\SQU\Project Backups\ic_pairwise_34_v1_temp_2026_06_10\P542_S28_S30\P542_S28_S30.pdsprj","","2EE03C5022589F0CC7C520E2375BB1DD75543D3538AB06B70DD35C289210DFA7","D:\Coding\protuesgen\experiments\ic_pairwise_34_v1_temp_2026_06_10\P542_S28_S30\P542_S28_S30.pdsprj","12339"
"deleted_duplicate_in_experiments","C:\Users\tahab\Downloads\SQU\Project Backups\ic_pairwise_34_v1_temp_2026_06_10\P543_S28_S31\P543_S28_S31.pdsprj","","39B2C8E2752EBF80FEC414A8DA4EA2A173861B70B603AC00129503FD38554938","D:\Coding\protuesgen\experiments\ic_pairwise_34_v1_temp_2026_06_10\P543_S28_S31\P543_S28_S31.pdsprj","12535"
"deleted_duplicate_in_experiments","C:\Users\tahab\Downloads\SQU\Project Backups\ic_pairwise_34_v1_temp_2026_06_10\P544_S28_S32\P544_S28_S32.pdsprj","","F415219C61800FF12D02AA04FB5D305646DEDCE1BF5E48D7B1F7D2DB5A4FBB44","D:\Coding\protuesgen\experiments\ic_pairwise_34_v1_temp_2026_06_10\P544_S28_S32\P544_S28_S32.pdsprj","12625"
"deleted_duplicate_in_experiments","C:\Users\tahab\Downloads\SQU\Project Backups\ic_pairwise_34_v1_temp_2026_06_10\P545_S28_S33\P545_S28_S33.pdsprj","","E3906282EB73244CD8B9DA1A4FBD78C52D1839221DF336663546608AE94070FD","D:\Coding\protuesgen\experiments\ic_pairwise_34_v1_temp_2026_06_10\P545_S28_S33\P545_S28_S33.pdsprj","12955"
"deleted_duplicate_in_experiments","C:\Users\tahab\Downloads\SQU\Project Backups\ic_pairwise_34_v1_temp_2026_06_10\P546_S28_S34\P546_S28_S34.pdsprj","","5633B142743C88E7F6F06ED9DCDF2BFFB6F3A3D7E46784D4473A8039386FE7A3","D:\Coding\protuesgen\experiments\ic_pairwise_34_v1_temp_2026_06_10\P546_S28_S34\P546_S28_S34.pdsprj","13642"
"deleted_duplicate_in_experiments","C:\Users\tahab\Downloads\SQU\Project Backups\ic_pairwise_34_v1_temp_2026_06_10\P547_S29_S30\P547_S29_S30.pdsprj","","C0E10F4F78E7F13173BBF43957B4E5074977EC0BCE430638C4AC9FB308C4B3C9","D:\Coding\protuesgen\experiments\ic_pairwise_34_v1_temp_2026_06_10\P547_S29_S30\P547_S29_S30.pdsprj","12403"
"deleted_duplicate_in_experiments","C:\Users\tahab\Downloads\SQU\Project Backups\ic_pairwise_34_v1_temp_2026_06_10\P548_S29_S31\P548_S29_S31.pdsprj","","CF1DA4A6B77BC874F1E66748DFC2C7943F157D5B77FEE517E1B54423E6E79979","D:\Coding\protuesgen\experiments\ic_pairwise_34_v1_temp_2026_06_10\P548_S29_S31\P548_S29_S31.pdsprj","12585"
"deleted_duplicate_in_experiments","C:\Users\tahab\Downloads\SQU\Project Backups\ic_pairwise_34_v1_temp_2026_06_10\P549_S29_S32\P549_S29_S32.pdsprj","","413B663E8D863A816EE44F8EA56B37D4BB30C873A8FBCEB96B5EFA176EE97B22","D:\Coding\protuesgen\experiments\ic_pairwise_34_v1_temp_2026_06_10\P549_S29_S32\P549_S29_S32.pdsprj","12680"
"deleted_duplicate_in_experiments","C:\Users\tahab\Downloads\SQU\Project Backups\ic_pairwise_34_v1_temp_2026_06_10\P550_S29_S33\P550_S29_S33.pdsprj","","06AD9ABFF3BCA7F1F51DD1979E9DA1ADD69F2E61949F028972C04B6DC41AC514","D:\Coding\protuesgen\experiments\ic_pairwise_34_v1_temp_2026_06_10\P550_S29_S33\P550_S29_S33.pdsprj","13012"
"deleted_duplicate_in_experiments","C:\Users\tahab\Downloads\SQU\Project Backups\ic_pairwise_34_v1_temp_2026_06_10\P551_S29_S34\P551_S29_S34.pdsprj","","5F58534C9F5B5B13D51154219C60C4B9A1879F3CB1A3EFB35EB0702164959576","D:\Coding\protuesgen\experiments\ic_pairwise_34_v1_temp_2026_06_10\P551_S29_S34\P551_S29_S34.pdsprj","13701"
"deleted_duplicate_in_experiments","C:\Users\tahab\Downloads\SQU\Project Backups\ic_pairwise_34_v1_temp_2026_06_10\P552_S30_S31\P552_S30_S31.pdsprj","","93D99B5B01B6D1F5D3D2DEF6E5134BE14920CEE992D9347CFBA4D47C8EDF8011","D:\Coding\protuesgen\experiments\ic_pairwise_34_v1_temp_2026_06_10\P552_S30_S31\P552_S30_S31.pdsprj","12141"
"deleted_duplicate_in_experiments","C:\Users\tahab\Downloads\SQU\Project Backups\ic_pairwise_34_v1_temp_2026_06_10\P553_S30_S32\P553_S30_S32.pdsprj","","040A03ACF2F59559E536E71619E11BB35AD5CABBDADA99BD6A4895AF509D793D","D:\Coding\protuesgen\experiments\ic_pairwise_34_v1_temp_2026_06_10\P553_S30_S32\P553_S30_S32.pdsprj","12346"
"deleted_duplicate_in_experiments","C:\Users\tahab\Downloads\SQU\Project Backups\ic_pairwise_34_v1_temp_2026_06_10\P554_S30_S33\P554_S30_S33.pdsprj","","C02B2E5BCE032FD625D02D8562279BE689B9AF24A4B4CBF155F67519E835503F","D:\Coding\protuesgen\experiments\ic_pairwise_34_v1_temp_2026_06_10\P554_S30_S33\P554_S30_S33.pdsprj","12680"
"deleted_duplicate_in_experiments","C:\Users\tahab\Downloads\SQU\Project Backups\ic_pairwise_34_v1_temp_2026_06_10\P555_S30_S34\P555_S30_S34.pdsprj","","3FB3F008E146B9FE815D13F8B4F7A646BB41D388FBCEE889E4941C8C2DDEF1A8","D:\Coding\protuesgen\experiments\ic_pairwise_34_v1_temp_2026_06_10\P555_S30_S34\P555_S30_S34.pdsprj","13370"
"deleted_duplicate_in_experiments","C:\Users\tahab\Downloads\SQU\Project Backups\ic_pairwise_34_v1_temp_2026_06_10\P556_S31_S32\P556_S31_S32.pdsprj","","BA2C73900CCCC6372946ACFC59194F8672C2B8260B7AB563B27E345D998B1F95","D:\Coding\protuesgen\experiments\ic_pairwise_34_v1_temp_2026_06_10\P556_S31_S32\P556_S31_S32.pdsprj","12488"
"deleted_duplicate_in_experiments","C:\Users\tahab\Downloads\SQU\Project Backups\ic_pairwise_34_v1_temp_2026_06_10\P557_S31_S33\P557_S31_S33.pdsprj","","49234A84DA223FAEAB51FE42B52A366D4B27B24439745A997BDC082D9168855C","D:\Coding\protuesgen\experiments\ic_pairwise_34_v1_temp_2026_06_10\P557_S31_S33\P557_S31_S33.pdsprj","12826"
"deleted_duplicate_in_experiments","C:\Users\tahab\Downloads\SQU\Project Backups\ic_pairwise_34_v1_temp_2026_06_10\P558_S31_S34\P558_S31_S34.pdsprj","","A85BBAF69647F8F1D163BE5A5BCC2B5734D84AF2C9D7A8C6BED3303690BC3CBF","D:\Coding\protuesgen\experiments\ic_pairwise_34_v1_temp_2026_06_10\P558_S31_S34\P558_S31_S34.pdsprj","13524"
"deleted_duplicate_in_experiments","C:\Users\tahab\Downloads\SQU\Project Backups\ic_pairwise_34_v1_temp_2026_06_10\P559_S32_S33\P559_S32_S33.pdsprj","","1F394F84FF0B3DE4B6A9F0E7EC6D40E8CA5AE9A6B67628B6456F49FAE8796ED4","D:\Coding\protuesgen\experiments\ic_pairwise_34_v1_temp_2026_06_10\P559_S32_S33\P559_S32_S33.pdsprj","12416"
"deleted_duplicate_in_experiments","C:\Users\tahab\Downloads\SQU\Project Backups\ic_pairwise_34_v1_temp_2026_06_10\P560_S32_S34\P560_S32_S34.pdsprj","","58B99CA94086725BC58420A31F8402BE9689B0AD1A70878916D192101D77B53F","D:\Coding\protuesgen\experiments\ic_pairwise_34_v1_temp_2026_06_10\P560_S32_S34\P560_S32_S34.pdsprj","13104"
"deleted_duplicate_in_experiments","C:\Users\tahab\Downloads\SQU\Project Backups\ic_pairwise_34_v1_temp_2026_06_10\P561_S33_S34\P561_S33_S34.pdsprj","","B1A225ED25BDEB894918CCFE2AB9A32A6C2F9EF8C58DB876C48FD8206811B6F3","D:\Coding\protuesgen\experiments\ic_pairwise_34_v1_temp_2026_06_10\P561_S33_S34\P561_S33_S34.pdsprj","13347"
"deleted_duplicate_in_experiments","C:\Users\tahab\Downloads\SQU\Project Backups\S01\P001_S01_S02\P001_S01_S02.pdsprj","","F9854C2134362672CD67C99D3BB3F73A7A6F5936B76BC5E2EEA26D1ACEA277D2","D:\Coding\protuesgen\experiments\ic_pairwise_34_v1_temp_2026_06_10\P001_S01_S02\P001_S01_S02.pdsprj","11706"
"deleted_duplicate_in_experiments","C:\Users\tahab\Downloads\SQU\Project Backups\S01\P001_S01_S02\Project Backups\P001_S01_S02 [20260610, 19-19-24].pdsprj","","4C7BB8973916064B5637F1BCDCE5D91D5D0B3EBDD802999F5737AAFF9FA14A60","D:\Coding\protuesgen\experiments\ic_pairwise_34_v1_temp_2026_06_10\P001_S01_S02\Project Backups\P001_S01_S02 [20260610, 19-19-24].pdsprj","11703"
"deleted_duplicate_in_experiments","C:\Users\tahab\Downloads\SQU\Project Backups\S01\P002_S01_S03\P002_S01_S03.pdsprj","","D22A6468B505DD3629448BCA2385F3D93A19BCEA98B84E9A3F4EE97776A7D308","D:\Coding\protuesgen\experiments\ic_pairwise_34_v1_temp_2026_06_10\P002_S01_S03\P002_S01_S03.pdsprj","11619"
"deleted_duplicate_in_experiments","C:\Users\tahab\Downloads\SQU\Project Backups\S01\P003_S01_S04\P003_S01_S04.pdsprj","","690BD358A3DE24C4297E456479BAC3B9C0CBB372A0D7F0ABE602A04CA05A93B7","D:\Coding\protuesgen\experiments\ic_pairwise_34_v1_temp_2026_06_10\P003_S01_S04\P003_S01_S04.pdsprj","12069"
"deleted_duplicate_in_experiments","C:\Users\tahab\Downloads\SQU\Project Backups\S01\P004_S01_S05\P004_S01_S05.pdsprj","","EA2510A5C59EC5FE8F025336BA10A2151BDD276FA2B53292726CB7B07BBC3120","D:\Coding\protuesgen\experiments\ic_pairwise_34_v1_temp_2026_06_10\P004_S01_S05\P004_S01_S05.pdsprj","12168"
"deleted_duplicate_in_experiments","C:\Users\tahab\Downloads\SQU\Project Backups\S01\P005_S01_S06\P005_S01_S06.pdsprj","","703609D3D08789EE69996842513D8EA92657BCB9E2B52DAEE9E4A49B0B2CCB9D","D:\Coding\protuesgen\experiments\ic_pairwise_34_v1_temp_2026_06_10\P005_S01_S06\P005_S01_S06.pdsprj","11783"
"deleted_duplicate_in_experiments","C:\Users\tahab\Downloads\SQU\Project Backups\S01\P006_S01_S07\P006_S01_S07.pdsprj","","1F61109CD8F874215F8994E842F1AEB94A7913E78E171A8271AC69D3B74FD08A","D:\Coding\protuesgen\experiments\ic_pairwise_34_v1_temp_2026_06_10\P006_S01_S07\P006_S01_S07.pdsprj","11830"
"deleted_duplicate_in_experiments","C:\Users\tahab\Downloads\SQU\Project Backups\S01\P007_S01_S08\P007_S01_S08.pdsprj","","4CD781A79288A4611A222866BBEAD57F59FEC8796DD034396B3E235811049A3B","D:\Coding\protuesgen\experiments\ic_pairwise_34_v1_temp_2026_06_10\P007_S01_S08\P007_S01_S08.pdsprj","12123"
"deleted_duplicate_in_experiments","C:\Users\tahab\Downloads\SQU\Project Backups\S01\P008_S01_S09\P008_S01_S09.pdsprj","","9375D2FDD357392CC889B31A29261BEF6DAB7D3173D545EE53A4C4C9D4EC13E6","D:\Coding\protuesgen\experiments\ic_pairwise_34_v1_temp_2026_06_10\P008_S01_S09\P008_S01_S09.pdsprj","12264"
"deleted_duplicate_in_experiments","C:\Users\tahab\Downloads\SQU\Project Backups\S01\P009_S01_S10\P009_S01_S10.pdsprj","","308A7F59A1E5F48787AB0DA105B9A2AA542CE80824D2B24447842ECAED163613","D:\Coding\protuesgen\experiments\ic_pairwise_34_v1_temp_2026_06_10\P009_S01_S10\P009_S01_S10.pdsprj","12248"
"deleted_duplicate_in_experiments","C:\Users\tahab\Downloads\SQU\Project Backups\S01\P010_S01_S11\P010_S01_S11.pdsprj","","DE4A28FE808E3422015FE4C4936857D84CF59693F5A79D82EEB18573A1D0EBF5","D:\Coding\protuesgen\experiments\ic_pairwise_34_v1_temp_2026_06_10\P010_S01_S11\P010_S01_S11.pdsprj","12245"
"deleted_duplicate_in_experiments","C:\Users\tahab\Downloads\SQU\Project Backups\S01\P011_S01_S12\P011_S01_S12.pdsprj","","E3B5AF989F5D8A68C17A171A5AD4E8488478A85AFEA462D1124C82A33DB1F87E","D:\Coding\protuesgen\experiments\ic_pairwise_34_v1_temp_2026_06_10\P011_S01_S12\P011_S01_S12.pdsprj","12269"
"deleted_duplicate_in_experiments","C:\Users\tahab\Downloads\SQU\Project Backups\S01\P012_S01_S13\P012_S01_S13.pdsprj","","AD6B273C37EE77044ACEFE7B9245B17AA5E36228F24BAB22A1C50F3FA2F0B50B","D:\Coding\protuesgen\experiments\ic_pairwise_34_v1_temp_2026_06_10\P012_S01_S13\P012_S01_S13.pdsprj","12274"
"deleted_duplicate_in_experiments","C:\Users\tahab\Downloads\SQU\Project Backups\S01\P013_S01_S14\P013_S01_S14.pdsprj","","8E4167ECEBCCF6AF7677101E0D8E4DC0A0062BEBE434D98BA1078B39AEA4C1DB","D:\Coding\protuesgen\experiments\ic_pairwise_34_v1_temp_2026_06_10\P013_S01_S14\P013_S01_S14.pdsprj","12291"
"deleted_duplicate_in_experiments","C:\Users\tahab\Downloads\SQU\Project Backups\S01\P014_S01_S15\P014_S01_S15.pdsprj","","E0D651961B1239DB56BD67E6A8B93679D437EB43F916D0DDD8545ED0A7D38AF3","D:\Coding\protuesgen\experiments\ic_pairwise_34_v1_temp_2026_06_10\P014_S01_S15\P014_S01_S15.pdsprj","12274"
"deleted_duplicate_in_experiments","C:\Users\tahab\Downloads\SQU\Project Backups\S01\P015_S01_S16\P015_S01_S16.pdsprj","","368F482235A0BD0DD2F2057FA71B914A908A16E50118446D432D010715559994","D:\Coding\protuesgen\experiments\ic_pairwise_34_v1_temp_2026_06_10\P015_S01_S16\P015_S01_S16.pdsprj","12048"
"deleted_duplicate_in_experiments","C:\Users\tahab\Downloads\SQU\Project Backups\S01\P016_S01_S17\P016_S01_S17.pdsprj","","C37E09A0B0BCBFE091C6E7C3C331B6F26C7A3EC7651EFC451E94A1351E3294BD","D:\Coding\protuesgen\experiments\ic_pairwise_34_v1_temp_2026_06_10\P016_S01_S17\P016_S01_S17.pdsprj","12261"
"deleted_duplicate_in_experiments","C:\Users\tahab\Downloads\SQU\Project Backups\S01\P017_S01_S18\P017_S01_S18.pdsprj","","5BC339A6211FC14105E6D319801414CE53E4E495F727B4D0D4A1F7D3515EE686","D:\Coding\protuesgen\experiments\ic_pairwise_34_v1_temp_2026_06_10\P017_S01_S18\P017_S01_S18.pdsprj","12037"
"deleted_duplicate_in_experiments","C:\Users\tahab\Downloads\SQU\Project Backups\S01\P018_S01_S19\P018_S01_S19.pdsprj","","2B116CD732627DD86EF8F73D975E26C44456C91CE4B49B4B0249BF016C2ACBBB","D:\Coding\protuesgen\experiments\ic_pairwise_34_v1_temp_2026_06_10\P018_S01_S19\P018_S01_S19.pdsprj","12243"
"deleted_duplicate_in_experiments","C:\Users\tahab\Downloads\SQU\Project Backups\S01\P019_S01_S20\P019_S01_S20.pdsprj","","93FAFE34F01DB30D50A236B54CB217D24843D188432DCDE18615DAC1019A68D3","D:\Coding\protuesgen\experiments\ic_pairwise_34_v1_temp_2026_06_10\P019_S01_S20\P019_S01_S20.pdsprj","12325"
"deleted_duplicate_in_experiments","C:\Users\tahab\Downloads\SQU\Project Backups\S01\P020_S01_S21\P020_S01_S21.pdsprj","","543C9F4B4D8806194296F0C0ADF9DF953352F961D682872FB09355E550E2DE76","D:\Coding\protuesgen\experiments\ic_pairwise_34_v1_temp_2026_06_10\P020_S01_S21\P020_S01_S21.pdsprj","12277"
"deleted_duplicate_in_experiments","C:\Users\tahab\Downloads\SQU\Project Backups\S01\P021_S01_S22\P021_S01_S22.pdsprj","","D8EF9A10F63EE211808832EC044E56552C1FE463EE51F09A95DEE29F3B85E28D","D:\Coding\protuesgen\experiments\ic_pairwise_34_v1_temp_2026_06_10\P021_S01_S22\P021_S01_S22.pdsprj","12418"
"deleted_duplicate_in_experiments","C:\Users\tahab\Downloads\SQU\Project Backups\S01\P022_S01_S23\P022_S01_S23.pdsprj","","8D51337BB61269E17BAD76BA462A64DE8CD71AD8044359898F2D085ADB9B8D3E","D:\Coding\protuesgen\experiments\ic_pairwise_34_v1_temp_2026_06_10\P022_S01_S23\P022_S01_S23.pdsprj","12288"
"deleted_duplicate_in_experiments","C:\Users\tahab\Downloads\SQU\Project Backups\S01\P023_S01_S24\P023_S01_S24.pdsprj","","3941975E0F223E015BDA885014724A477E30DC655BB08FB5F0C6DD8599CCAA2A","D:\Coding\protuesgen\experiments\ic_pairwise_34_v1_temp_2026_06_10\P023_S01_S24\P023_S01_S24.pdsprj","12170"
"deleted_duplicate_in_experiments","C:\Users\tahab\Downloads\SQU\Project Backups\S01\P024_S01_S25\P024_S01_S25.pdsprj","","8F8AE733404A810044EB349CFDB2B2D4924ECF78103CBBB91B4F6DC69F361375","D:\Coding\protuesgen\experiments\ic_pairwise_34_v1_temp_2026_06_10\P024_S01_S25\P024_S01_S25.pdsprj","12197"
"deleted_duplicate_in_experiments","C:\Users\tahab\Downloads\SQU\Project Backups\S01\P025_S01_S26\P025_S01_S26.pdsprj","","166F2A8DA91FD3E7BC27F7187C307B4B5C2C92919C4981665C6F6400CD807A0D","D:\Coding\protuesgen\experiments\ic_pairwise_34_v1_temp_2026_06_10\P025_S01_S26\P025_S01_S26.pdsprj","12206"
"deleted_duplicate_in_experiments","C:\Users\tahab\Downloads\SQU\Project Backups\S01\P026_S01_S27\P026_S01_S27.pdsprj","","BA5CDF680C7A057BBAA255919774394D303C135160C6557E4CAFB15344A1F713","D:\Coding\protuesgen\experiments\ic_pairwise_34_v1_temp_2026_06_10\P026_S01_S27\P026_S01_S27.pdsprj","12156"
"deleted_duplicate_in_experiments","C:\Users\tahab\Downloads\SQU\Project Backups\S01\P026_S01_S27\Project Backups\P026_S01_S27 [20260610, 19-26-32].pdsprj","","BC3F4BCBA68D041F93228CFD3CB01A105BE058BDC2ADEE6700C54111343A3957","D:\Coding\protuesgen\experiments\ic_pairwise_34_v1_temp_2026_06_10\P026_S01_S27\Project Backups\P026_S01_S27 [20260610, 19-26-32].pdsprj","12156"
"deleted_duplicate_in_experiments","C:\Users\tahab\Downloads\SQU\Project Backups\S01\P027_S01_S28\P027_S01_S28.pdsprj","","D0E5C8E3323A088B3658CE45E2A6AB14A53E7A5BD9E6AE1082E4A24B96D09DEA","D:\Coding\protuesgen\experiments\ic_pairwise_34_v1_temp_2026_06_10\P027_S01_S28\P027_S01_S28.pdsprj","12270"
"deleted_duplicate_in_experiments","C:\Users\tahab\Downloads\SQU\Project Backups\S01\P028_S01_S29\P028_S01_S29.pdsprj","","F19F1ECCB77A17BD01252F612EB49EA1A76F3A4B903C95263C48ABE14A59E3F5","D:\Coding\protuesgen\experiments\ic_pairwise_34_v1_temp_2026_06_10\P028_S01_S29\P028_S01_S29.pdsprj","12322"
"deleted_duplicate_in_experiments","C:\Users\tahab\Downloads\SQU\Project Backups\S01\P029_S01_S30\P029_S01_S30.pdsprj","","F6D339FF9A7F2A2CBF25BDCAC58AFB82B99C38C0E91BE893D0A66B698CC4C527","D:\Coding\protuesgen\experiments\ic_pairwise_34_v1_temp_2026_06_10\P029_S01_S30\P029_S01_S30.pdsprj","12002"
"deleted_duplicate_in_experiments","C:\Users\tahab\Downloads\SQU\Project Backups\S01\P030_S01_S31\P030_S01_S31.pdsprj","","792D4F5D344C0721F58187D4CF719B70F12D64452FAA852327CE3CD703F2B19D","D:\Coding\protuesgen\experiments\ic_pairwise_34_v1_temp_2026_06_10\P030_S01_S31\P030_S01_S31.pdsprj","12165"
"deleted_duplicate_in_experiments","C:\Users\tahab\Downloads\SQU\Project Backups\S01\P031_S01_S32\P031_S01_S32.pdsprj","","9B5C15660B2545A0160ECBD73FDECFDDCA930D7BA11805D6B1476F1CB5DD97BB","D:\Coding\protuesgen\experiments\ic_pairwise_34_v1_temp_2026_06_10\P031_S01_S32\P031_S01_S32.pdsprj","12322"
"deleted_duplicate_in_experiments","C:\Users\tahab\Downloads\SQU\Project Backups\S01\P032_S01_S33\P032_S01_S33.pdsprj","","B5DEA779797371DCA0C32292BA2F5DE41FE451A6266219B42B0A2DEFA88EF75E","D:\Coding\protuesgen\experiments\ic_pairwise_34_v1_temp_2026_06_10\P032_S01_S33\P032_S01_S33.pdsprj","12653"
"deleted_duplicate_in_experiments","C:\Users\tahab\Downloads\SQU\Project Backups\S01\P033_S01_S34\P033_S01_S34.pdsprj","","9ABB39AB286AEC895F8A1536AF4E6A1B932D58742709E67F4A701AFEBDFD2412","D:\Coding\protuesgen\experiments\ic_pairwise_34_v1_temp_2026_06_10\P033_S01_S34\P033_S01_S34.pdsprj","13343"
"deleted_duplicate_in_experiments","C:\Users\tahab\Downloads\SQU\Project Backups\S02\P034_S02_S03\P034_S02_S03.pdsprj","","51D8E1E69B46468A09D00070F8E71AC832AE9DE6F8C8A4D08BCC49FC55113F1F","D:\Coding\protuesgen\experiments\ic_pairwise_34_v1_temp_2026_06_10\P034_S02_S03\P034_S02_S03.pdsprj","11674"
"deleted_duplicate_in_experiments","C:\Users\tahab\Downloads\SQU\Project Backups\S02\P035_S02_S04\P035_S02_S04.pdsprj","","52F09E36F2777EBB28C8D9629CAE48CE5ADDD81986D7512D03E954901B237A6A","D:\Coding\protuesgen\experiments\ic_pairwise_34_v1_temp_2026_06_10\P035_S02_S04\P035_S02_S04.pdsprj","12156"
"deleted_duplicate_in_experiments","C:\Users\tahab\Downloads\SQU\Project Backups\S02\P036_S02_S05\P036_S02_S05.pdsprj","","CDCAD8B138DB0F5AB44CE0A862C9C216E9071C0270D268D10852D777B78633E8","D:\Coding\protuesgen\experiments\ic_pairwise_34_v1_temp_2026_06_10\P036_S02_S05\P036_S02_S05.pdsprj","12205"
"deleted_duplicate_in_experiments","C:\Users\tahab\Downloads\SQU\Project Backups\S02\P037_S02_S06\P037_S02_S06.pdsprj","","186494A581B14F54441703768446AAE4586E640C2961C2A8C9D24B75AAA199F3","D:\Coding\protuesgen\experiments\ic_pairwise_34_v1_temp_2026_06_10\P037_S02_S06\P037_S02_S06.pdsprj","11823"
"deleted_duplicate_in_experiments","C:\Users\tahab\Downloads\SQU\Project Backups\S02\P038_S02_S07\P038_S02_S07.pdsprj","","9F6062D3C0D0F5025E0F685B18265A11FC9EA5FE0BA9CF5394C9A93FEFB7AECA","D:\Coding\protuesgen\experiments\ic_pairwise_34_v1_temp_2026_06_10\P038_S02_S07\P038_S02_S07.pdsprj","11863"
"deleted_duplicate_in_experiments","C:\Users\tahab\Downloads\SQU\Project Backups\S02\P039_S02_S08\P039_S02_S08.pdsprj","","4E209EF3F09F8B776E3DECA867644F476A693864F43B0759EB481869467D18AB","D:\Coding\protuesgen\experiments\ic_pairwise_34_v1_temp_2026_06_10\P039_S02_S08\P039_S02_S08.pdsprj","12165"
"deleted_duplicate_in_experiments","C:\Users\tahab\Downloads\SQU\Project Backups\S02\P040_S02_S09\P040_S02_S09.pdsprj","","11801DF96E923A49884CB09D253CA3AE6363207F6E342297717DA2F706AAF7C1","D:\Coding\protuesgen\experiments\ic_pairwise_34_v1_temp_2026_06_10\P040_S02_S09\P040_S02_S09.pdsprj","12305"
"deleted_duplicate_in_experiments","C:\Users\tahab\Downloads\SQU\Project Backups\S02\P041_S02_S10\P041_S02_S10.pdsprj","","700243BF89EE47C6DB1D803B03CB2F87E1402E0CD36B5DD8FAA68B9CC2BBA3C0","D:\Coding\protuesgen\experiments\ic_pairwise_34_v1_temp_2026_06_10\P041_S02_S10\P041_S02_S10.pdsprj","12289"
"deleted_duplicate_in_experiments","C:\Users\tahab\Downloads\SQU\Project Backups\S02\P042_S02_S11\P042_S02_S11.pdsprj","","3963F8F1E3A30DDF866DB2FF9A85761E3F791514EC23D370AD06699E1627F327","D:\Coding\protuesgen\experiments\ic_pairwise_34_v1_temp_2026_06_10\P042_S02_S11\P042_S02_S11.pdsprj","12285"
"deleted_duplicate_in_experiments","C:\Users\tahab\Downloads\SQU\Project Backups\S02\P043_S02_S12\P043_S02_S12.pdsprj","","F4A7A3B2D7713C5AA87A12FEC75539964535F08859527ECC9D2D48CD868BC57E","D:\Coding\protuesgen\experiments\ic_pairwise_34_v1_temp_2026_06_10\P043_S02_S12\P043_S02_S12.pdsprj","12309"
"deleted_duplicate_in_experiments","C:\Users\tahab\Downloads\SQU\Project Backups\S02\P044_S02_S13\P044_S02_S13.pdsprj","","BADB23437DD096185DF7D8F550B9894CD2E044061645A0426E0F4215C0B1072D","D:\Coding\protuesgen\experiments\ic_pairwise_34_v1_temp_2026_06_10\P044_S02_S13\P044_S02_S13.pdsprj","12313"
"deleted_duplicate_in_experiments","C:\Users\tahab\Downloads\SQU\Project Backups\S02\P045_S02_S14\P045_S02_S14.pdsprj","","A9AEB59DD2EC04DEE9F3489A83C5003841D50733943D91913E27EA0947C4E14F","D:\Coding\protuesgen\experiments\ic_pairwise_34_v1_temp_2026_06_10\P045_S02_S14\P045_S02_S14.pdsprj","12322"
"deleted_duplicate_in_experiments","C:\Users\tahab\Downloads\SQU\Project Backups\S02\P046_S02_S15\P046_S02_S15.pdsprj","","7A2AD7EA3A7B0361D5DBC8F2E23BBD0DD226E797A5E2511E5092C02793DC4C7D","D:\Coding\protuesgen\experiments\ic_pairwise_34_v1_temp_2026_06_10\P046_S02_S15\P046_S02_S15.pdsprj","12303"
"deleted_duplicate_in_experiments","C:\Users\tahab\Downloads\SQU\Project Backups\S02\P047_S02_S16\P047_S02_S16.pdsprj","","D4ACC5338A9D3C7A27E6139CF12700C7CB02F3CB85B34BD6F051C66D5321C39B","D:\Coding\protuesgen\experiments\ic_pairwise_34_v1_temp_2026_06_10\P047_S02_S16\P047_S02_S16.pdsprj","12079"
"deleted_duplicate_in_experiments","C:\Users\tahab\Downloads\SQU\Project Backups\S02\P048_S02_S17\P048_S02_S17.pdsprj","","077914ED8BAC400A4DF73C7866C132591423539D195FFF1E95F8498D6398CC44","D:\Coding\protuesgen\experiments\ic_pairwise_34_v1_temp_2026_06_10\P048_S02_S17\P048_S02_S17.pdsprj","12295"
"deleted_duplicate_in_experiments","C:\Users\tahab\Downloads\SQU\Project Backups\S02\P049_S02_S18\P049_S02_S18.pdsprj","","FFCDC902061BCC037664FCF7F2812229DB526687D600EED5581F9EF274A74D9B","D:\Coding\protuesgen\experiments\ic_pairwise_34_v1_temp_2026_06_10\P049_S02_S18\P049_S02_S18.pdsprj","12071"
"deleted_duplicate_in_experiments","C:\Users\tahab\Downloads\SQU\Project Backups\S02\P050_S02_S19\P050_S02_S19.pdsprj","","6D581DC0140C1FDC984E8DCE494E929AB14FEDEBE56C9E5DEB3400F0023BED6C","D:\Coding\protuesgen\experiments\ic_pairwise_34_v1_temp_2026_06_10\P050_S02_S19\P050_S02_S19.pdsprj","12282"
"deleted_duplicate_in_experiments","C:\Users\tahab\Downloads\SQU\Project Backups\S02\P051_S02_S20\P051_S02_S20.pdsprj","","80DADA60A800FF0254AC5949970CBE4704BB7A663F2E56312FCBE109B2DC5888","D:\Coding\protuesgen\experiments\ic_pairwise_34_v1_temp_2026_06_10\P051_S02_S20\P051_S02_S20.pdsprj","12362"
"deleted_duplicate_in_experiments","C:\Users\tahab\Downloads\SQU\Project Backups\S02\P052_S02_S21\P052_S02_S21.pdsprj","","F1E9F42AFBF47E60078AD50A2F1574F208B4DAD60AC1C305B2AB1D21135134D5","D:\Coding\protuesgen\experiments\ic_pairwise_34_v1_temp_2026_06_10\P052_S02_S21\P052_S02_S21.pdsprj","12311"
"deleted_duplicate_in_experiments","C:\Users\tahab\Downloads\SQU\Project Backups\S02\P053_S02_S22\P053_S02_S22.pdsprj","","E6E4AE95ED16AD07314D73028B2ECB396AFEE1E177B7A2FFA63E3D41C65A5E04","D:\Coding\protuesgen\experiments\ic_pairwise_34_v1_temp_2026_06_10\P053_S02_S22\P053_S02_S22.pdsprj","12461"
"deleted_duplicate_in_experiments","C:\Users\tahab\Downloads\SQU\Project Backups\S02\P054_S02_S23\P054_S02_S23.pdsprj","","228E514D2BDB7A211E34586061DBFED31DC74A639E7C57322535615CEE8F0B83","D:\Coding\protuesgen\experiments\ic_pairwise_34_v1_temp_2026_06_10\P054_S02_S23\P054_S02_S23.pdsprj","12326"
"deleted_duplicate_in_experiments","C:\Users\tahab\Downloads\SQU\Project Backups\S02\P055_S02_S24\P055_S02_S24.pdsprj","","087F32F1C4B3ECC659F0E4C080DBCA72A6B5255869D4197C0951F98784C485FD","D:\Coding\protuesgen\experiments\ic_pairwise_34_v1_temp_2026_06_10\P055_S02_S24\P055_S02_S24.pdsprj","12210"
"deleted_duplicate_in_experiments","C:\Users\tahab\Downloads\SQU\Project Backups\S02\P056_S02_S25\P056_S02_S25.pdsprj","","571C7AE2CF908745160AAA81F82C44D1A91CBE89FDA602DB672B7B009910EDB6","D:\Coding\protuesgen\experiments\ic_pairwise_34_v1_temp_2026_06_10\P056_S02_S25\P056_S02_S25.pdsprj","12240"
"deleted_duplicate_in_experiments","C:\Users\tahab\Downloads\SQU\Project Backups\S02\P057_S02_S26\P057_S02_S26.pdsprj","","52FFCB6DC5CA1FB485D6D361AE99C1703FB07010426F0834D19F9EDE42A52728","D:\Coding\protuesgen\experiments\ic_pairwise_34_v1_temp_2026_06_10\P057_S02_S26\P057_S02_S26.pdsprj","12252"
"deleted_duplicate_in_experiments","C:\Users\tahab\Downloads\SQU\Project Backups\S02\P058_S02_S27\P058_S02_S27.pdsprj","","CFD25215AFAA7E83923E407B9FC2892C715E0FB6FF230A84744A3CC5A8038CCE","D:\Coding\protuesgen\experiments\ic_pairwise_34_v1_temp_2026_06_10\P058_S02_S27\P058_S02_S27.pdsprj","12261"
"deleted_duplicate_in_experiments","C:\Users\tahab\Downloads\SQU\Project Backups\S02\P059_S02_S28\P059_S02_S28.pdsprj","","6C0E140E4D8E5874DE2250C2C6E2FBE2E7C2BBCF8BBF71BDBAC04C95CE3401EF","D:\Coding\protuesgen\experiments\ic_pairwise_34_v1_temp_2026_06_10\P059_S02_S28\P059_S02_S28.pdsprj","12307"
"deleted_duplicate_in_experiments","C:\Users\tahab\Downloads\SQU\Project Backups\S02\P060_S02_S29\P060_S02_S29.pdsprj","","0B366C411458DE24FB01E38AF1D14058C6A03DE5694BC50565AAEB0FDB89831D","D:\Coding\protuesgen\experiments\ic_pairwise_34_v1_temp_2026_06_10\P060_S02_S29\P060_S02_S29.pdsprj","12360"
"deleted_duplicate_in_experiments","C:\Users\tahab\Downloads\SQU\Project Backups\S02\P061_S02_S30\P061_S02_S30.pdsprj","","775F4224A6B745E90ECE97EF4CDDB82603F199DAF28F8DC369E605A47F25F214","D:\Coding\protuesgen\experiments\ic_pairwise_34_v1_temp_2026_06_10\P061_S02_S30\P061_S02_S30.pdsprj","12041"
"deleted_duplicate_in_experiments","C:\Users\tahab\Downloads\SQU\Project Backups\S02\P062_S02_S31\P062_S02_S31.pdsprj","","98C9EF33558B07BEC5ECD036779BE7F09F0F7C706D627A5731828BD9EC98165E","D:\Coding\protuesgen\experiments\ic_pairwise_34_v1_temp_2026_06_10\P062_S02_S31\P062_S02_S31.pdsprj","12208"
"deleted_duplicate_in_experiments","C:\Users\tahab\Downloads\SQU\Project Backups\S02\P063_S02_S32\P063_S02_S32.pdsprj","","C13704D52B2CDE508A90B0A7C0EF8F5D0413239B58F5490D094F409CC8A45702","D:\Coding\protuesgen\experiments\ic_pairwise_34_v1_temp_2026_06_10\P063_S02_S32\P063_S02_S32.pdsprj","12355"
"deleted_duplicate_in_experiments","C:\Users\tahab\Downloads\SQU\Project Backups\S02\P064_S02_S33\P064_S02_S33.pdsprj","","B67646D7AECCCF754EE556E84C8BE077CFAF0D6E0C9A71BF4052309323AD3D13","D:\Coding\protuesgen\experiments\ic_pairwise_34_v1_temp_2026_06_10\P064_S02_S33\P064_S02_S33.pdsprj","12687"
"deleted_duplicate_in_experiments","C:\Users\tahab\Downloads\SQU\Project Backups\S02\P065_S02_S34\P065_S02_S34.pdsprj","","9D7533F997D34E3A46CFE1127843EFE9B01ECA3AF72C8FB640A7AF5C68EFD85F","D:\Coding\protuesgen\experiments\ic_pairwise_34_v1_temp_2026_06_10\P065_S02_S34\P065_S02_S34.pdsprj","13378"
"deleted_duplicate_in_experiments","C:\Users\tahab\Downloads\SQU\Project Backups\S03\P066_S03_S04\P066_S03_S04.pdsprj","","B438AECADF5F7CA24AB8C941CFF3D78741EDA06DDE21E49274A256407DA334BC","D:\Coding\protuesgen\experiments\ic_pairwise_34_v1_temp_2026_06_10\P066_S03_S04\P066_S03_S04.pdsprj","12003"
"deleted_duplicate_in_experiments","C:\Users\tahab\Downloads\SQU\Project Backups\S03\P067_S03_S05\P067_S03_S05.pdsprj","","BD667E11BEE7EC5DCBE910EE98F549EDDBAEC1A28136EC5C5D0231F1BFF76C8A","D:\Coding\protuesgen\experiments\ic_pairwise_34_v1_temp_2026_06_10\P067_S03_S05\P067_S03_S05.pdsprj","12057"
"deleted_duplicate_in_experiments","C:\Users\tahab\Downloads\SQU\Project Backups\S03\P068_S03_S06\P068_S03_S06.pdsprj","","BE3DD1CC6B26C3EDF577F336D034B011286B743A3D518E4A589D4AA9CB2BCC89","D:\Coding\protuesgen\experiments\ic_pairwise_34_v1_temp_2026_06_10\P068_S03_S06\P068_S03_S06.pdsprj","11712"
"deleted_duplicate_in_experiments","C:\Users\tahab\Downloads\SQU\Project Backups\S03\P069_S03_S07\P069_S03_S07.pdsprj","","490E60155EFF17D530559883C3E2C8EDEC32A4AA000032EB2A836148E658C91C","D:\Coding\protuesgen\experiments\ic_pairwise_34_v1_temp_2026_06_10\P069_S03_S07\P069_S03_S07.pdsprj","11746"
"deleted_duplicate_in_experiments","C:\Users\tahab\Downloads\SQU\Project Backups\S03\P070_S03_S08\P070_S03_S08.pdsprj","","F5EF8AC8E2B450741859871487AF543B5537AE251C959B47B6AAAFB491EC365C","D:\Coding\protuesgen\experiments\ic_pairwise_34_v1_temp_2026_06_10\P070_S03_S08\P070_S03_S08.pdsprj","11945"
"deleted_duplicate_in_experiments","C:\Users\tahab\Downloads\SQU\Project Backups\S03\P071_S03_S09\P071_S03_S09.pdsprj","","D255E4A3589BFF4213320FF4FCB3C0C9EC9435D52E07801B69A2A319A02AAE37","D:\Coding\protuesgen\experiments\ic_pairwise_34_v1_temp_2026_06_10\P071_S03_S09\P071_S03_S09.pdsprj","12086"
"deleted_duplicate_in_experiments","C:\Users\tahab\Downloads\SQU\Project Backups\S03\P072_S03_S10\P072_S03_S10.pdsprj","","B4ED8F356F5C46AB05AEC094F2DDE373C9C32499876495B2088E3E828CA75E36","D:\Coding\protuesgen\experiments\ic_pairwise_34_v1_temp_2026_06_10\P072_S03_S10\P072_S03_S10.pdsprj","12070"
"deleted_duplicate_in_experiments","C:\Users\tahab\Downloads\SQU\Project Backups\S03\P073_S03_S11\P073_S03_S11.pdsprj","","7B65C99F7D664E86774891F56FF7D1973E1E0D1ABD49CB6DC606F4EAB0AA4E70","D:\Coding\protuesgen\experiments\ic_pairwise_34_v1_temp_2026_06_10\P073_S03_S11\P073_S03_S11.pdsprj","12066"
"deleted_duplicate_in_experiments","C:\Users\tahab\Downloads\SQU\Project Backups\S03\P074_S03_S12\P074_S03_S12.pdsprj","","74BA873E1E76B6368E985B30DDD91632C4F75B4B48147A216C9393D6F50BC3AE","D:\Coding\protuesgen\experiments\ic_pairwise_34_v1_temp_2026_06_10\P074_S03_S12\P074_S03_S12.pdsprj","12092"
"deleted_duplicate_in_experiments","C:\Users\tahab\Downloads\SQU\Project Backups\S03\P075_S03_S13\P075_S03_S13.pdsprj","","90379C51295D8BD09E1B7E9EB86E587FEEBCA53906966964A568E467523AB483","D:\Coding\protuesgen\experiments\ic_pairwise_34_v1_temp_2026_06_10\P075_S03_S13\P075_S03_S13.pdsprj","12095"
"deleted_duplicate_in_experiments","C:\Users\tahab\Downloads\SQU\Project Backups\S03\P076_S03_S14\P076_S03_S14.pdsprj","","F83E0CD7C2B4DC094D02F0D96656724E1B9A635CCCCE63973541FAC6D01B2B6E","D:\Coding\protuesgen\experiments\ic_pairwise_34_v1_temp_2026_06_10\P076_S03_S14\P076_S03_S14.pdsprj","12110"
"deleted_duplicate_in_experiments","C:\Users\tahab\Downloads\SQU\Project Backups\S03\P077_S03_S15\P077_S03_S15.pdsprj","","F1411F6493481E4A23D0665AA018277CEEADB9A49CBF1F1033180ED70E3F9335","D:\Coding\protuesgen\experiments\ic_pairwise_34_v1_temp_2026_06_10\P077_S03_S15\P077_S03_S15.pdsprj","12089"
"deleted_duplicate_in_experiments","C:\Users\tahab\Downloads\SQU\Project Backups\S03\P078_S03_S16\P078_S03_S16.pdsprj","","D0ECF769A319E9A32A7E0BF7B3CEDD806564C9969B422D95E90516B1273E41AA","D:\Coding\protuesgen\experiments\ic_pairwise_34_v1_temp_2026_06_10\P078_S03_S16\P078_S03_S16.pdsprj","11873"
"deleted_duplicate_in_experiments","C:\Users\tahab\Downloads\SQU\Project Backups\S03\P079_S03_S17\P079_S03_S17.pdsprj","","87C6CA20DF3BA896B03192338862135737FA24C62B3FF0DE3BA47A0D8138F93A","D:\Coding\protuesgen\experiments\ic_pairwise_34_v1_temp_2026_06_10\P079_S03_S17\P079_S03_S17.pdsprj","12082"
"deleted_duplicate_in_experiments","C:\Users\tahab\Downloads\SQU\Project Backups\S03\P080_S03_S18\P080_S03_S18.pdsprj","","416E25BA11CB661D272AA0768FEEE253E5AB973B271EED6E4DB303DE316414B6","D:\Coding\protuesgen\experiments\ic_pairwise_34_v1_temp_2026_06_10\P080_S03_S18\P080_S03_S18.pdsprj","11862"
"deleted_duplicate_in_experiments","C:\Users\tahab\Downloads\SQU\Project Backups\S03\P081_S03_S19\P081_S03_S19.pdsprj","","C381C6DB66357FCE1CAC3920954E4850B0A146B242925B1A522E53B8B0D32BFB","D:\Coding\protuesgen\experiments\ic_pairwise_34_v1_temp_2026_06_10\P081_S03_S19\P081_S03_S19.pdsprj","12066"
"deleted_duplicate_in_experiments","C:\Users\tahab\Downloads\SQU\Project Backups\S03\P082_S03_S20\P082_S03_S20.pdsprj","","6CCCDEC6FCE050AA56F0A62707162C02002E16615A0862B97838F94BEB9F4E82","D:\Coding\protuesgen\experiments\ic_pairwise_34_v1_temp_2026_06_10\P082_S03_S20\P082_S03_S20.pdsprj","12148"
"deleted_duplicate_in_experiments","C:\Users\tahab\Downloads\SQU\Project Backups\S03\P083_S03_S21\P083_S03_S21.pdsprj","","7C0CF9199A53EC10445A0ADA67F123433BC31A4275D57E3228B02FF7F854FCCF","D:\Coding\protuesgen\experiments\ic_pairwise_34_v1_temp_2026_06_10\P083_S03_S21\P083_S03_S21.pdsprj","12098"
"deleted_duplicate_in_experiments","C:\Users\tahab\Downloads\SQU\Project Backups\S03\P084_S03_S22\P084_S03_S22.pdsprj","","3074710AF209A1777CB00FCD1496AFAE31EE0CD39AEE2F37268CE3E81B84C049","D:\Coding\protuesgen\experiments\ic_pairwise_34_v1_temp_2026_06_10\P084_S03_S22\P084_S03_S22.pdsprj","12245"
"deleted_duplicate_in_experiments","C:\Users\tahab\Downloads\SQU\Project Backups\S03\P085_S03_S23\P085_S03_S23.pdsprj","","5B774E42530409DBB3EB050F41F446A9F2556C483BB5EB7AAF0B7BF6B7B3B753","D:\Coding\protuesgen\experiments\ic_pairwise_34_v1_temp_2026_06_10\P085_S03_S23\P085_S03_S23.pdsprj","12119"
"deleted_duplicate_in_experiments","C:\Users\tahab\Downloads\SQU\Project Backups\S03\P086_S03_S24\P086_S03_S24.pdsprj","","B2716BEF6EA1253F4BD634A83075F2C95B2B3624AB527C88D55E8C6D3D3AB75E","D:\Coding\protuesgen\experiments\ic_pairwise_34_v1_temp_2026_06_10\P086_S03_S24\P086_S03_S24.pdsprj","11992"
"deleted_duplicate_in_experiments","C:\Users\tahab\Downloads\SQU\Project Backups\S03\P087_S03_S25\P087_S03_S25.pdsprj","","AE65037CB8CF747A034EFADCE3B6E42B8EFBFB4D3E8339CBCFFAE2C213CD3B38","D:\Coding\protuesgen\experiments\ic_pairwise_34_v1_temp_2026_06_10\P087_S03_S25\P087_S03_S25.pdsprj","12019"
"deleted_duplicate_in_experiments","C:\Users\tahab\Downloads\SQU\Project Backups\S03\P088_S03_S26\P088_S03_S26.pdsprj","","28A0B9610AA582FBC3986BF3A2A37CB24CFB98C603ADEC30A8A2979B56C2EE9B","D:\Coding\protuesgen\experiments\ic_pairwise_34_v1_temp_2026_06_10\P088_S03_S26\P088_S03_S26.pdsprj","12036"
"deleted_duplicate_in_experiments","C:\Users\tahab\Downloads\SQU\Project Backups\S03\P090_S03_S28\P090_S03_S28.pdsprj","","0FB8F4F203FB545497AD6DBE2AD28CBD5089BB9C23F0695CD80C5D9A16787B67","D:\Coding\protuesgen\experiments\ic_pairwise_34_v1_temp_2026_06_10\P090_S03_S28\P090_S03_S28.pdsprj","12089"
"deleted_duplicate_in_experiments","C:\Users\tahab\Downloads\SQU\Project Backups\S03\P091_S03_S29\P091_S03_S29.pdsprj","","6B9BDCA5795F9CAC1C8E5364D8FE35D1E7CD8A90811053610DFC654F3841CCAC","D:\Coding\protuesgen\experiments\ic_pairwise_34_v1_temp_2026_06_10\P091_S03_S29\P091_S03_S29.pdsprj","12140"
"deleted_duplicate_in_experiments","C:\Users\tahab\Downloads\SQU\Project Backups\S03\P092_S03_S30\P092_S03_S30.pdsprj","","FD7E4C813AB9C048BA974EA020E5D4AF4A5DE94A1D25587BCAEFC6250A689B29","D:\Coding\protuesgen\experiments\ic_pairwise_34_v1_temp_2026_06_10\P092_S03_S30\P092_S03_S30.pdsprj","11818"
"deleted_duplicate_in_experiments","C:\Users\tahab\Downloads\SQU\Project Backups\S03\P093_S03_S31\P093_S03_S31.pdsprj","","B9D29DACCAB4F728D44EB52E8C3FACF10E98674D331B969430E09B54E764F817","D:\Coding\protuesgen\experiments\ic_pairwise_34_v1_temp_2026_06_10\P093_S03_S31\P093_S03_S31.pdsprj","11980"
"deleted_duplicate_in_experiments","C:\Users\tahab\Downloads\SQU\Project Backups\S03\P094_S03_S32\P094_S03_S32.pdsprj","","625E2AAB4B94EB1016C49BEB63683833217C31018E84FCA60E2EBAB0F3212A4B","D:\Coding\protuesgen\experiments\ic_pairwise_34_v1_temp_2026_06_10\P094_S03_S32\P094_S03_S32.pdsprj","12138"
"deleted_duplicate_in_experiments","C:\Users\tahab\Downloads\SQU\Project Backups\S03\P095_S03_S33\P095_S03_S33.pdsprj","","2150EADAF9974D498411284FC35BB94B8AE76259D6BE510CE84AE7A2B030914D","D:\Coding\protuesgen\experiments\ic_pairwise_34_v1_temp_2026_06_10\P095_S03_S33\P095_S03_S33.pdsprj","12476"
"deleted_duplicate_in_experiments","C:\Users\tahab\Downloads\SQU\Project Backups\S03\P096_S03_S34\P096_S03_S34.pdsprj","","5BF055E3784BB1B9A90E1DE82C73C36C9861F7F612AB63A88A92830866622AB9","D:\Coding\protuesgen\experiments\ic_pairwise_34_v1_temp_2026_06_10\P096_S03_S34\P096_S03_S34.pdsprj","13168"
"deleted_duplicate_in_experiments","C:\Users\tahab\Downloads\SQU\Project Backups\S04\P097_S04_S05\P097_S04_S05.pdsprj","","8C8130DB37C9B952618EA9F2DF6E3B749364B3E4F68866E1F477CA92BDC146FC","D:\Coding\protuesgen\experiments\ic_pairwise_34_v1_temp_2026_06_10\P097_S04_S05\P097_S04_S05.pdsprj","12389"
"deleted_duplicate_in_experiments","C:\Users\tahab\Downloads\SQU\Project Backups\S04\P098_S04_S06\P098_S04_S06.pdsprj","","EEE8D2C3B05EF288C4410CBE871C1131541B806329AC7A31D92EB8DC0328DC2D","D:\Coding\protuesgen\experiments\ic_pairwise_34_v1_temp_2026_06_10\P098_S04_S06\P098_S04_S06.pdsprj","12158"
"deleted_duplicate_in_experiments","C:\Users\tahab\Downloads\SQU\Project Backups\S04\P099_S04_S07\P099_S04_S07.pdsprj","","124D6CFB9812F599D6597BC862D3676CC05C206DB65268754BA6FE8D6FAD82F3","D:\Coding\protuesgen\experiments\ic_pairwise_34_v1_temp_2026_06_10\P099_S04_S07\P099_S04_S07.pdsprj","12233"
"deleted_duplicate_in_experiments","C:\Users\tahab\Downloads\SQU\Project Backups\S04\P100_S04_S08\P100_S04_S08.pdsprj","","48DED93D7FA09B8AF07F93427AC8699637F9B4FF0D594F5FF648F4C4303CABF9","D:\Coding\protuesgen\experiments\ic_pairwise_34_v1_temp_2026_06_10\P100_S04_S08\P100_S04_S08.pdsprj","12505"
"deleted_duplicate_in_experiments","C:\Users\tahab\Downloads\SQU\Project Backups\S04\P101_S04_S09\P101_S04_S09.pdsprj","","12DE4A3C4FB9342C89E3AFA4E4EBF8B6B44D14BBD4AB4CEDE68BB2888E0568B1","D:\Coding\protuesgen\experiments\ic_pairwise_34_v1_temp_2026_06_10\P101_S04_S09\P101_S04_S09.pdsprj","12662"
"deleted_duplicate_in_experiments","C:\Users\tahab\Downloads\SQU\Project Backups\S04\P102_S04_S10\P102_S04_S10.pdsprj","","3C7D96C06426F1ED58B508584775AFF71701DDFEAEB0A1C9619B93BB13895633","D:\Coding\protuesgen\experiments\ic_pairwise_34_v1_temp_2026_06_10\P102_S04_S10\P102_S04_S10.pdsprj","12647"
"deleted_duplicate_in_experiments","C:\Users\tahab\Downloads\SQU\Project Backups\S04\P103_S04_S11\P103_S04_S11.pdsprj","","D9E2FB86C9F3629DC3B02D617C38F5BE666E3F11252B3FB3568CE1E03BB8C198","D:\Coding\protuesgen\experiments\ic_pairwise_34_v1_temp_2026_06_10\P103_S04_S11\P103_S04_S11.pdsprj","12644"
"deleted_duplicate_in_experiments","C:\Users\tahab\Downloads\SQU\Project Backups\S04\P104_S04_S12\P104_S04_S12.pdsprj","","6053D1608FA65EB8AE329F96ADF3E1497D50AFF12594DA8E49B705FBB6E74759","D:\Coding\protuesgen\experiments\ic_pairwise_34_v1_temp_2026_06_10\P104_S04_S12\P104_S04_S12.pdsprj","12663"
"deleted_duplicate_in_experiments","C:\Users\tahab\Downloads\SQU\Project Backups\S04\P105_S04_S13\P105_S04_S13.pdsprj","","573ED5B36BDC8D6AECFE8413526BA1EFAF14D8538BBF0A9A32CE2DCB6656FDEF","D:\Coding\protuesgen\experiments\ic_pairwise_34_v1_temp_2026_06_10\P105_S04_S13\P105_S04_S13.pdsprj","12673"
"deleted_duplicate_in_experiments","C:\Users\tahab\Downloads\SQU\Project Backups\S04\P106_S04_S14\P106_S04_S14.pdsprj","","C60A5FC3C65CA92C45DF91965538280185A69DEEF393536122E9ACE37B225CA2","D:\Coding\protuesgen\experiments\ic_pairwise_34_v1_temp_2026_06_10\P106_S04_S14\P106_S04_S14.pdsprj","12682"
"deleted_duplicate_in_experiments","C:\Users\tahab\Downloads\SQU\Project Backups\S04\P107_S04_S15\P107_S04_S15.pdsprj","","1C4ACCF8EB0E1A28876E4F03969CEE4216D3E6535C6E8F43DF19C71B74B3A7E9","D:\Coding\protuesgen\experiments\ic_pairwise_34_v1_temp_2026_06_10\P107_S04_S15\P107_S04_S15.pdsprj","12661"
"deleted_duplicate_in_experiments","C:\Users\tahab\Downloads\SQU\Project Backups\S04\P108_S04_S16\P108_S04_S16.pdsprj","","55795D68CC2688EC0F834B99DE6CF4E3B580E38CECA0EA915B012C24EC27785B","D:\Coding\protuesgen\experiments\ic_pairwise_34_v1_temp_2026_06_10\P108_S04_S16\P108_S04_S16.pdsprj","12444"
"deleted_duplicate_in_experiments","C:\Users\tahab\Downloads\SQU\Project Backups\S04\P109_S04_S17\P109_S04_S17.pdsprj","","00B31BF339BD2130AA9183E8342D3D0A2174CF6FDF6E42496CB2B59E450714A5","D:\Coding\protuesgen\experiments\ic_pairwise_34_v1_temp_2026_06_10\P109_S04_S17\P109_S04_S17.pdsprj","12652"
"deleted_duplicate_in_experiments","C:\Users\tahab\Downloads\SQU\Project Backups\S04\P110_S04_S18\P110_S04_S18.pdsprj","","8EABE30F8AB937744CF3C830AFE02B7C090341E837A7011E4152425B967AA778","D:\Coding\protuesgen\experiments\ic_pairwise_34_v1_temp_2026_06_10\P110_S04_S18\P110_S04_S18.pdsprj","12427"
"deleted_duplicate_in_experiments","C:\Users\tahab\Downloads\SQU\Project Backups\S04\P111_S04_S19\P111_S04_S19.pdsprj","","CBA5CFB66C6C748F724FB5AF8BD60C6D62F907E246E93C29C3E49030905F4747","D:\Coding\protuesgen\experiments\ic_pairwise_34_v1_temp_2026_06_10\P111_S04_S19\P111_S04_S19.pdsprj","12636"
"deleted_duplicate_in_experiments","C:\Users\tahab\Downloads\SQU\Project Backups\S04\P112_S04_S20\P112_S04_S20.pdsprj","","5AFEAAF9F24EB1A5CF9F73A53D26332681EB2874F52EAF4CD4C520AA44E462BA","D:\Coding\protuesgen\experiments\ic_pairwise_34_v1_temp_2026_06_10\P112_S04_S20\P112_S04_S20.pdsprj","12720"
"deleted_duplicate_in_experiments","C:\Users\tahab\Downloads\SQU\Project Backups\S04\P113_S04_S21\P113_S04_S21.pdsprj","","619B2D4A9E6DBEC2F07AB04E08D046FEB16AC72037DD96106BDF14C4F703FCCE","D:\Coding\protuesgen\experiments\ic_pairwise_34_v1_temp_2026_06_10\P113_S04_S21\P113_S04_S21.pdsprj","12675"
"deleted_duplicate_in_experiments","C:\Users\tahab\Downloads\SQU\Project Backups\S04\P114_S04_S22\P114_S04_S22.pdsprj","","B239CB724C0CF722B73A5934E3B347F3B7D15FD74568810ADDFD07FEDECEB83D","D:\Coding\protuesgen\experiments\ic_pairwise_34_v1_temp_2026_06_10\P114_S04_S22\P114_S04_S22.pdsprj","12817"
"deleted_duplicate_in_experiments","C:\Users\tahab\Downloads\SQU\Project Backups\S04\P115_S04_S23\P115_S04_S23.pdsprj","","812FD2685C1995A6BAB4E23314259BF3710BCDA3CDF4B7A15F179C535B7F3BB7","D:\Coding\protuesgen\experiments\ic_pairwise_34_v1_temp_2026_06_10\P115_S04_S23\P115_S04_S23.pdsprj","12673"
"deleted_duplicate_in_experiments","C:\Users\tahab\Downloads\SQU\Project Backups\S04\P116_S04_S24\P116_S04_S24.pdsprj","","C81FA22A8663B3D2AAE11C291D425273FF4737A8CB7346675832896092354B2A","D:\Coding\protuesgen\experiments\ic_pairwise_34_v1_temp_2026_06_10\P116_S04_S24\P116_S04_S24.pdsprj","12560"
"deleted_duplicate_in_experiments","C:\Users\tahab\Downloads\SQU\Project Backups\S04\P117_S04_S25\P117_S04_S25.pdsprj","","41A0DE834FC6E69233DE232BB3734F3C89FF67446E569F8A11466AF477A6D2EF","D:\Coding\protuesgen\experiments\ic_pairwise_34_v1_temp_2026_06_10\P117_S04_S25\P117_S04_S25.pdsprj","12582"
"deleted_duplicate_in_experiments","C:\Users\tahab\Downloads\SQU\Project Backups\S04\P118_S04_S26\P118_S04_S26.pdsprj","","26438485C67F7383F935BF998CCC6CD56DC9333C0750229F3DB0E47787C168BD","D:\Coding\protuesgen\experiments\ic_pairwise_34_v1_temp_2026_06_10\P118_S04_S26\P118_S04_S26.pdsprj","12600"
"deleted_duplicate_in_experiments","C:\Users\tahab\Downloads\SQU\Project Backups\S04\P120_S04_S28\P120_S04_S28.pdsprj","","42B69B5BA778C0B16860EE6BEB39CC4276C4B658485BC9D39261E3972911F9AF","D:\Coding\protuesgen\experiments\ic_pairwise_34_v1_temp_2026_06_10\P120_S04_S28\P120_S04_S28.pdsprj","12662"
"deleted_duplicate_in_experiments","C:\Users\tahab\Downloads\SQU\Project Backups\S04\P121_S04_S29\P121_S04_S29.pdsprj","","EDFACB27A2A2452C153F4BAAC29B3A2B3689F4ADA1340FACDF47AF9E9B6BA002","D:\Coding\protuesgen\experiments\ic_pairwise_34_v1_temp_2026_06_10\P121_S04_S29\P121_S04_S29.pdsprj","12713"
"deleted_duplicate_in_experiments","C:\Users\tahab\Downloads\SQU\Project Backups\S04\P122_S04_S30\P122_S04_S30.pdsprj","","74C7BED6FE99E25C4DD38A5AB6C6242FF648EF88CFDEE8E536FE7B48CB7DFC48","D:\Coding\protuesgen\experiments\ic_pairwise_34_v1_temp_2026_06_10\P122_S04_S30\P122_S04_S30.pdsprj","12396"
"deleted_duplicate_in_experiments","C:\Users\tahab\Downloads\SQU\Project Backups\S04\P123_S04_S31\P123_S04_S31.pdsprj","","56181F2829DA0FE8FE364F0DC95DB580CADA6978AA743D74C30BBBC88BA5E17E","D:\Coding\protuesgen\experiments\ic_pairwise_34_v1_temp_2026_06_10\P123_S04_S31\P123_S04_S31.pdsprj","12554"
"deleted_duplicate_in_experiments","C:\Users\tahab\Downloads\SQU\Project Backups\S04\P124_S04_S32\P124_S04_S32.pdsprj","","E8E8B5F580230E15912CE97CE61CE2E85DB17A97B8CC9AAF61D6F56663A25573","D:\Coding\protuesgen\experiments\ic_pairwise_34_v1_temp_2026_06_10\P124_S04_S32\P124_S04_S32.pdsprj","12708"
"deleted_duplicate_in_experiments","C:\Users\tahab\Downloads\SQU\Project Backups\S04\P125_S04_S33\P125_S04_S33.pdsprj","","CB60EEBC5B17D708659F11E7981B77B5A614ED38F4BC52FA41EEC20666C09072","D:\Coding\protuesgen\experiments\ic_pairwise_34_v1_temp_2026_06_10\P125_S04_S33\P125_S04_S33.pdsprj","13045"
"deleted_duplicate_in_experiments","C:\Users\tahab\Downloads\SQU\Project Backups\S04\P126_S04_S34\P126_S04_S34.pdsprj","","9817EA2ABB629D709C1833E873D44DF632FCFFE152474D3F03CC7AEC9E39A03B","D:\Coding\protuesgen\experiments\ic_pairwise_34_v1_temp_2026_06_10\P126_S04_S34\P126_S04_S34.pdsprj","13728"
"deleted_duplicate_in_experiments","C:\Users\tahab\Downloads\SQU\Project Backups\S05\P127_S05_S06\P127_S05_S06.pdsprj","","2CC4EEDAB0180D4BF34F8A1C02FD3362224367EDBBC8EBC452482B3C5EC93DF8","D:\Coding\protuesgen\experiments\ic_pairwise_34_v1_temp_2026_06_10\P127_S05_S06\P127_S05_S06.pdsprj","12150"
"deleted_duplicate_in_experiments","C:\Users\tahab\Downloads\SQU\Project Backups\S05\P128_S05_S07\P128_S05_S07.pdsprj","","79582D51D4AC68504D26541B40BFC96A008348B3C65C3EAAB2C1C666092319E2","D:\Coding\protuesgen\experiments\ic_pairwise_34_v1_temp_2026_06_10\P128_S05_S07\P128_S05_S07.pdsprj","12212"
"deleted_duplicate_in_experiments","C:\Users\tahab\Downloads\SQU\Project Backups\S05\P129_S05_S08\P129_S05_S08.pdsprj","","BC7EAB15F8E91E9EC35F4D5CC5A1368A7DF550535182462605C6C505303E7071","D:\Coding\protuesgen\experiments\ic_pairwise_34_v1_temp_2026_06_10\P129_S05_S08\P129_S05_S08.pdsprj","12551"
"deleted_duplicate_in_experiments","C:\Users\tahab\Downloads\SQU\Project Backups\S05\P130_S05_S09\P130_S05_S09.pdsprj","","9D1802AE875CFB0A0A38C4ED10EE612ADD61B2D255664CB875FEA150472B0933","D:\Coding\protuesgen\experiments\ic_pairwise_34_v1_temp_2026_06_10\P130_S05_S09\P130_S05_S09.pdsprj","12706"
"deleted_duplicate_in_experiments","C:\Users\tahab\Downloads\SQU\Project Backups\S05\P131_S05_S10\P131_S05_S10.pdsprj","","E984B8158076B2C88FF84ACEA40E5F4BF75B9C69F72E1E926BDC41D35E94772C","D:\Coding\protuesgen\experiments\ic_pairwise_34_v1_temp_2026_06_10\P131_S05_S10\P131_S05_S10.pdsprj","12686"
"deleted_duplicate_in_experiments","C:\Users\tahab\Downloads\SQU\Project Backups\S05\P132_S05_S11\P132_S05_S11.pdsprj","","0B678D45465E4DF2CDA50785D69AECB45AC2A731B6414CFB129C85B3FF3EB413","D:\Coding\protuesgen\experiments\ic_pairwise_34_v1_temp_2026_06_10\P132_S05_S11\P132_S05_S11.pdsprj","12681"
"deleted_duplicate_in_experiments","C:\Users\tahab\Downloads\SQU\Project Backups\S05\P133_S05_S12\P133_S05_S12.pdsprj","","7956BF54530B4E2E679AA5E9F20D3C09A1603F6FD2EA05161C2D0A913B209FAB","D:\Coding\protuesgen\experiments\ic_pairwise_34_v1_temp_2026_06_10\P133_S05_S12\P133_S05_S12.pdsprj","12708"
"deleted_duplicate_in_experiments","C:\Users\tahab\Downloads\SQU\Project Backups\S05\P134_S05_S13\P134_S05_S13.pdsprj","","B098BDB6BB76BF0951C0554DC6023E7DC0B7F78C893B9755FC628DCB81A1F2E8","D:\Coding\protuesgen\experiments\ic_pairwise_34_v1_temp_2026_06_10\P134_S05_S13\P134_S05_S13.pdsprj","12718"
"deleted_duplicate_in_experiments","C:\Users\tahab\Downloads\SQU\Project Backups\S05\P135_S05_S14\P135_S05_S14.pdsprj","","73599AE85C22483F25935F8671B194DE3481DFD978D137D3154678ECD5377044","D:\Coding\protuesgen\experiments\ic_pairwise_34_v1_temp_2026_06_10\P135_S05_S14\P135_S05_S14.pdsprj","12722"
"deleted_duplicate_in_experiments","C:\Users\tahab\Downloads\SQU\Project Backups\S05\P136_S05_S15\P136_S05_S15.pdsprj","","29887B3834A93BC5690592A89BD5FFE7A27F409B334E296F47266B57CBCA4746","D:\Coding\protuesgen\experiments\ic_pairwise_34_v1_temp_2026_06_10\P136_S05_S15\P136_S05_S15.pdsprj","12703"
"deleted_duplicate_in_experiments","C:\Users\tahab\Downloads\SQU\Project Backups\S05\P137_S05_S16\P137_S05_S16.pdsprj","","CF5C14AD6A5CB764CE29C54516F692593E629BFC9126FF652D64EF4EC0546E2B","D:\Coding\protuesgen\experiments\ic_pairwise_34_v1_temp_2026_06_10\P137_S05_S16\P137_S05_S16.pdsprj","12485"
"deleted_duplicate_in_experiments","C:\Users\tahab\Downloads\SQU\Project Backups\S05\P138_S05_S17\P138_S05_S17.pdsprj","","F341B2FA80BBA54CBE1E90FC636E6AC0F9310DB5EC644C4170A480B7248B7B86","D:\Coding\protuesgen\experiments\ic_pairwise_34_v1_temp_2026_06_10\P138_S05_S17\P138_S05_S17.pdsprj","12693"
"deleted_duplicate_in_experiments","C:\Users\tahab\Downloads\SQU\Project Backups\S05\P139_S05_S18\P139_S05_S18.pdsprj","","E60C244EFB2B150B95CDF966A9E34B5A6E3C5D226137CB537315C5E1355E883F","D:\Coding\protuesgen\experiments\ic_pairwise_34_v1_temp_2026_06_10\P139_S05_S18\P139_S05_S18.pdsprj","12470"
"deleted_duplicate_in_experiments","C:\Users\tahab\Downloads\SQU\Project Backups\S05\P140_S05_S19\P140_S05_S19.pdsprj","","42C38A12FBA0AD876831E9BE10C3FBD032DD9D0C70F54863BEE7F0226BB6C43C","D:\Coding\protuesgen\experiments\ic_pairwise_34_v1_temp_2026_06_10\P140_S05_S19\P140_S05_S19.pdsprj","12680"
"deleted_duplicate_in_experiments","C:\Users\tahab\Downloads\SQU\Project Backups\S05\P141_S05_S20\P141_S05_S20.pdsprj","","2DD210D1846258D1FD0ADCB0A08A2B443DA9B32A1A306BCFE5D709482B50E095","D:\Coding\protuesgen\experiments\ic_pairwise_34_v1_temp_2026_06_10\P141_S05_S20\P141_S05_S20.pdsprj","12763"
"deleted_duplicate_in_experiments","C:\Users\tahab\Downloads\SQU\Project Backups\S05\P142_S05_S21\P142_S05_S21.pdsprj","","D470C432D890F85050D8EB47549CB92C33B8C2848560A818DD3AACF04074D4CF","D:\Coding\protuesgen\experiments\ic_pairwise_34_v1_temp_2026_06_10\P142_S05_S21\P142_S05_S21.pdsprj","12719"
"deleted_duplicate_in_experiments","C:\Users\tahab\Downloads\SQU\Project Backups\S05\P143_S05_S22\P143_S05_S22.pdsprj","","14EC695B8DB87D06FAB53E77BB14ACB3300DCAF4A913A3BD020F36BB6F351804","D:\Coding\protuesgen\experiments\ic_pairwise_34_v1_temp_2026_06_10\P143_S05_S22\P143_S05_S22.pdsprj","12861"
"deleted_duplicate_in_experiments","C:\Users\tahab\Downloads\SQU\Project Backups\S05\P144_S05_S23\P144_S05_S23.pdsprj","","95B600FE3F7D226D49EBADF6589D41A910C5E0A1181CD38142AAD7CEA7C6C76C","D:\Coding\protuesgen\experiments\ic_pairwise_34_v1_temp_2026_06_10\P144_S05_S23\P144_S05_S23.pdsprj","12720"
"deleted_duplicate_in_experiments","C:\Users\tahab\Downloads\SQU\Project Backups\S05\P145_S05_S24\P145_S05_S24.pdsprj","","B88A354FB25749153301E0280BE14553324159BD603BD4280B5ECC0819E077DF","D:\Coding\protuesgen\experiments\ic_pairwise_34_v1_temp_2026_06_10\P145_S05_S24\P145_S05_S24.pdsprj","12606"
"deleted_duplicate_in_experiments","C:\Users\tahab\Downloads\SQU\Project Backups\S05\P146_S05_S25\P146_S05_S25.pdsprj","","50A58ABCBA4BF4025B2BDFE359FE4B397EC8664F6E5E7626B6C390D6150D6C22","D:\Coding\protuesgen\experiments\ic_pairwise_34_v1_temp_2026_06_10\P146_S05_S25\P146_S05_S25.pdsprj","12622"
"deleted_duplicate_in_experiments","C:\Users\tahab\Downloads\SQU\Project Backups\S05\P147_S05_S26\P147_S05_S26.pdsprj","","BF854223AC0649B0205024BD0DFD3D06804A3995362DCBC524CE5F4D42AFA4E2","D:\Coding\protuesgen\experiments\ic_pairwise_34_v1_temp_2026_06_10\P147_S05_S26\P147_S05_S26.pdsprj","12653"
"deleted_duplicate_in_experiments","C:\Users\tahab\Downloads\SQU\Project Backups\S05\P149_S05_S28\P149_S05_S28.pdsprj","","D85BEDC54E3568B8152C83D945B7E1B57ADEB02D5687F34100100B49E6CACC09","D:\Coding\protuesgen\experiments\ic_pairwise_34_v1_temp_2026_06_10\P149_S05_S28\P149_S05_S28.pdsprj","12704"
"deleted_duplicate_in_experiments","C:\Users\tahab\Downloads\SQU\Project Backups\S05\P150_S05_S29\P150_S05_S29.pdsprj","","DFC5434440FCEE5774CA12562FC17536F65C2EFD71FD58144E5EFA787F3C12EA","D:\Coding\protuesgen\experiments\ic_pairwise_34_v1_temp_2026_06_10\P150_S05_S29\P150_S05_S29.pdsprj","12757"
"deleted_duplicate_in_experiments","C:\Users\tahab\Downloads\SQU\Project Backups\S05\P151_S05_S30\P151_S05_S30.pdsprj","","F6E62AF2CEAF9426CD01102193B7D30ED2B00BD8BEEFA5ACD7A12072537BBBDD","D:\Coding\protuesgen\experiments\ic_pairwise_34_v1_temp_2026_06_10\P151_S05_S30\P151_S05_S30.pdsprj","12440"
"deleted_duplicate_in_experiments","C:\Users\tahab\Downloads\SQU\Project Backups\S05\P152_S05_S31\P152_S05_S31.pdsprj","","006B9FA2D0A62C7CC4B906096A7C34F4A9CDEF33F2520BA2C8906D6BF8143A16","D:\Coding\protuesgen\experiments\ic_pairwise_34_v1_temp_2026_06_10\P152_S05_S31\P152_S05_S31.pdsprj","12602"
"deleted_duplicate_in_experiments","C:\Users\tahab\Downloads\SQU\Project Backups\S05\P153_S05_S32\P153_S05_S32.pdsprj","","519BCBC4500E7815FAD25FB4C4D84112D5C374AA83A1621AC3BB7A6CD35FAFCC","D:\Coding\protuesgen\experiments\ic_pairwise_34_v1_temp_2026_06_10\P153_S05_S32\P153_S05_S32.pdsprj","12754"
"deleted_duplicate_in_experiments","C:\Users\tahab\Downloads\SQU\Project Backups\S05\P154_S05_S33\P154_S05_S33.pdsprj","","1DE73AB2BF16A441D0EBBBA5EB59BEE81F0E7B4CAEF5FE8F959642B114BDCA6F","D:\Coding\protuesgen\experiments\ic_pairwise_34_v1_temp_2026_06_10\P154_S05_S33\P154_S05_S33.pdsprj","13083"
"deleted_duplicate_in_experiments","C:\Users\tahab\Downloads\SQU\Project Backups\S05\P155_S05_S34\P155_S05_S34.pdsprj","","4F5FA9C0A76709F9648E89B2D9C195FF90CA29D3E6556D1743B300DDECCE8F6C","D:\Coding\protuesgen\experiments\ic_pairwise_34_v1_temp_2026_06_10\P155_S05_S34\P155_S05_S34.pdsprj","13770"
"deleted_duplicate_in_experiments","C:\Users\tahab\Downloads\SQU\Project Backups\S06\P156_S06_S07\P156_S06_S07.pdsprj","","B35059C1764B84DEEF87D82A44A7526286E285C3A80E123000572CE5E6A5BB3D","D:\Coding\protuesgen\experiments\ic_pairwise_34_v1_temp_2026_06_10\P156_S06_S07\P156_S06_S07.pdsprj","11745"
"deleted_duplicate_in_experiments","C:\Users\tahab\Downloads\SQU\Project Backups\S06\P157_S06_S08\P157_S06_S08.pdsprj","","2AB3AD73D416EC855BF1F53E8F1DD5703068B2536FA86CF2CCF2321F914129EA","D:\Coding\protuesgen\experiments\ic_pairwise_34_v1_temp_2026_06_10\P157_S06_S08\P157_S06_S08.pdsprj","12204"
"deleted_duplicate_in_experiments","C:\Users\tahab\Downloads\SQU\Project Backups\S06\P158_S06_S09\P158_S06_S09.pdsprj","","DD84E827EA3CCA7BF0E2800439A38CE37E6314000727CC48EC77D19878FB760E","D:\Coding\protuesgen\experiments\ic_pairwise_34_v1_temp_2026_06_10\P158_S06_S09\P158_S06_S09.pdsprj","12349"
"deleted_duplicate_in_experiments","C:\Users\tahab\Downloads\SQU\Project Backups\S06\P159_S06_S10\P159_S06_S10.pdsprj","","4B50F000BA77CC8635FDF9CFE533D64661C976BA4ADA4EAA9639BFAAB9932CBE","D:\Coding\protuesgen\experiments\ic_pairwise_34_v1_temp_2026_06_10\P159_S06_S10\P159_S06_S10.pdsprj","12327"
"deleted_duplicate_in_experiments","C:\Users\tahab\Downloads\SQU\Project Backups\S06\P160_S06_S11\P160_S06_S11.pdsprj","","276C378F0D770ED2D3ABEF8A5C6293CE7697CF46D4E4D56CADB4C2ED1764308A","D:\Coding\protuesgen\experiments\ic_pairwise_34_v1_temp_2026_06_10\P160_S06_S11\P160_S06_S11.pdsprj","12329"
"deleted_duplicate_in_experiments","C:\Users\tahab\Downloads\SQU\Project Backups\S06\P161_S06_S12\P161_S06_S12.pdsprj","","707C4F665BC6A28684A180A571F591E94E6FDD57AB16D6C95D7ACC24B37451A5","D:\Coding\protuesgen\experiments\ic_pairwise_34_v1_temp_2026_06_10\P161_S06_S12\P161_S06_S12.pdsprj","12352"
"deleted_duplicate_in_experiments","C:\Users\tahab\Downloads\SQU\Project Backups\S06\P162_S06_S13\P162_S06_S13.pdsprj","","72357454699F9B78EDDAE8F7BD132028035760E0506F847376A475C880F122B7","D:\Coding\protuesgen\experiments\ic_pairwise_34_v1_temp_2026_06_10\P162_S06_S13\P162_S06_S13.pdsprj","12357"
"deleted_duplicate_in_experiments","C:\Users\tahab\Downloads\SQU\Project Backups\S06\P163_S06_S14\P163_S06_S14.pdsprj","","6573C997AB8CC0DB127DD831D90E7DC3059E1A83345CA71E7BF52C48CD28CD1F","D:\Coding\protuesgen\experiments\ic_pairwise_34_v1_temp_2026_06_10\P163_S06_S14\P163_S06_S14.pdsprj","12372"
"deleted_duplicate_in_experiments","C:\Users\tahab\Downloads\SQU\Project Backups\S06\P164_S06_S15\P164_S06_S15.pdsprj","","0F41E7D4728574BC317EA1CD768D0FD9BFB827B9D58014B70155AAE6D50EB1E1","D:\Coding\protuesgen\experiments\ic_pairwise_34_v1_temp_2026_06_10\P164_S06_S15\P164_S06_S15.pdsprj","12348"
"deleted_duplicate_in_experiments","C:\Users\tahab\Downloads\SQU\Project Backups\S06\P165_S06_S16\P165_S06_S16.pdsprj","","4C4B7B01B4CBF559A33095F81BF0B744AE24B68D3677FCE4DB6A5EB8B99FFC11","D:\Coding\protuesgen\experiments\ic_pairwise_34_v1_temp_2026_06_10\P165_S06_S16\P165_S06_S16.pdsprj","12130"
"deleted_duplicate_in_experiments","C:\Users\tahab\Downloads\SQU\Project Backups\S06\P166_S06_S17\P166_S06_S17.pdsprj","","4EB230E4064FC11C01A317BD60E41D96117712B63A42284FB146252335D165B5","D:\Coding\protuesgen\experiments\ic_pairwise_34_v1_temp_2026_06_10\P166_S06_S17\P166_S06_S17.pdsprj","12344"
"deleted_duplicate_in_experiments","C:\Users\tahab\Downloads\SQU\Project Backups\S06\P167_S06_S18\P167_S06_S18.pdsprj","","6AFEE5AE54D759673BBBBFCD5BE9751403891976B72520D3FE6F913EA5A6B14A","D:\Coding\protuesgen\experiments\ic_pairwise_34_v1_temp_2026_06_10\P167_S06_S18\P167_S06_S18.pdsprj","12121"
"deleted_duplicate_in_experiments","C:\Users\tahab\Downloads\SQU\Project Backups\S06\P168_S06_S19\P168_S06_S19.pdsprj","","ED84631A160123962760FDD5FEC385BAF9A0DF3686A79CC246E35B3EF1546D7A","D:\Coding\protuesgen\experiments\ic_pairwise_34_v1_temp_2026_06_10\P168_S06_S19\P168_S06_S19.pdsprj","12327"
"deleted_duplicate_in_experiments","C:\Users\tahab\Downloads\SQU\Project Backups\S06\P169_S06_S20\P169_S06_S20.pdsprj","","60D8520CB589CEA195C49B8A8FE06C3814AE2A7F1BDE9D78BE3D0064B779629B","D:\Coding\protuesgen\experiments\ic_pairwise_34_v1_temp_2026_06_10\P169_S06_S20\P169_S06_S20.pdsprj","12410"
"deleted_duplicate_in_experiments","C:\Users\tahab\Downloads\SQU\Project Backups\S06\P170_S06_S21\P170_S06_S21.pdsprj","","CC74D866CF4B0E7B5D268D364EBBBF5EB5BB23C906712713752204CDBD324A36","D:\Coding\protuesgen\experiments\ic_pairwise_34_v1_temp_2026_06_10\P170_S06_S21\P170_S06_S21.pdsprj","12360"
"deleted_duplicate_in_experiments","C:\Users\tahab\Downloads\SQU\Project Backups\S06\P171_S06_S22\P171_S06_S22.pdsprj","","B475DFE576DE63C3048B0C8BE015DB5C689057D8495EBD4E8B60E687190F8A56","D:\Coding\protuesgen\experiments\ic_pairwise_34_v1_temp_2026_06_10\P171_S06_S22\P171_S06_S22.pdsprj","12501"
"deleted_duplicate_in_experiments","C:\Users\tahab\Downloads\SQU\Project Backups\S06\P172_S06_S23\P172_S06_S23.pdsprj","","36D03445879F22CEBE2F0867894B4823206DA6B44DC0CAB3BAD8A96635F8CC34","D:\Coding\protuesgen\experiments\ic_pairwise_34_v1_temp_2026_06_10\P172_S06_S23\P172_S06_S23.pdsprj","12367"
"deleted_duplicate_in_experiments","C:\Users\tahab\Downloads\SQU\Project Backups\S06\P173_S06_S24\P173_S06_S24.pdsprj","","767DDC72C71A8FE312CE087A20E9E3B70FDD8803869C1A125CA8207B489B8451","D:\Coding\protuesgen\experiments\ic_pairwise_34_v1_temp_2026_06_10\P173_S06_S24\P173_S06_S24.pdsprj","12248"
"deleted_duplicate_in_experiments","C:\Users\tahab\Downloads\SQU\Project Backups\S06\P174_S06_S25\P174_S06_S25.pdsprj","","BD7EBC7358AEF6A5F478A938048F671417F58E44C52132E33252158B26FE31BC","D:\Coding\protuesgen\experiments\ic_pairwise_34_v1_temp_2026_06_10\P174_S06_S25\P174_S06_S25.pdsprj","12280"
"deleted_duplicate_in_experiments","C:\Users\tahab\Downloads\SQU\Project Backups\S06\P175_S06_S26\P175_S06_S26.pdsprj","","A49B688665AF919B2B26F3F20C5DD45870F4AC94CF9132D4053D9C55C4AF136F","D:\Coding\protuesgen\experiments\ic_pairwise_34_v1_temp_2026_06_10\P175_S06_S26\P175_S06_S26.pdsprj","12296"
"deleted_duplicate_in_experiments","C:\Users\tahab\Downloads\SQU\Project Backups\S06\P177_S06_S28\P177_S06_S28.pdsprj","","8E087CFA246FC0FFE98C081A0879268928B888E211A27726C07206A85BF0D321","D:\Coding\protuesgen\experiments\ic_pairwise_34_v1_temp_2026_06_10\P177_S06_S28\P177_S06_S28.pdsprj","12345"
"deleted_duplicate_in_experiments","C:\Users\tahab\Downloads\SQU\Project Backups\S06\P178_S06_S29\P178_S06_S29.pdsprj","","07C44D25DDDDD298DBF840693137575DE2095EB6570AE9BDCFCE3EF0F262E821","D:\Coding\protuesgen\experiments\ic_pairwise_34_v1_temp_2026_06_10\P178_S06_S29\P178_S06_S29.pdsprj","12396"
"deleted_duplicate_in_experiments","C:\Users\tahab\Downloads\SQU\Project Backups\S06\P179_S06_S30\P179_S06_S30.pdsprj","","4455EBBFC6BB69C400634A527248FDF6111AA912C357332F0B089198BA29070A","D:\Coding\protuesgen\experiments\ic_pairwise_34_v1_temp_2026_06_10\P179_S06_S30\P179_S06_S30.pdsprj","12087"
"deleted_duplicate_in_experiments","C:\Users\tahab\Downloads\SQU\Project Backups\S06\P180_S06_S31\P180_S06_S31.pdsprj","","26D29CFAEFEBFD0CFB054D29DE1936AB56FA824B5F2D5DF2EE87FEAD1241A95E","D:\Coding\protuesgen\experiments\ic_pairwise_34_v1_temp_2026_06_10\P180_S06_S31\P180_S06_S31.pdsprj","12255"
"deleted_duplicate_in_experiments","C:\Users\tahab\Downloads\SQU\Project Backups\S06\P181_S06_S32\P181_S06_S32.pdsprj","","0BD90279B04833DD78E831F924D39DD1B24D330DD439E75DC5FF2B669A7C464D","D:\Coding\protuesgen\experiments\ic_pairwise_34_v1_temp_2026_06_10\P181_S06_S32\P181_S06_S32.pdsprj","12398"
"deleted_duplicate_in_experiments","C:\Users\tahab\Downloads\SQU\Project Backups\S06\P182_S06_S33\P182_S06_S33.pdsprj","","B629692BD5E1DCD441A7AA4B16B884008683ECD7DBA320A0A40A3351E68E611D","D:\Coding\protuesgen\experiments\ic_pairwise_34_v1_temp_2026_06_10\P182_S06_S33\P182_S06_S33.pdsprj","12731"
"deleted_duplicate_in_experiments","C:\Users\tahab\Downloads\SQU\Project Backups\S06\P183_S06_S34\P183_S06_S34.pdsprj","","30097CD0BAAD9C75927FE00B332338232B2DCBF7E71A6D510E8677BFA8BB1A71","D:\Coding\protuesgen\experiments\ic_pairwise_34_v1_temp_2026_06_10\P183_S06_S34\P183_S06_S34.pdsprj","13421"
"deleted_duplicate_in_experiments","C:\Users\tahab\Downloads\SQU\Project Backups\S08\P184_S07_S08\P184_S07_S08.pdsprj","","C45644F1705E1EC9D4ED53B901CB9F37280EB718FFB551E91E78AC6BEE793B6C","D:\Coding\protuesgen\experiments\ic_pairwise_34_v1_temp_2026_06_10\P184_S07_S08\P184_S07_S08.pdsprj","12230"
"deleted_duplicate_in_experiments","C:\Users\tahab\Downloads\SQU\Project Backups\S08\P211_S08_S09\P211_S08_S09.pdsprj","","D2E835E50CA337D38639A5139C1FA0690FEDCA4725435C89B3386225095C5957","D:\Coding\protuesgen\experiments\ic_pairwise_34_v1_temp_2026_06_10\P211_S08_S09\P211_S08_S09.pdsprj","12410"
"deleted_duplicate_in_experiments","C:\Users\tahab\Downloads\SQU\Project Backups\S08\P212_S08_S10\P212_S08_S10.pdsprj","","D62E3B28956145098D026D3BABA98D7651BB560AFF0DA72DC82D9ABBF02BA859","D:\Coding\protuesgen\experiments\ic_pairwise_34_v1_temp_2026_06_10\P212_S08_S10\P212_S08_S10.pdsprj","12404"
"deleted_duplicate_in_experiments","C:\Users\tahab\Downloads\SQU\Project Backups\S08\P213_S08_S11\P213_S08_S11.pdsprj","","D3ECB17D18E343EA61667B3CB85853CC65CB2D59862101D8AFC799DEEC29D834","D:\Coding\protuesgen\experiments\ic_pairwise_34_v1_temp_2026_06_10\P213_S08_S11\P213_S08_S11.pdsprj","12402"
"deleted_duplicate_in_experiments","C:\Users\tahab\Downloads\SQU\Project Backups\S08\P214_S08_S12\P214_S08_S12.pdsprj","","3B0EB544EECDD8BD8055EEACEBD2414B4ABC073060037D02B60390D74B827947","D:\Coding\protuesgen\experiments\ic_pairwise_34_v1_temp_2026_06_10\P214_S08_S12\P214_S08_S12.pdsprj","12417"
"deleted_duplicate_in_experiments","C:\Users\tahab\Downloads\SQU\Project Backups\S08\P215_S08_S13\P215_S08_S13.pdsprj","","F45EE76A2920957D7D5F9FFA70861DDF2033C1FDB19E31C01D20F57DDA665D27","D:\Coding\protuesgen\experiments\ic_pairwise_34_v1_temp_2026_06_10\P215_S08_S13\P215_S08_S13.pdsprj","12423"
"deleted_duplicate_in_experiments","C:\Users\tahab\Downloads\SQU\Project Backups\S08\P216_S08_S14\P216_S08_S14.pdsprj","","FB75D98BF119366C76043177D00116AEFD7D071B398B25EE9CFE5B3B297D5DE0","D:\Coding\protuesgen\experiments\ic_pairwise_34_v1_temp_2026_06_10\P216_S08_S14\P216_S08_S14.pdsprj","12449"
"deleted_duplicate_in_experiments","C:\Users\tahab\Downloads\SQU\Project Backups\S08\P217_S08_S15\P217_S08_S15.pdsprj","","E48D3A70C48804BCD07763E91553139165EEF3C30177C5BE55F02D44FFD9B1BD","D:\Coding\protuesgen\experiments\ic_pairwise_34_v1_temp_2026_06_10\P217_S08_S15\P217_S08_S15.pdsprj","12434"
"deleted_duplicate_in_experiments","C:\Users\tahab\Downloads\SQU\Project Backups\S08\P218_S08_S16\P218_S08_S16.pdsprj","","B2AE3779AC28F8915BF9D780BF97D25C27958DC21D2008EA6A2C6CD7D07E603B","D:\Coding\protuesgen\experiments\ic_pairwise_34_v1_temp_2026_06_10\P218_S08_S16\P218_S08_S16.pdsprj","12229"
"deleted_duplicate_in_experiments","C:\Users\tahab\Downloads\SQU\Project Backups\S08\P219_S08_S17\P219_S08_S17.pdsprj","","2E12DC9440AA3BB87FE9E71B4EAD450C9FD070FB2802680C6F2517E10C1234FA","D:\Coding\protuesgen\experiments\ic_pairwise_34_v1_temp_2026_06_10\P219_S08_S17\P219_S08_S17.pdsprj","12429"
"deleted_duplicate_in_experiments","C:\Users\tahab\Downloads\SQU\Project Backups\S08\P220_S08_S18\P220_S08_S18.pdsprj","","63DECA70FFAE35B3A4B5D5B8DE8987B47A95D108F75861D32F59D117F4005612","D:\Coding\protuesgen\experiments\ic_pairwise_34_v1_temp_2026_06_10\P220_S08_S18\P220_S08_S18.pdsprj","12259"
"deleted_duplicate_in_experiments","C:\Users\tahab\Downloads\SQU\Project Backups\S08\P221_S08_S19\P221_S08_S19.pdsprj","","4FC10D0F85ECB51151757A37649FD1BEBFB3BCCE73D34124D6BE10526943A125","D:\Coding\protuesgen\experiments\ic_pairwise_34_v1_temp_2026_06_10\P221_S08_S19\P221_S08_S19.pdsprj","12483"
"deleted_duplicate_in_experiments","C:\Users\tahab\Downloads\SQU\Project Backups\S08\P222_S08_S20\P222_S08_S20.pdsprj","","3EAAA0363BAA8A8EBA531D42685739CC4E23C9F1E01469931A12018DC959D8A8","D:\Coding\protuesgen\experiments\ic_pairwise_34_v1_temp_2026_06_10\P222_S08_S20\P222_S08_S20.pdsprj","12530"
"deleted_duplicate_in_experiments","C:\Users\tahab\Downloads\SQU\Project Backups\S08\P223_S08_S21\P223_S08_S21.pdsprj","","D3884AEA3196AE63DF1F7A327BF050BC248BC4FDBA78D75409761454A7FC19C4","D:\Coding\protuesgen\experiments\ic_pairwise_34_v1_temp_2026_06_10\P223_S08_S21\P223_S08_S21.pdsprj","12430"
"deleted_duplicate_in_experiments","C:\Users\tahab\Downloads\SQU\Project Backups\S08\P224_S08_S22\P224_S08_S22.pdsprj","","AC64D1CB5B7FC194180047C97E80377EF653FC4076723B6B89295C5F17A38AD3","D:\Coding\protuesgen\experiments\ic_pairwise_34_v1_temp_2026_06_10\P224_S08_S22\P224_S08_S22.pdsprj","12569"
"deleted_duplicate_in_experiments","C:\Users\tahab\Downloads\SQU\Project Backups\S08\P225_S08_S23\P225_S08_S23.pdsprj","","84FCD848E26665867B438E417FB1DAC0609D61F4E23C8095F85B24211EB7564D","D:\Coding\protuesgen\experiments\ic_pairwise_34_v1_temp_2026_06_10\P225_S08_S23\P225_S08_S23.pdsprj","12521"
"deleted_duplicate_in_experiments","C:\Users\tahab\Downloads\SQU\Project Backups\S08\P226_S08_S24\P226_S08_S24.pdsprj","","8B2741661ADB3B10D5E70C85194482C35BD8D83BD5FBF9D1A458E02D155CEFB8","D:\Coding\protuesgen\experiments\ic_pairwise_34_v1_temp_2026_06_10\P226_S08_S24\P226_S08_S24.pdsprj","12344"
"deleted_duplicate_in_experiments","C:\Users\tahab\Downloads\SQU\Project Backups\S08\P227_S08_S25\P227_S08_S25.pdsprj","","98FD34BAAEE771E6BE93A920780365C0540A587E31E15A57AC7B7E64A559C9A6","D:\Coding\protuesgen\experiments\ic_pairwise_34_v1_temp_2026_06_10\P227_S08_S25\P227_S08_S25.pdsprj","12377"
"deleted_duplicate_in_experiments","C:\Users\tahab\Downloads\SQU\Project Backups\S08\P228_S08_S26\P228_S08_S26.pdsprj","","FDDD0D25BB560B47DB229EA22A208DBC5C8606262E5546EA8614746397C126B8","D:\Coding\protuesgen\experiments\ic_pairwise_34_v1_temp_2026_06_10\P228_S08_S26\P228_S08_S26.pdsprj","12407"
"deleted_duplicate_in_experiments","C:\Users\tahab\Downloads\SQU\Project Backups\S08\P230_S08_S28\P230_S08_S28.pdsprj","","FD415F3AFC6C2A551B23F5F02D4544C4CBF84CFA12B2EF7C30EED99934D236BA","D:\Coding\protuesgen\experiments\ic_pairwise_34_v1_temp_2026_06_10\P230_S08_S28\P230_S08_S28.pdsprj","12432"
"deleted_duplicate_in_experiments","C:\Users\tahab\Downloads\SQU\Project Backups\S08\P231_S08_S29\P231_S08_S29.pdsprj","","64B7D879D179815CD50E00A7700772A905AD645190EBDE33CD1945A505B1A685","D:\Coding\protuesgen\experiments\ic_pairwise_34_v1_temp_2026_06_10\P231_S08_S29\P231_S08_S29.pdsprj","12519"
"deleted_duplicate_in_experiments","C:\Users\tahab\Downloads\SQU\Project Backups\S08\P232_S08_S30\P232_S08_S30.pdsprj","","59802B2ED33A8B0E37BB80F22F7A1E12528F034CD3AF467606270E204E08DE27","D:\Coding\protuesgen\experiments\ic_pairwise_34_v1_temp_2026_06_10\P232_S08_S30\P232_S08_S30.pdsprj","12178"
"deleted_duplicate_in_experiments","C:\Users\tahab\Downloads\SQU\Project Backups\S08\P233_S08_S31\P233_S08_S31.pdsprj","","B40EE2283E89C234BCD078429FF14FAF57E2311A6DAF6B06DBD35D02801D7B9D","D:\Coding\protuesgen\experiments\ic_pairwise_34_v1_temp_2026_06_10\P233_S08_S31\P233_S08_S31.pdsprj","12376"
"deleted_duplicate_in_experiments","C:\Users\tahab\Downloads\SQU\Project Backups\S08\P234_S08_S32\P234_S08_S32.pdsprj","","A367A5B1913E13B63845E07C40E64AF66126B337309B8F0A781FBB86A93BBBF4","D:\Coding\protuesgen\experiments\ic_pairwise_34_v1_temp_2026_06_10\P234_S08_S32\P234_S08_S32.pdsprj","12494"
"deleted_duplicate_in_experiments","C:\Users\tahab\Downloads\SQU\Project Backups\S08\P235_S08_S33\P235_S08_S33.pdsprj","","6D673957364B9E3C9426F787B9C9730C89C84520855CCD05012C5A05503861FF","D:\Coding\protuesgen\experiments\ic_pairwise_34_v1_temp_2026_06_10\P235_S08_S33\P235_S08_S33.pdsprj","12828"
"deleted_duplicate_in_experiments","C:\Users\tahab\Downloads\SQU\Project Backups\S08\P236_S08_S34\P236_S08_S34.pdsprj","","61BD023524945235BD935AAD5BC5A525A61CD1D24A63E655D4DFDFF2B0726F64","D:\Coding\protuesgen\experiments\ic_pairwise_34_v1_temp_2026_06_10\P236_S08_S34\P236_S08_S34.pdsprj","13513"
"deleted_duplicate_in_experiments","C:\Users\tahab\Downloads\SQU\Project Backups\S22\P021_S01_S22\P021_S01_S22.pdsprj","","D8EF9A10F63EE211808832EC044E56552C1FE463EE51F09A95DEE29F3B85E28D","D:\Coding\protuesgen\experiments\ic_pairwise_34_v1_temp_2026_06_10\P021_S01_S22\P021_S01_S22.pdsprj","12418"
"deleted_duplicate_in_experiments","C:\Users\tahab\Downloads\SQU\Project Backups\S22\P053_S02_S22\P053_S02_S22.pdsprj","","E6E4AE95ED16AD07314D73028B2ECB396AFEE1E177B7A2FFA63E3D41C65A5E04","D:\Coding\protuesgen\experiments\ic_pairwise_34_v1_temp_2026_06_10\P053_S02_S22\P053_S02_S22.pdsprj","12461"
"deleted_duplicate_in_experiments","C:\Users\tahab\Downloads\SQU\Project Backups\S22\P084_S03_S22\P084_S03_S22.pdsprj","","3074710AF209A1777CB00FCD1496AFAE31EE0CD39AEE2F37268CE3E81B84C049","D:\Coding\protuesgen\experiments\ic_pairwise_34_v1_temp_2026_06_10\P084_S03_S22\P084_S03_S22.pdsprj","12245"
"deleted_duplicate_in_experiments","C:\Users\tahab\Downloads\SQU\Project Backups\S22\P114_S04_S22\P114_S04_S22.pdsprj","","B239CB724C0CF722B73A5934E3B347F3B7D15FD74568810ADDFD07FEDECEB83D","D:\Coding\protuesgen\experiments\ic_pairwise_34_v1_temp_2026_06_10\P114_S04_S22\P114_S04_S22.pdsprj","12817"
"deleted_duplicate_in_experiments","C:\Users\tahab\Downloads\SQU\Project Backups\S22\P143_S05_S22\P143_S05_S22.pdsprj","","14EC695B8DB87D06FAB53E77BB14ACB3300DCAF4A913A3BD020F36BB6F351804","D:\Coding\protuesgen\experiments\ic_pairwise_34_v1_temp_2026_06_10\P143_S05_S22\P143_S05_S22.pdsprj","12861"
"deleted_duplicate_in_experiments","C:\Users\tahab\Downloads\SQU\Project Backups\S22\P171_S06_S22\P171_S06_S22.pdsprj","","B475DFE576DE63C3048B0C8BE015DB5C689057D8495EBD4E8B60E687190F8A56","D:\Coding\protuesgen\experiments\ic_pairwise_34_v1_temp_2026_06_10\P171_S06_S22\P171_S06_S22.pdsprj","12501"
"deleted_duplicate_in_experiments","C:\Users\tahab\Downloads\SQU\Project Backups\S22\P198_S07_S22\P198_S07_S22.pdsprj","","6D078DB64DA7CBE7DD192271784C866F1001A13E7724796857396EB35E1D135B","D:\Coding\protuesgen\experiments\ic_pairwise_34_v1_temp_2026_06_10\P198_S07_S22\P198_S07_S22.pdsprj","12515"
"deleted_duplicate_in_experiments","C:\Users\tahab\Downloads\SQU\Project Backups\S22\P224_S08_S22\P224_S08_S22.pdsprj","","AC64D1CB5B7FC194180047C97E80377EF653FC4076723B6B89295C5F17A38AD3","D:\Coding\protuesgen\experiments\ic_pairwise_34_v1_temp_2026_06_10\P224_S08_S22\P224_S08_S22.pdsprj","12569"
"deleted_duplicate_in_experiments","C:\Users\tahab\Downloads\SQU\Project Backups\S22\P249_S09_S22\P249_S09_S22.pdsprj","","7F6C2AC222912C3C2044E436171F3BEDFA21C417093735735344F6C6FC942C4A","D:\Coding\protuesgen\experiments\ic_pairwise_34_v1_temp_2026_06_10\P249_S09_S22\P249_S09_S22.pdsprj","12624"
"deleted_duplicate_in_experiments","C:\Users\tahab\Downloads\SQU\Project Backups\S22\P273_S10_S22\P273_S10_S22.pdsprj","","12AF888756D016F5A54E4D4A6628AE8237B201234AFD0210F3C8C162F4A7EF5F","D:\Coding\protuesgen\experiments\ic_pairwise_34_v1_temp_2026_06_10\P273_S10_S22\P273_S10_S22.pdsprj","12622"
"deleted_duplicate_in_experiments","C:\Users\tahab\Downloads\SQU\Project Backups\S22\P296_S11_S22\P296_S11_S22.pdsprj","","3A05094D52B048228C62BEAA0EC72C1BD2BA671390C2F9F968AEB604416CDE56","D:\Coding\protuesgen\experiments\ic_pairwise_34_v1_temp_2026_06_10\P296_S11_S22\P296_S11_S22.pdsprj","12614"
"deleted_duplicate_in_experiments","C:\Users\tahab\Downloads\SQU\Project Backups\S22\P318_S12_S22\P318_S12_S22.pdsprj","","17FC9C43D443B630C07462E80A1A071688F718683051005706E3AAF889660799","D:\Coding\protuesgen\experiments\ic_pairwise_34_v1_temp_2026_06_10\P318_S12_S22\P318_S12_S22.pdsprj","12625"
"deleted_duplicate_in_experiments","C:\Users\tahab\Downloads\SQU\Project Backups\S22\P339_S13_S22\P339_S13_S22.pdsprj","","EDC58694C171435D5771A621431E5CBF4B83E6316C3832356E55397C9F0B296A","D:\Coding\protuesgen\experiments\ic_pairwise_34_v1_temp_2026_06_10\P339_S13_S22\P339_S13_S22.pdsprj","12625"
"deleted_duplicate_in_experiments","C:\Users\tahab\Downloads\SQU\Project Backups\S22\P359_S14_S22\P359_S14_S22.pdsprj","","E58117051A3C2FFE9722D0EC5959DBEB44E8FFF514E6039FBD1210ED0C621A55","D:\Coding\protuesgen\experiments\ic_pairwise_34_v1_temp_2026_06_10\P359_S14_S22\P359_S14_S22.pdsprj","12704"
"deleted_duplicate_in_experiments","C:\Users\tahab\Downloads\SQU\Project Backups\S22\P378_S15_S22\P378_S15_S22.pdsprj","","F898F8F73BDF7BE609A0315600610AEFD0E4118C8BADF8E080B18121772F815D","D:\Coding\protuesgen\experiments\ic_pairwise_34_v1_temp_2026_06_10\P378_S15_S22\P378_S15_S22.pdsprj","12700"
"deleted_duplicate_in_experiments","C:\Users\tahab\Downloads\SQU\Project Backups\S22\P396_S16_S22\P396_S16_S22.pdsprj","","E8B27280FE9C293158F9739565EF1FBEB9E4492D5579EBC98475403A0B04FEE5","D:\Coding\protuesgen\experiments\ic_pairwise_34_v1_temp_2026_06_10\P396_S16_S22\P396_S16_S22.pdsprj","12487"
"deleted_duplicate_in_experiments","C:\Users\tahab\Downloads\SQU\Project Backups\S22\P413_S17_S22\P413_S17_S22.pdsprj","","EE150275768D410A5F1A92D7B62711BB6424CABF39D83766521543F3264B09BB","D:\Coding\protuesgen\experiments\ic_pairwise_34_v1_temp_2026_06_10\P413_S17_S22\P413_S17_S22.pdsprj","12676"
"deleted_duplicate_in_experiments","C:\Users\tahab\Downloads\SQU\Project Backups\S22\P429_S18_S22\P429_S18_S22.pdsprj","","5C0D0118C7EEE6CA56DE60F7A087AEEB95E6B3B4D1FB5E4CDF8D373DAC5D440C","D:\Coding\protuesgen\experiments\ic_pairwise_34_v1_temp_2026_06_10\P429_S18_S22\P429_S18_S22.pdsprj","12515"
"deleted_duplicate_in_experiments","C:\Users\tahab\Downloads\SQU\Project Backups\S22\P444_S19_S22\P444_S19_S22.pdsprj","","0019FF513BB8D5A692245892FB6215789349F2B5F4DA13870E6DD342E67FE5D7","D:\Coding\protuesgen\experiments\ic_pairwise_34_v1_temp_2026_06_10\P444_S19_S22\P444_S19_S22.pdsprj","12701"
"deleted_duplicate_in_experiments","C:\Users\tahab\Downloads\SQU\Project Backups\S22\P458_S20_S22\P458_S20_S22.pdsprj","","3CF7076EF1D1B6A515AF65DD14262DEEB45B744353E19B6A132927DD4C81499D","D:\Coding\protuesgen\experiments\ic_pairwise_34_v1_temp_2026_06_10\P458_S20_S22\P458_S20_S22.pdsprj","12800"
"deleted_duplicate_in_experiments","C:\Users\tahab\Downloads\SQU\Project Backups\S22\P471_S21_S22\P471_S21_S22.pdsprj","","A18DB65F47F7DA275EF49DB0E9AFFC0DE7DF45538C923950A2BD2FD5E9354301","D:\Coding\protuesgen\experiments\ic_pairwise_34_v1_temp_2026_06_10\P471_S21_S22\P471_S21_S22.pdsprj","12535"
"deleted_duplicate_in_experiments","C:\Users\tahab\Downloads\SQU\Project Backups\S22\P484_S22_S23\P484_S22_S23.pdsprj","","93B513A798398DB13123F628CB57BBA84733D0D87E00EC61754FCD3F6E2E7865","D:\Coding\protuesgen\experiments\ic_pairwise_34_v1_temp_2026_06_10\P484_S22_S23\P484_S22_S23.pdsprj","12788"
"deleted_duplicate_in_experiments","C:\Users\tahab\Downloads\SQU\Project Backups\S22\P485_S22_S24\P485_S22_S24.pdsprj","","2ABE37BCB1400208B92C5815C72FCE19132D4DBBD991F2F01E4874A21B0EE19D","D:\Coding\protuesgen\experiments\ic_pairwise_34_v1_temp_2026_06_10\P485_S22_S24\P485_S22_S24.pdsprj","12618"
"deleted_duplicate_in_experiments","C:\Users\tahab\Downloads\SQU\Project Backups\S22\P486_S22_S25\P486_S22_S25.pdsprj","","42A350EFA2CBAE7241EC964BF825E9672E6506FE08DC9A2672F1FAA512D0C645","D:\Coding\protuesgen\experiments\ic_pairwise_34_v1_temp_2026_06_10\P486_S22_S25\P486_S22_S25.pdsprj","12611"
"deleted_duplicate_in_experiments","C:\Users\tahab\Downloads\SQU\Project Backups\S22\P487_S22_S26\P487_S22_S26.pdsprj","","D52C5AB917D471725C129A91FEF2D4FC2E56B0BD2CB439C8863E95FC5AB05533","D:\Coding\protuesgen\experiments\ic_pairwise_34_v1_temp_2026_06_10\P487_S22_S26\P487_S22_S26.pdsprj","12622"
"deleted_duplicate_in_experiments","C:\Users\tahab\Downloads\SQU\Project Backups\S22\P488_S22_S27\P488_S22_S27.pdsprj","","6D752D454E9FC41AD6F7215A09C529DCB32F4C01C55DD676D08826E03BC0DC06","D:\Coding\protuesgen\experiments\ic_pairwise_34_v1_temp_2026_06_10\P488_S22_S27\P488_S22_S27.pdsprj","12673"
"deleted_duplicate_in_experiments","C:\Users\tahab\Downloads\SQU\Project Backups\S22\P489_S22_S28\P489_S22_S28.pdsprj","","CB358B7F19DBFC288C9345B51367C2854CA64D4602173D3109DB8230174AE471","D:\Coding\protuesgen\experiments\ic_pairwise_34_v1_temp_2026_06_10\P489_S22_S28\P489_S22_S28.pdsprj","12666"
"deleted_duplicate_in_experiments","C:\Users\tahab\Downloads\SQU\Project Backups\S22\P490_S22_S29\P490_S22_S29.pdsprj","","6ED9EA9E42E7C64F37AB9EF6148931AFB6F594A37C016381C95B201B5FB21104","D:\Coding\protuesgen\experiments\ic_pairwise_34_v1_temp_2026_06_10\P490_S22_S29\P490_S22_S29.pdsprj","12770"
"deleted_duplicate_in_experiments","C:\Users\tahab\Downloads\SQU\Project Backups\S22\P491_S22_S30\P491_S22_S30.pdsprj","","914B2B572F44697BB14078A8FAF07B63BA4891DB54BEDD1DF91852BEC7CA039F","D:\Coding\protuesgen\experiments\ic_pairwise_34_v1_temp_2026_06_10\P491_S22_S30\P491_S22_S30.pdsprj","12504"
"deleted_duplicate_in_experiments","C:\Users\tahab\Downloads\SQU\Project Backups\S22\P492_S22_S31\P492_S22_S31.pdsprj","","29ACC2F95D30A96FAFD176692F7FABFB424FA1666DE28CA6F75CC2CDC0C086F7","D:\Coding\protuesgen\experiments\ic_pairwise_34_v1_temp_2026_06_10\P492_S22_S31\P492_S22_S31.pdsprj","12685"
"deleted_duplicate_in_experiments","C:\Users\tahab\Downloads\SQU\Project Backups\S22\P493_S22_S32\P493_S22_S32.pdsprj","","D3453645DA7885176A4B534BBEDF35ADCD9EAE175605436491FD6C5274F9F51E","D:\Coding\protuesgen\experiments\ic_pairwise_34_v1_temp_2026_06_10\P493_S22_S32\P493_S22_S32.pdsprj","12768"
"deleted_duplicate_in_experiments","C:\Users\tahab\Downloads\SQU\Project Backups\S22\P494_S22_S33\P494_S22_S33.pdsprj","","DDB0D15C73E16A05AB2DA0817B9E041104F0297BF45DB10EB0D25456A69AB1CC","D:\Coding\protuesgen\experiments\ic_pairwise_34_v1_temp_2026_06_10\P494_S22_S33\P494_S22_S33.pdsprj","13104"
"deleted_duplicate_in_experiments","C:\Users\tahab\Downloads\SQU\Project Backups\S22\P495_S22_S34\P495_S22_S34.pdsprj","","47E10DCDD3DA420B2472CF52D086A65B8A2488DDAF463F00952071E951D39D5F","D:\Coding\protuesgen\experiments\ic_pairwise_34_v1_temp_2026_06_10\P495_S22_S34\P495_S22_S34.pdsprj","13795"
"deleted_duplicate_in_experiments","C:\Users\tahab\Downloads\SQU\Project Backups\S27\P089_S03_S27\P089_S03_S27.pdsprj","","3230B8E69D521B5B07386B54E56C71B25B5B5B9DA59A3F628AF7742395611FCD","D:\Coding\protuesgen\experiments\ic_pairwise_34_v1_temp_2026_06_10\P089_S03_S27\P089_S03_S27.pdsprj","12037"
"deleted_duplicate_in_experiments","C:\Users\tahab\Downloads\SQU\Project Backups\S27\P119_S04_S27\P119_S04_S27.pdsprj","","54AC313379C66DA2FE09B39D3E6A055836171D9BF77BFFE1FBB5648E34F6CEC7","D:\Coding\protuesgen\experiments\ic_pairwise_34_v1_temp_2026_06_10\P119_S04_S27\P119_S04_S27.pdsprj","12610"
"deleted_duplicate_in_experiments","C:\Users\tahab\Downloads\SQU\Project Backups\S27\P148_S05_S27\P148_S05_S27.pdsprj","","4BDEF84DABA2AC9DEEE3BE3A7E321ABB58645CE565EA185172880CCBC79E4F02","D:\Coding\protuesgen\experiments\ic_pairwise_34_v1_temp_2026_06_10\P148_S05_S27\P148_S05_S27.pdsprj","12654"
"deleted_duplicate_in_experiments","C:\Users\tahab\Downloads\SQU\Project Backups\S27\P176_S06_S27\P176_S06_S27.pdsprj","","55EE2354B86946EFDCEF1B5A5708B8BA2CA07DC00E22479C8522CFA63CC66677","D:\Coding\protuesgen\experiments\ic_pairwise_34_v1_temp_2026_06_10\P176_S06_S27\P176_S06_S27.pdsprj","12302"
"deleted_duplicate_in_experiments","C:\Users\tahab\Downloads\SQU\Project Backups\S27\P203_S07_S27\P203_S07_S27.pdsprj","","F540826449C1C1D7B540D8F3A7CE8891E1D78D35E54A11B11E8DA12E11806B98","D:\Coding\protuesgen\experiments\ic_pairwise_34_v1_temp_2026_06_10\P203_S07_S27\P203_S07_S27.pdsprj","12317"
"deleted_duplicate_in_experiments","C:\Users\tahab\Downloads\SQU\Project Backups\S27\P229_S08_S27\P229_S08_S27.pdsprj","","1391BB0B9E063365BBC29D9CB1D27F024AF0910D6507FBBC741551EDC3F58BEF","D:\Coding\protuesgen\experiments\ic_pairwise_34_v1_temp_2026_06_10\P229_S08_S27\P229_S08_S27.pdsprj","12349"
"deleted_duplicate_in_experiments","C:\Users\tahab\Downloads\SQU\Project Backups\S27\P254_S09_S27\P254_S09_S27.pdsprj","","61A1DC86EC84E2129BF84ABAE0B4ED59533B6BC2CB5266B348788FC770F3ABFE","D:\Coding\protuesgen\experiments\ic_pairwise_34_v1_temp_2026_06_10\P254_S09_S27\P254_S09_S27.pdsprj","12476"
"deleted_duplicate_in_experiments","C:\Users\tahab\Downloads\SQU\Project Backups\S27\P278_S10_S27\P278_S10_S27.pdsprj","","02585D6AF2AE8C52EA1F9B1B765315BC6F566B92CB104BB7F29F9DE409A813C6","D:\Coding\protuesgen\experiments\ic_pairwise_34_v1_temp_2026_06_10\P278_S10_S27\P278_S10_S27.pdsprj","12468"
"deleted_duplicate_in_experiments","C:\Users\tahab\Downloads\SQU\Project Backups\S27\P301_S11_S27\P301_S11_S27.pdsprj","","78C6AABDB93A19E0F957BD309AB09FCF1EDEACD488BDA5C616990127EC8A914E","D:\Coding\protuesgen\experiments\ic_pairwise_34_v1_temp_2026_06_10\P301_S11_S27\P301_S11_S27.pdsprj","12459"
"deleted_duplicate_in_experiments","C:\Users\tahab\Downloads\SQU\Project Backups\S27\P323_S12_S27\P323_S12_S27.pdsprj","","64257127B365B06E30A53F9E308D4365BE0EBE3AAEEC97FB431EAB9EEC08AA3C","D:\Coding\protuesgen\experiments\ic_pairwise_34_v1_temp_2026_06_10\P323_S12_S27\P323_S12_S27.pdsprj","12487"
"deleted_duplicate_in_experiments","C:\Users\tahab\Downloads\SQU\Project Backups\S27\P344_S13_S27\P344_S13_S27.pdsprj","","83A6BA223C0186329B45E6A398E9B3BF668630AE22971EA40939949B5A910A58","D:\Coding\protuesgen\experiments\ic_pairwise_34_v1_temp_2026_06_10\P344_S13_S27\P344_S13_S27.pdsprj","12484"
"deleted_duplicate_in_experiments","C:\Users\tahab\Downloads\SQU\Project Backups\S27\P364_S14_S27\P364_S14_S27.pdsprj","","A20F09240D63A1031D3482C1F3C8FF79D3986920C878E5F8486BBC76649BD12D","D:\Coding\protuesgen\experiments\ic_pairwise_34_v1_temp_2026_06_10\P364_S14_S27\P364_S14_S27.pdsprj","12520"
"deleted_duplicate_in_experiments","C:\Users\tahab\Downloads\SQU\Project Backups\S27\P383_S15_S27\P383_S15_S27.pdsprj","","3699A80D494B03D384291B5C35EBE1B2D10F6F515BEC6A23B345AE75765CAF35","D:\Coding\protuesgen\experiments\ic_pairwise_34_v1_temp_2026_06_10\P383_S15_S27\P383_S15_S27.pdsprj","12501"
"deleted_duplicate_in_experiments","C:\Users\tahab\Downloads\SQU\Project Backups\S27\P401_S16_S27\P401_S16_S27.pdsprj","","155AD1C879771662B606B88332A600F461828351157E96438552E3476F900DCC","D:\Coding\protuesgen\experiments\ic_pairwise_34_v1_temp_2026_06_10\P401_S16_S27\P401_S16_S27.pdsprj","12308"
"deleted_duplicate_in_experiments","C:\Users\tahab\Downloads\SQU\Project Backups\S27\P418_S17_S27\P418_S17_S27.pdsprj","","6BC4BFCD5502F57EFA09A45A789F62CA1A74331E6518D2475699759E829222BC","D:\Coding\protuesgen\experiments\ic_pairwise_34_v1_temp_2026_06_10\P418_S17_S27\P418_S17_S27.pdsprj","12509"
"deleted_duplicate_in_experiments","C:\Users\tahab\Downloads\SQU\Project Backups\S27\P434_S18_S27\P434_S18_S27.pdsprj","","78D5E09727A9F1C98358414B5CF6CC7AB2B24E28D510A1B751428EE12BE63967","D:\Coding\protuesgen\experiments\ic_pairwise_34_v1_temp_2026_06_10\P434_S18_S27\P434_S18_S27.pdsprj","12327"
"deleted_duplicate_in_experiments","C:\Users\tahab\Downloads\SQU\Project Backups\S27\P449_S19_S27\P449_S19_S27.pdsprj","","D664298382B45D409D5B3A9E484B962EA05DD2059EC36B9475B989B6760B23E4","D:\Coding\protuesgen\experiments\ic_pairwise_34_v1_temp_2026_06_10\P449_S19_S27\P449_S19_S27.pdsprj","12588"
"deleted_duplicate_in_experiments","C:\Users\tahab\Downloads\SQU\Project Backups\S27\P463_S20_S27\P463_S20_S27.pdsprj","","59668E2B808C99B3FF36B2097BEADF37E5A0069B47A01E2CD1EE3E60D47B5964","D:\Coding\protuesgen\experiments\ic_pairwise_34_v1_temp_2026_06_10\P463_S20_S27\P463_S20_S27.pdsprj","12642"
"deleted_duplicate_in_experiments","C:\Users\tahab\Downloads\SQU\Project Backups\S27\P476_S21_S27\P476_S21_S27.pdsprj","","B4E0E6BCD5B055A7016BC439AF936B027ABE1080BF7C2889B241802632DFA8B5","D:\Coding\protuesgen\experiments\ic_pairwise_34_v1_temp_2026_06_10\P476_S21_S27\P476_S21_S27.pdsprj","12511"
"deleted_duplicate_in_experiments","C:\Users\tahab\Downloads\SQU\Project Backups\S27\P488_S22_S27\P488_S22_S27.pdsprj","","6D752D454E9FC41AD6F7215A09C529DCB32F4C01C55DD676D08826E03BC0DC06","D:\Coding\protuesgen\experiments\ic_pairwise_34_v1_temp_2026_06_10\P488_S22_S27\P488_S22_S27.pdsprj","12673"
"deleted_duplicate_in_experiments","C:\Users\tahab\Downloads\SQU\Project Backups\S27\P499_S23_S27\P499_S23_S27.pdsprj","","C74BAC2B6F14E1D7CE5D062DDE241A8FB2EA7A762A4C310C8AC758B0BCE774B3","D:\Coding\protuesgen\experiments\ic_pairwise_34_v1_temp_2026_06_10\P499_S23_S27\P499_S23_S27.pdsprj","12586"
"deleted_duplicate_in_experiments","C:\Users\tahab\Downloads\SQU\Project Backups\S27\P509_S24_S27\P509_S24_S27.pdsprj","","75521E099B0475FB8FCE6DBDEC43F6D77439FE14F03498C04655B5C929AA4F00","D:\Coding\protuesgen\experiments\ic_pairwise_34_v1_temp_2026_06_10\P509_S24_S27\P509_S24_S27.pdsprj","12380"
"deleted_duplicate_in_experiments","C:\Users\tahab\Downloads\SQU\Project Backups\S27\P518_S25_S27\P518_S25_S27.pdsprj","","75D948E650B30FDB2B78E1A87A642E06945C17102D90A78C9902653CB9071B11","D:\Coding\protuesgen\experiments\ic_pairwise_34_v1_temp_2026_06_10\P518_S25_S27\P518_S25_S27.pdsprj","12416"
"deleted_duplicate_in_experiments","C:\Users\tahab\Downloads\SQU\Project Backups\S27\P526_S26_S27\P526_S26_S27.pdsprj","","7529298847FEE324371941DC9D6D79A49ADA456BC774C8AA505A2A37B544F8CF","D:\Coding\protuesgen\experiments\ic_pairwise_34_v1_temp_2026_06_10\P526_S26_S27\P526_S26_S27.pdsprj","12431"
"deleted_duplicate_in_experiments","C:\Users\tahab\Downloads\SQU\Project Backups\S27\P534_S27_S28\P534_S27_S28.pdsprj","","E1352C5A42E16C77EA797EE25D240AFF2F13EA68D494533B2F888898600621A2","D:\Coding\protuesgen\experiments\ic_pairwise_34_v1_temp_2026_06_10\P534_S27_S28\P534_S27_S28.pdsprj","12500"
"deleted_duplicate_in_experiments","C:\Users\tahab\Downloads\SQU\Project Backups\S27\P535_S27_S29\P535_S27_S29.pdsprj","","A6228BDF3D4114EAC53EB5497EDD2DAF550C8E68968A0909F39947A792E610AC","D:\Coding\protuesgen\experiments\ic_pairwise_34_v1_temp_2026_06_10\P535_S27_S29\P535_S27_S29.pdsprj","12576"
"deleted_duplicate_in_experiments","C:\Users\tahab\Downloads\SQU\Project Backups\S27\P536_S27_S30\P536_S27_S30.pdsprj","","1B73A96CBE1EA69494E47FD2AD92C8A57EFEF486102E63071E217FC517D2A163","D:\Coding\protuesgen\experiments\ic_pairwise_34_v1_temp_2026_06_10\P536_S27_S30\P536_S27_S30.pdsprj","12269"
"deleted_duplicate_in_experiments","C:\Users\tahab\Downloads\SQU\Project Backups\S27\P537_S27_S31\P537_S27_S31.pdsprj","","B7A0088EC28A68C99BB7A064CB94E771A4633338764EB1CFF550D5002518CCE7","D:\Coding\protuesgen\experiments\ic_pairwise_34_v1_temp_2026_06_10\P537_S27_S31\P537_S27_S31.pdsprj","12449"
"deleted_duplicate_in_experiments","C:\Users\tahab\Downloads\SQU\Project Backups\S27\P538_S27_S32\P538_S27_S32.pdsprj","","16C4A922560151CAFD3A512BCDA0CB14BF41D0AC4D8795D9FA555A9D8B572511","D:\Coding\protuesgen\experiments\ic_pairwise_34_v1_temp_2026_06_10\P538_S27_S32\P538_S27_S32.pdsprj","12546"
"deleted_duplicate_in_experiments","C:\Users\tahab\Downloads\SQU\Project Backups\S27\P539_S27_S33\P539_S27_S33.pdsprj","","1341E0DD7424AD2D19EE19ED8BE9656E0F67BC414074D357C1FCF62BEF239994","D:\Coding\protuesgen\experiments\ic_pairwise_34_v1_temp_2026_06_10\P539_S27_S33\P539_S27_S33.pdsprj","12882"
"deleted_duplicate_in_experiments","C:\Users\tahab\Downloads\SQU\Project Backups\S27\P540_S27_S34\P540_S27_S34.pdsprj","","1D21EDEE668F375B3A80D6137835871B6D42DE7121C5E65A4598199A59A4AF31","D:\Coding\protuesgen\experiments\ic_pairwise_34_v1_temp_2026_06_10\P540_S27_S34\P540_S27_S34.pdsprj","13572"
"moved_to_manual_import","C:\Users\tahab\Downloads\squence\2_4017.pdsprj","D:\Coding\protuesgen\proteus_ic\donors\manual_downloads_20260611\squence\2_4017.pdsprj","5E1457FF8FC82AFAB73820E218DE85A6EC0A38216ACA1C414865C79C7C6841AA","","12007"
"moved_to_manual_import","C:\Users\tahab\Downloads\squence\2_4020.pdsprj","D:\Coding\protuesgen\proteus_ic\donors\manual_downloads_20260611\squence\2_4020.pdsprj","EA8DA09D3F00ACA874526E073EB4F7C95CB37E4B5F13B4E6EF740E3B752C2EC9","","12036"
"moved_to_manual_import","C:\Users\tahab\Downloads\squence\2_74HC192.pdsprj","D:\Coding\protuesgen\proteus_ic\donors\manual_downloads_20260611\squence\2_74HC192.pdsprj","C75F0DC780E31027BC2181A6A3B575294B2B9F7915264294CB04C5EDA55E0738","","12056"
"moved_to_manual_import","C:\Users\tahab\Downloads\squence\2_74HC193.pdsprj","D:\Coding\protuesgen\proteus_ic\donors\manual_downloads_20260611\squence\2_74HC193.pdsprj","FE236A2D14414E289F6BA358A9AECDB7F4CDF48A6732A06B9B913FDEB5A99BE5","","12073"
"moved_to_manual_import","C:\Users\tahab\Downloads\squence\2_74HC4024.pdsprj","D:\Coding\protuesgen\proteus_ic\donors\manual_downloads_20260611\squence\2_74HC4024.pdsprj","3A612C51673BA91C0B69395BA8E85C528417687D527A071D4EC9B4269F98C094","","11657"
"moved_to_manual_import","C:\Users\tahab\Downloads\squence\4_4017.pdsprj","D:\Coding\protuesgen\proteus_ic\donors\manual_downloads_20260611\squence\4_4017.pdsprj","2BCA2A9937033D5F0B28BA7BF7D4C68E40D59E292A4779A18F6F6B5F4197CD48","","12709"
"moved_to_manual_import","C:\Users\tahab\Downloads\squence\4_4017withRLC.pdsprj","D:\Coding\protuesgen\proteus_ic\donors\manual_downloads_20260611\squence\4_4017withRLC.pdsprj","351642B4179D2198F780A84703A5E1FC229AFA8772C8C347B5FCC02C52C2EB8A","","13930"
"moved_to_manual_import","C:\Users\tahab\Downloads\squence\4_4020.pdsprj","D:\Coding\protuesgen\proteus_ic\donors\manual_downloads_20260611\squence\4_4020.pdsprj","BE604D3123C264C9B380359CB37DAC629AE7ACBE7737D5DDD4A4CB928144AC40","","12806"
"moved_to_manual_import","C:\Users\tahab\Downloads\squence\4_4020withRLC.pdsprj","D:\Coding\protuesgen\proteus_ic\donors\manual_downloads_20260611\squence\4_4020withRLC.pdsprj","72F51B5AF8E49D958F573B8EB613F554A6CF39EE60F4790B345149B7531439AE","","14011"
"moved_to_manual_import","C:\Users\tahab\Downloads\squence\4_74HC192.pdsprj","D:\Coding\protuesgen\proteus_ic\donors\manual_downloads_20260611\squence\4_74HC192.pdsprj","63E6342A6D26C191B7A6DFAEF16F252EF56E592C204C3D988E80B154164063EB","","12827"
"moved_to_manual_import","C:\Users\tahab\Downloads\squence\4_74HC192withRLC.pdsprj","D:\Coding\protuesgen\proteus_ic\donors\manual_downloads_20260611\squence\4_74HC192withRLC.pdsprj","6C336CD221CED0D583F521EF44B46A49DA40BCEFFC36CE505E314F12FE578D6F","","14041"
"moved_to_manual_import","C:\Users\tahab\Downloads\squence\4_74HC193.pdsprj","D:\Coding\protuesgen\proteus_ic\donors\manual_downloads_20260611\squence\4_74HC193.pdsprj","B6E0BDDFFE4144CF439CECBC716953A361CF52C9F0027640DDAD4232BFF741C0","","12849"
"moved_to_manual_import","C:\Users\tahab\Downloads\squence\4_74HC193withRLC.pdsprj","D:\Coding\protuesgen\proteus_ic\donors\manual_downloads_20260611\squence\4_74HC193withRLC.pdsprj","0807D524951BD474247EE1786355C934F456E33E45B2D64DA5A5931F6520F775","","14055"
"moved_to_manual_import","C:\Users\tahab\Downloads\squence\4_74HC4024.pdsprj","D:\Coding\protuesgen\proteus_ic\donors\manual_downloads_20260611\squence\4_74HC4024.pdsprj","7065A42E1279268F290CC8E8B6276EE99526691C78E8AD7E74D5B1EBA55B8C80","","12176"
"moved_to_manual_import","C:\Users\tahab\Downloads\squence\4_74HC4024withRLC.pdsprj","D:\Coding\protuesgen\proteus_ic\donors\manual_downloads_20260611\squence\4_74HC4024withRLC.pdsprj","F531BAA82ECEED5D1EE1199E4D17ADD13A376CDC8B73302C4C4E8BDBB3BAF812","","13397"
"moved_to_manual_import","C:\Users\tahab\Downloads\squence\4017.pdsprj","D:\Coding\protuesgen\proteus_ic\donors\manual_downloads_20260611\squence\4017.pdsprj","1D3BAF55D2CEF2C537EB2DCEAD5A87C964B58D533E8639393F9D90BF0B579F4D","","11679"
"moved_to_manual_import","C:\Users\tahab\Downloads\squence\4020.pdsprj","D:\Coding\protuesgen\proteus_ic\donors\manual_downloads_20260611\squence\4020.pdsprj","C919489E2CE24560B6D8A490AF418C0AADB7A97A30D16C38E9057EC3DD505CBE","","11655"
"moved_to_manual_import","C:\Users\tahab\Downloads\squence\74HC192.pdsprj","D:\Coding\protuesgen\proteus_ic\donors\manual_downloads_20260611\squence\74HC192.pdsprj","827A61BEBE3F0BE06E85B29B61AD0BF516E4DB34811C8902B5F4B3FD1E4054AF","","11670"
"moved_to_manual_import","C:\Users\tahab\Downloads\squence\74HC193.pdsprj","D:\Coding\protuesgen\proteus_ic\donors\manual_downloads_20260611\squence\74HC193.pdsprj","DC79E8ED210FCAD296A2D8BC794D540A8E8CBB9407D27E839B538CF3AB112A00","","11679"
"moved_to_manual_import","C:\Users\tahab\Downloads\squence\74HC4024.pdsprj","D:\Coding\protuesgen\proteus_ic\donors\manual_downloads_20260611\squence\74HC4024.pdsprj","03DC246DE0973CB88A253AC78E7FCEEEB0EB84D8BED53D2D3CBBE53F754558A8","","11421"
"moved_to_manual_import","C:\Users\tahab\Downloads\squence\New folder\2_4518.pdsprj","D:\Coding\protuesgen\proteus_ic\donors\manual_downloads_20260611\squence\New folder\2_4518.pdsprj","65ECBE17702491DD45ED1808272AE443710D53B2F6C2987753991FC15648389D","","11625"
"moved_to_manual_import","C:\Users\tahab\Downloads\squence\New folder\2_74HC4040.pdsprj","D:\Coding\protuesgen\proteus_ic\donors\manual_downloads_20260611\squence\New folder\2_74HC4040.pdsprj","C6A84899250533D6AF3C9E7F64C7585EBC0F0C7911408A072F3F51BD0401D6E0","","11995"
"moved_to_manual_import","C:\Users\tahab\Downloads\squence\New folder\2_74HC4060.pdsprj","D:\Coding\protuesgen\proteus_ic\donors\manual_downloads_20260611\squence\New folder\2_74HC4060.pdsprj","57C2AF269AA7127C76A368B9B13BC6DE907BF41209E2787E36E5C936C1DB3B07","","12067"
"moved_to_manual_import","C:\Users\tahab\Downloads\squence\New folder\2_74HC4520.pdsprj","D:\Coding\protuesgen\proteus_ic\donors\manual_downloads_20260611\squence\New folder\2_74HC4520.pdsprj","AA1BB9053ADFC9D7DB95413712643F5ADD3DA92FD71BCE97D684CE2C5CD64E79","","11667"
"moved_to_manual_import","C:\Users\tahab\Downloads\squence\New folder\4_4518.pdsprj","D:\Coding\protuesgen\proteus_ic\donors\manual_downloads_20260611\squence\New folder\4_4518.pdsprj","C2025E7B0588B4F1E19BCB905FE80CFFF0E3B37DAE24035825C40E04D77481BE","","12005"
"moved_to_manual_import","C:\Users\tahab\Downloads\squence\New folder\4_4518withRLC.pdsprj","D:\Coding\protuesgen\proteus_ic\donors\manual_downloads_20260611\squence\New folder\4_4518withRLC.pdsprj","63EF464F236FECA9A1ED2D8751D7130283AB56743E442B3BA84DFD287D3352F5","","13208"
"moved_to_manual_import","C:\Users\tahab\Downloads\squence\New folder\4_74HC4040.pdsprj","D:\Coding\protuesgen\proteus_ic\donors\manual_downloads_20260611\squence\New folder\4_74HC4040.pdsprj","A91129B27F6D69C1293DE0B2CB2BB8DA61A9F9A8C5AF281CF2B053C4B73D0356","","12714"
"moved_to_manual_import","C:\Users\tahab\Downloads\squence\New folder\4_74HC4040withRLC.pdsprj","D:\Coding\protuesgen\proteus_ic\donors\manual_downloads_20260611\squence\New folder\4_74HC4040withRLC.pdsprj","0AC67BE16B32F31EF3669CD2C369F073C1876791335114037B3E28D5EF96B473","","13929"
"moved_to_manual_import","C:\Users\tahab\Downloads\squence\New folder\4_74HC4060.pdsprj","D:\Coding\protuesgen\proteus_ic\donors\manual_downloads_20260611\squence\New folder\4_74HC4060.pdsprj","C31E80A495AD3EEA20647F5F43A4627D6A0616277C7DF3C69D47753388BDE6C4","","12751"
"moved_to_manual_import","C:\Users\tahab\Downloads\squence\New folder\4_74HC4060withRLC.pdsprj","D:\Coding\protuesgen\proteus_ic\donors\manual_downloads_20260611\squence\New folder\4_74HC4060withRLC.pdsprj","B91B4F505B7661EE6B26BC58B9C1F30324D10F81018F27FA93C64C436889BB74","","13985"
"moved_to_manual_import","C:\Users\tahab\Downloads\squence\New folder\4_74HC4520.pdsprj","D:\Coding\protuesgen\proteus_ic\donors\manual_downloads_20260611\squence\New folder\4_74HC4520.pdsprj","0CAFA62949EA1202E93B88FE9EA4D6F07DEEFF7FBC666D9D841DEB8D71165998","","12033"
"moved_to_manual_import","C:\Users\tahab\Downloads\squence\New folder\4_74HC4520withRLC.pdsprj","D:\Coding\protuesgen\proteus_ic\donors\manual_downloads_20260611\squence\New folder\4_74HC4520withRLC.pdsprj","391DD3A1637B2724DCDC78F5EC5C0D9E561C48522FE03DB5DCF1ADE36EB10CCF","","13245"
"moved_to_manual_import","C:\Users\tahab\Downloads\squence\New folder\4518.pdsprj","D:\Coding\protuesgen\proteus_ic\donors\manual_downloads_20260611\squence\New folder\4518.pdsprj","36A6A903490D90368F2E092589C9038114F19341363B97FFE6FE0CCB289276D6","","11415"
"moved_to_manual_import","C:\Users\tahab\Downloads\squence\New folder\74HC4040.pdsprj","D:\Coding\protuesgen\proteus_ic\donors\manual_downloads_20260611\squence\New folder\74HC4040.pdsprj","81D367E6E6C7DB593C0196077FB1E95404A44E949210DFC28C0F5127F4CBA5CC","","11674"
"moved_to_manual_import","C:\Users\tahab\Downloads\squence\New folder\74HC4060.pdsprj","D:\Coding\protuesgen\proteus_ic\donors\manual_downloads_20260611\squence\New folder\74HC4060.pdsprj","7A2A8B76B56541E3165C9DBD8A103DDABB40B4F1B0371C14C6ECD650B3EA0DB7","","11739"
"moved_to_manual_import","C:\Users\tahab\Downloads\squence\New folder\74HC4520.pdsprj","D:\Coding\protuesgen\proteus_ic\donors\manual_downloads_20260611\squence\New folder\74HC4520.pdsprj","CBFEF34F14D4BC1AB7EA8387E802A40A495995C92C82CB4347C76018FAAD257C","","11481"
"moved_to_manual_import","C:\Users\tahab\Downloads\squence\New folder\New folder\2_4027.pdsprj","D:\Coding\protuesgen\proteus_ic\donors\manual_downloads_20260611\squence\New folder\New folder\2_4027.pdsprj","FE7A4B5BF81A77A512EFA81BE2568A54C74F7FFB932D58FFADFF7E45863E33B9","","12181"
"moved_to_manual_import","C:\Users\tahab\Downloads\squence\New folder\New folder\2_4027withRLC.pdsprj","D:\Coding\protuesgen\proteus_ic\donors\manual_downloads_20260611\squence\New folder\New folder\2_4027withRLC.pdsprj","E4A26E2FBF7DFB2098DF38FC0E1AF6B34352D2C94876344EACC59C97A5654321","","13392"
"moved_to_manual_import","C:\Users\tahab\Downloads\squence\New folder\New folder\2_74HC174.pdsprj","D:\Coding\protuesgen\proteus_ic\donors\manual_downloads_20260611\squence\New folder\New folder\2_74HC174.pdsprj","FEA7BA6D8776E7880A3BFDD28E555176A2DCF183EA1B7E1C322EB2A4179509AF","","12091"
"moved_to_manual_import","C:\Users\tahab\Downloads\squence\New folder\New folder\2_74HC273.pdsprj","D:\Coding\protuesgen\proteus_ic\donors\manual_downloads_20260611\squence\New folder\New folder\2_74HC273.pdsprj","68ED3F0A1A68D08768CC7FECEF5D343771162E319CDA9F80A6234EA665914CB3","","12342"
"moved_to_manual_import","C:\Users\tahab\Downloads\squence\New folder\New folder\2_74HC74.pdsprj","D:\Coding\protuesgen\proteus_ic\donors\manual_downloads_20260611\squence\New folder\New folder\2_74HC74.pdsprj","CCD2A24B6D56788E2BB91DCF3601976D3943C362BA0B08BE310E8181482A9654","","12099"
"moved_to_manual_import","C:\Users\tahab\Downloads\squence\New folder\New folder\2_74HC76.pdsprj","D:\Coding\protuesgen\proteus_ic\donors\manual_downloads_20260611\squence\New folder\New folder\2_74HC76.pdsprj","6350DFD4BECCF1008F5A01F725BE3603D9A691C4F756B5F9D5A0E8807CD95E44","","12259"
"moved_to_manual_import","C:\Users\tahab\Downloads\squence\New folder\New folder\4_74HC174.pdsprj","D:\Coding\protuesgen\proteus_ic\donors\manual_downloads_20260611\squence\New folder\New folder\4_74HC174.pdsprj","791037D9A6FE0BE10C7350D9679EDE813293FC39C1267B43879E3959577ECFA8","","12749"
"moved_to_manual_import","C:\Users\tahab\Downloads\squence\New folder\New folder\4_74HC174withRLC.pdsprj","D:\Coding\protuesgen\proteus_ic\donors\manual_downloads_20260611\squence\New folder\New folder\4_74HC174withRLC.pdsprj","7687741A9D66715AE48C622DC54DABFAF7D57742BF20AAD7BDD1074BC9A80E93","","13974"
"moved_to_manual_import","C:\Users\tahab\Downloads\squence\New folder\New folder\4_74HC273.pdsprj","D:\Coding\protuesgen\proteus_ic\donors\manual_downloads_20260611\squence\New folder\New folder\4_74HC273.pdsprj","2D23C7ED6DD29D5C9A3B8F66B27F3A3D61DCC46D4A5F55CC7FCE2AAB9CCA4490","","13192"
"moved_to_manual_import","C:\Users\tahab\Downloads\squence\New folder\New folder\4_74HC273withRLC.pdsprj","D:\Coding\protuesgen\proteus_ic\donors\manual_downloads_20260611\squence\New folder\New folder\4_74HC273withRLC.pdsprj","8DD127BAA2043A6EECEAE40261F8545B345FF58446E66872B2A6FAF023B1F0F8","","14402"
"moved_to_manual_import","C:\Users\tahab\Downloads\squence\New folder\New folder\4_74HC74.pdsprj","D:\Coding\protuesgen\proteus_ic\donors\manual_downloads_20260611\squence\New folder\New folder\4_74HC74.pdsprj","CB02757F825D0853D82F89AF1EBD637BD98EE0A75D69F2FFAA89E962C1970DCF","","12848"
"moved_to_manual_import","C:\Users\tahab\Downloads\squence\New folder\New folder\4_74HC74withRLC.pdsprj","D:\Coding\protuesgen\proteus_ic\donors\manual_downloads_20260611\squence\New folder\New folder\4_74HC74withRLC.pdsprj","73C723B0F387B8B3E1DC2CF826BDC91786B0881273D8826388955100EDF279D5","","14069"
"moved_to_manual_import","C:\Users\tahab\Downloads\squence\New folder\New folder\4_74HC76.pdsprj","D:\Coding\protuesgen\proteus_ic\donors\manual_downloads_20260611\squence\New folder\New folder\4_74HC76.pdsprj","FB02D001AA35132DB9D2F490AE325E8C6D3B1B837EC6198B18674691A450A02B","","13150"
"moved_to_manual_import","C:\Users\tahab\Downloads\squence\New folder\New folder\4_74HC76withRLC.pdsprj","D:\Coding\protuesgen\proteus_ic\donors\manual_downloads_20260611\squence\New folder\New folder\4_74HC76withRLC.pdsprj","4CA841EE42DEF0E54D029697680EF8E15B292BAAE28CE9A0821A57E33C7E75F6","","14372"
"moved_to_manual_import","C:\Users\tahab\Downloads\squence\New folder\New folder\4027.pdsprj","D:\Coding\protuesgen\proteus_ic\donors\manual_downloads_20260611\squence\New folder\New folder\4027.pdsprj","360D9647A4A6A018642EFB714AC7D11FA348F202C19837EF088E51C2D55F6E19","","11777"
"moved_to_manual_import","C:\Users\tahab\Downloads\squence\New folder\New folder\74HC174.pdsprj","D:\Coding\protuesgen\proteus_ic\donors\manual_downloads_20260611\squence\New folder\New folder\74HC174.pdsprj","FD46EDA59A72CC398DA287A6491AF33349C1111CDE465C509325B1CA34775B50","","11708"
"moved_to_manual_import","C:\Users\tahab\Downloads\squence\New folder\New folder\74HC273.pdsprj","D:\Coding\protuesgen\proteus_ic\donors\manual_downloads_20260611\squence\New folder\New folder\74HC273.pdsprj","971775A26E8A624ADB3AB3ABE544B39B6191348A1295769F1B60692DEADC3161","","11938"
"moved_to_manual_import","C:\Users\tahab\Downloads\squence\New folder\New folder\74HC74.pdsprj","D:\Coding\protuesgen\proteus_ic\donors\manual_downloads_20260611\squence\New folder\New folder\74HC74.pdsprj","4586A951BBFD986C6C10E629D0A6AE8E1723A50139CDEBF10FB6D383C2EE07CC","","11727"
"moved_to_manual_import","C:\Users\tahab\Downloads\squence\New folder\New folder\74HC76.pdsprj","D:\Coding\protuesgen\proteus_ic\donors\manual_downloads_20260611\squence\New folder\New folder\74HC76.pdsprj","11BDD4B0EC440ED0B49AAB82606C1B5F55A3D3B30A74ACD63290F4733840B6A8","","11756"
"moved_to_manual_import","C:\Users\tahab\Downloads\squence\New folder\New folder\New folder\2_74HC157.pdsprj","D:\Coding\protuesgen\proteus_ic\donors\manual_downloads_20260611\squence\New folder\New folder\New folder\2_74HC157.pdsprj","A2DE9667333FDD76C53E1C4BB75A250F8041A760A50E7D4FE9B3414C854EDDAF","","12053"
"moved_to_manual_import","C:\Users\tahab\Downloads\squence\New folder\New folder\New folder\2_74HC165.pdsprj","D:\Coding\protuesgen\proteus_ic\donors\manual_downloads_20260611\squence\New folder\New folder\New folder\2_74HC165.pdsprj","EA35D3BC48B3ABFE6395CB9B1072648BBBBC91E16E3BE4FB7A4AEEFDCA6ACA28","","12156"
"moved_to_manual_import","C:\Users\tahab\Downloads\squence\New folder\New folder\New folder\2_74HC283.pdsprj","D:\Coding\protuesgen\proteus_ic\donors\manual_downloads_20260611\squence\New folder\New folder\New folder\2_74HC283.pdsprj","5CE8F8D735F4854812630BD5EE784B14A2F6FFC6993FDFED05E816981D311883","","12049"
"moved_to_manual_import","C:\Users\tahab\Downloads\squence\New folder\New folder\New folder\2_74HC47.pdsprj","D:\Coding\protuesgen\proteus_ic\donors\manual_downloads_20260611\squence\New folder\New folder\New folder\2_74HC47.pdsprj","E3F5DBF8F1E00884749D1F2CADFF6ADCD7A6861D8E8D1EECE77049846A4BC3EB","","12033"
"moved_to_manual_import","C:\Users\tahab\Downloads\squence\New folder\New folder\New folder\2_74HC595.pdsprj","D:\Coding\protuesgen\proteus_ic\donors\manual_downloads_20260611\squence\New folder\New folder\New folder\2_74HC595.pdsprj","27432D72CC27F21242D5A43A833D3DF34D217287A863BB744709909B5592FB89","","12133"
"moved_to_manual_import","C:\Users\tahab\Downloads\squence\New folder\New folder\New folder\2_74HC85.pdsprj","D:\Coding\protuesgen\proteus_ic\donors\manual_downloads_20260611\squence\New folder\New folder\New folder\2_74HC85.pdsprj","8819279E3615F48603AB4D9CF5E13A56FEA7E6A9D059171B1C88F6F59E258427","","11974"
"moved_to_manual_import","C:\Users\tahab\Downloads\squence\New folder\New folder\New folder\4_74HC157.pdsprj","D:\Coding\protuesgen\proteus_ic\donors\manual_downloads_20260611\squence\New folder\New folder\New folder\4_74HC157.pdsprj","E1B99AEA2B945647AC389DEE8F5A0BCBB950018F0C9A68541560B6CEFC610461","","12773"
"moved_to_manual_import","C:\Users\tahab\Downloads\squence\New folder\New folder\New folder\4_74HC157withRLC.pdsprj","D:\Coding\protuesgen\proteus_ic\donors\manual_downloads_20260611\squence\New folder\New folder\New folder\4_74HC157withRLC.pdsprj","7919643786E9494A5B59FB1DF36363E740185971EE94831EF10FBA412EE62C47","","13959"
"moved_to_manual_import","C:\Users\tahab\Downloads\squence\New folder\New folder\New folder\4_74HC165.pdsprj","D:\Coding\protuesgen\proteus_ic\donors\manual_downloads_20260611\squence\New folder\New folder\New folder\4_74HC165.pdsprj","F66998B879260C4FECA528FA0E89A9E56D0220B741FB955C47A9EA010FDC9830","","12876"
"moved_to_manual_import","C:\Users\tahab\Downloads\squence\New folder\New folder\New folder\4_74HC165withRLC.pdsprj","D:\Coding\protuesgen\proteus_ic\donors\manual_downloads_20260611\squence\New folder\New folder\New folder\4_74HC165withRLC.pdsprj","DAC163B061EE24DD8AC401CA956F0AD596613B07CA70CAFA53A71B27AEA92FFB","","14098"
"moved_to_manual_import","C:\Users\tahab\Downloads\squence\New folder\New folder\New folder\4_74HC283.pdsprj","D:\Coding\protuesgen\proteus_ic\donors\manual_downloads_20260611\squence\New folder\New folder\New folder\4_74HC283.pdsprj","0940C3F705CE272E4320606D8254BA818286C92E23689DAD2B6620A0D5E10708","","12743"
"moved_to_manual_import","C:\Users\tahab\Downloads\squence\New folder\New folder\New folder\4_74HC283withRLC.pdsprj","D:\Coding\protuesgen\proteus_ic\donors\manual_downloads_20260611\squence\New folder\New folder\New folder\4_74HC283withRLC.pdsprj","EE569C2295EE316D60194077E438242398B3D98370246D3B807E702B5B6E79C9","","13962"
"moved_to_manual_import","C:\Users\tahab\Downloads\squence\New folder\New folder\New folder\4_74HC47.pdsprj","D:\Coding\protuesgen\proteus_ic\donors\manual_downloads_20260611\squence\New folder\New folder\New folder\4_74HC47.pdsprj","9A100A99A2FC5867ABBAF16B381B8E6BC66ED708144517AEADA25FBC36503513","","12729"
"moved_to_manual_import","C:\Users\tahab\Downloads\squence\New folder\New folder\New folder\4_74HC47withRLC.pdsprj","D:\Coding\protuesgen\proteus_ic\donors\manual_downloads_20260611\squence\New folder\New folder\New folder\4_74HC47withRLC.pdsprj","8603B979C5F3D87C10AC5A47BD9F13853869EB241C6772375785C9B02463029A","","13913"
"moved_to_manual_import","C:\Users\tahab\Downloads\squence\New folder\New folder\New folder\4_74HC595.pdsprj","D:\Coding\protuesgen\proteus_ic\donors\manual_downloads_20260611\squence\New folder\New folder\New folder\4_74HC595.pdsprj","87C2C4BEB86CF12E89C6F26FAAB1547BC39BADC5F7634FF2F4FBE29107A9E5A3","","12849"
"moved_to_manual_import","C:\Users\tahab\Downloads\squence\New folder\New folder\New folder\4_74HC595withRLC.pdsprj","D:\Coding\protuesgen\proteus_ic\donors\manual_downloads_20260611\squence\New folder\New folder\New folder\4_74HC595withRLC.pdsprj","EEEF876A21634328CA87B9E9FA99E81CC91729FB63B40B4EBD3D3CB1D51454AE","","14040"
"moved_to_manual_import","C:\Users\tahab\Downloads\squence\New folder\New folder\New folder\4_74HC85.pdsprj","D:\Coding\protuesgen\proteus_ic\donors\manual_downloads_20260611\squence\New folder\New folder\New folder\4_74HC85.pdsprj","57E19A665970E60685CC7B21659B576F3395D75E8ECB521F59BCD1675A7B1BA4","","12689"
"moved_to_manual_import","C:\Users\tahab\Downloads\squence\New folder\New folder\New folder\4_74HC85withRLC.pdsprj","D:\Coding\protuesgen\proteus_ic\donors\manual_downloads_20260611\squence\New folder\New folder\New folder\4_74HC85withRLC.pdsprj","1F45A3D24A9BC18B3B30AA03BB9F1343C34DFEBA49F298D5C9DA1352AB9506E8","","13900"
"moved_to_manual_import","C:\Users\tahab\Downloads\squence\New folder\New folder\New folder\74HC157.pdsprj","D:\Coding\protuesgen\proteus_ic\donors\manual_downloads_20260611\squence\New folder\New folder\New folder\74HC157.pdsprj","53079EE0939B2782C8789A6CA63DD4D3BCAC8B25BD9C0EF5266681AEC698EC34","","11726"
"moved_to_manual_import","C:\Users\tahab\Downloads\squence\New folder\New folder\New folder\74HC165.pdsprj","D:\Coding\protuesgen\proteus_ic\donors\manual_downloads_20260611\squence\New folder\New folder\New folder\74HC165.pdsprj","54F9960BBC855536F5492B380382DD3D65A53F2B6EB6E82B84761C90F6794E76","","11770"
"moved_to_manual_import","C:\Users\tahab\Downloads\squence\New folder\New folder\New folder\74HC283.pdsprj","D:\Coding\protuesgen\proteus_ic\donors\manual_downloads_20260611\squence\New folder\New folder\New folder\74HC283.pdsprj","B4A233E513C9EE4867C748544BD1688AF6B26DBF911B0CFEB1744421F9E2AA10","","11662"
"moved_to_manual_import","C:\Users\tahab\Downloads\squence\New folder\New folder\New folder\74HC47.pdsprj","D:\Coding\protuesgen\proteus_ic\donors\manual_downloads_20260611\squence\New folder\New folder\New folder\74HC47.pdsprj","76370FCD05EF4B8E93B6E0D0C13E19E51BE048BBE8DE09B644C4D851625038ED","","11700"
"moved_to_manual_import","C:\Users\tahab\Downloads\squence\New folder\New folder\New folder\74HC595.pdsprj","D:\Coding\protuesgen\proteus_ic\donors\manual_downloads_20260611\squence\New folder\New folder\New folder\74HC595.pdsprj","B56F0A43CFA880C14C10E20A25BF04069D5EA442F8E5E5135D7B1EBEF52AC2FE","","11747"
"moved_to_manual_import","C:\Users\tahab\Downloads\squence\New folder\New folder\New folder\74HC85.pdsprj","D:\Coding\protuesgen\proteus_ic\donors\manual_downloads_20260611\squence\New folder\New folder\New folder\74HC85.pdsprj","6BE3849BF14CCFEAC0F715561F6A25A1CFB10A8C3DDCC496E2355F2B4F2C1FF7","","11646"
"moved_to_manual_import","C:\Users\tahab\Downloads\squence\New folder\New folder\New folder\Project Backups\4_74HC165withRLC [Autosaved].pdsprj","D:\Coding\protuesgen\proteus_ic\donors\manual_downloads_20260611\squence\New folder\New folder\New folder\Project Backups\4_74HC165withRLC [Autosaved].pdsprj","66C59EB3940EC03246E68F0788D4BB28DC2F67DEA4D8968BD0E73E95DF0CC700","","11711"
"moved_to_manual_import","C:\Users\tahab\Downloads\squence\New folder\New folder\New folder\Project Backups\4_74HC47withRLC [Autosaved].pdsprj","D:\Coding\protuesgen\proteus_ic\donors\manual_downloads_20260611\squence\New folder\New folder\New folder\Project Backups\4_74HC47withRLC [Autosaved].pdsprj","2BCD89D3746FB4A62D02120979A1AEDC8F302B3596ED8B055789DED6B41E53F1","","11762"
"moved_to_manual_import","C:\Users\tahab\Downloads\squence\New folder\New folder\Project Backups\4_74HC174withRLC [Autosaved].pdsprj","D:\Coding\protuesgen\proteus_ic\donors\manual_downloads_20260611\squence\New folder\New folder\Project Backups\4_74HC174withRLC [Autosaved].pdsprj","AD61D2BD6CF65486BE4DFED942529D08FF6C39B71418689EB125DCF685B0E97B","","11194"
"moved_to_manual_import","C:\Users\tahab\Downloads\squence\New folder\New folder\Project Backups\4_74HC74withRLC [Autosaved].pdsprj","D:\Coding\protuesgen\proteus_ic\donors\manual_downloads_20260611\squence\New folder\New folder\Project Backups\4_74HC74withRLC [Autosaved].pdsprj","E0882240316953B4E199B077A0DEE17658C61308228057E238FA82C283922082","","11813"
"moved_to_manual_import","C:\Users\tahab\Downloads\squence\New folder\New folder\Project Backups\4_74HC76withRLC [Autosaved].pdsprj","D:\Coding\protuesgen\proteus_ic\donors\manual_downloads_20260611\squence\New folder\New folder\Project Backups\4_74HC76withRLC [Autosaved].pdsprj","F90E0DB537823297404DA9FBBA8EF313A1260ECF7489E8D1546836FD072723D6","","11283"
"moved_to_manual_import","C:\Users\tahab\Downloads\squence\New folder\New folder\Project Backups\4027 [20260609, 04-00-21].pdsprj","D:\Coding\protuesgen\proteus_ic\donors\manual_downloads_20260611\squence\New folder\New folder\Project Backups\4027 [20260609, 04-00-21].pdsprj","0386B89F3CC26E92C6D64C5BB2F29B41B856F6FD9D1613E3AA2E9C3027763278","","11557"
"moved_to_manual_import","C:\Users\tahab\Downloads\squence\New folder\Project Backups\2_74HC4060 [20260610, 18-27-33].pdsprj","D:\Coding\protuesgen\proteus_ic\donors\manual_downloads_20260611\squence\New folder\Project Backups\2_74HC4060 [20260610, 18-27-33].pdsprj","3FBD314FB02042B9E949B1987842956355B4A966E69176A4FD45CC0FE11FF80C","","11988"
"moved_to_manual_import","C:\Users\tahab\Downloads\squence\New folder\Project Backups\2_74HC4520 [20260610, 18-50-09].pdsprj","D:\Coding\protuesgen\proteus_ic\donors\manual_downloads_20260611\squence\New folder\Project Backups\2_74HC4520 [20260610, 18-50-09].pdsprj","BC67FBCCBE1293F647553678B2FDF9E1027B77579DE9BFEFEAC05017809F5EA8","","11566"
"moved_to_manual_import","C:\Users\tahab\Downloads\squence\New folder\Project Backups\2_74HC4520 [20260610, 18-50-10].pdsprj","D:\Coding\protuesgen\proteus_ic\donors\manual_downloads_20260611\squence\New folder\Project Backups\2_74HC4520 [20260610, 18-50-10].pdsprj","AA1BB9053ADFC9D7DB95413712643F5ADD3DA92FD71BCE97D684CE2C5CD64E79","","11667"
"moved_to_manual_import","C:\Users\tahab\Downloads\squence\New folder\Project Backups\4_74HC4060 [20260610, 18-28-30].pdsprj","D:\Coding\protuesgen\proteus_ic\donors\manual_downloads_20260611\squence\New folder\Project Backups\4_74HC4060 [20260610, 18-28-30].pdsprj","7FB047CBB5553EFBD646BF59384CA753BBD31DFED3E3330D046D873E7965D9F1","","12667"
"moved_to_manual_import","C:\Users\tahab\Downloads\squence\New folder\Project Backups\4_74HC4060withRLC [20260610, 18-29-16].pdsprj","D:\Coding\protuesgen\proteus_ic\donors\manual_downloads_20260611\squence\New folder\Project Backups\4_74HC4060withRLC [20260610, 18-29-16].pdsprj","945BB40A6B292156B37CDB4053B8FFCCD2B857A6A818E911DE7A4AD19DF1A35D","","13986"
"moved_to_manual_import","C:\Users\tahab\Downloads\squence\New folder\Project Backups\4_74HC4060withRLC [20260610, 18-29-17].pdsprj","D:\Coding\protuesgen\proteus_ic\donors\manual_downloads_20260611\squence\New folder\Project Backups\4_74HC4060withRLC [20260610, 18-29-17].pdsprj","8F9310684B009A1CA5B99AF93058CBAF22F62B61BC36AEB92B90B9C925A1952F","","13985"
"moved_to_manual_import","C:\Users\tahab\Downloads\squence\New folder\Project Backups\4_74HC4060withRLC [20260610, 18-29-18].pdsprj","D:\Coding\protuesgen\proteus_ic\donors\manual_downloads_20260611\squence\New folder\Project Backups\4_74HC4060withRLC [20260610, 18-29-18].pdsprj","8D2BAF03B16CFDD41750017DD4236F425F40A6FDB5B3F90468DCE018FDD51B8C","","13985"
"moved_to_manual_import","C:\Users\tahab\Downloads\squence\New folder\Project Backups\4_74HC4060withRLC [20260610, 18-29-19].pdsprj","D:\Coding\protuesgen\proteus_ic\donors\manual_downloads_20260611\squence\New folder\Project Backups\4_74HC4060withRLC [20260610, 18-29-19].pdsprj","C5AF845B266F04052D304F15EDDDCEDDE905DEFAAD1DA81BE46A39F2526FF0E7","","13986"
"moved_to_manual_import","C:\Users\tahab\Downloads\squence\New folder\Project Backups\4_74HC4060withRLC [20260610, 18-29-20].pdsprj","D:\Coding\protuesgen\proteus_ic\donors\manual_downloads_20260611\squence\New folder\Project Backups\4_74HC4060withRLC [20260610, 18-29-20].pdsprj","B91B4F505B7661EE6B26BC58B9C1F30324D10F81018F27FA93C64C436889BB74","","13985"
"moved_to_manual_import","C:\Users\tahab\Downloads\squence\New folder\Project Backups\4_74HC4520 [20260610, 18-50-51].pdsprj","D:\Coding\protuesgen\proteus_ic\donors\manual_downloads_20260611\squence\New folder\Project Backups\4_74HC4520 [20260610, 18-50-51].pdsprj","9924C8E2DF0D88311544FF32D92BA4A0D7CBB8712B881D3001E832F0F112214E","","12033"
"moved_to_manual_import","C:\Users\tahab\Downloads\squence\New folder\Project Backups\4_74HC4520 [20260610, 18-50-52].pdsprj","D:\Coding\protuesgen\proteus_ic\donors\manual_downloads_20260611\squence\New folder\Project Backups\4_74HC4520 [20260610, 18-50-52].pdsprj","0816082C108EFD5303B955AB64E69F8F35F3D1B20A0D31F4458DA51D4D7562E9","","12033"
"moved_to_manual_import","C:\Users\tahab\Downloads\squence\New folder\Project Backups\4_74HC4520 [20260610, 18-50-53].pdsprj","D:\Coding\protuesgen\proteus_ic\donors\manual_downloads_20260611\squence\New folder\Project Backups\4_74HC4520 [20260610, 18-50-53].pdsprj","83BF9E8BEF65915B5F04C23D2757B678170A842F05912B0591140FB502F42D61","","12034"
"moved_to_manual_import","C:\Users\tahab\Downloads\squence\New folder\Project Backups\4_74HC4520withRLC [20260610, 18-51-34].pdsprj","D:\Coding\protuesgen\proteus_ic\donors\manual_downloads_20260611\squence\New folder\Project Backups\4_74HC4520withRLC [20260610, 18-51-34].pdsprj","391DD3A1637B2724DCDC78F5EC5C0D9E561C48522FE03DB5DCF1ADE36EB10CCF","","13245"
"moved_to_manual_import","C:\Users\tahab\Downloads\squence\New folder\Project Backups\74HC4060 [20260610, 18-26-28].pdsprj","D:\Coding\protuesgen\proteus_ic\donors\manual_downloads_20260611\squence\New folder\Project Backups\74HC4060 [20260610, 18-26-28].pdsprj","747629376C3894F1BD62F830A6E3E4AFBA8FD926D28EE09832239A63D237500F","","11658"
"moved_to_manual_import","C:\Users\tahab\Downloads\squence\New folder\Project Backups\74HC4060 [Autosaved].pdsprj","D:\Coding\protuesgen\proteus_ic\donors\manual_downloads_20260611\squence\New folder\Project Backups\74HC4060 [Autosaved].pdsprj","263480E26A66B82390A614478FFB888E22BABF4F51CBA136B6F402D9CC5E3F2E","","12050"
"moved_to_manual_import","C:\Users\tahab\Downloads\squence\New folder\Project Backups\74HC4520 [20260610, 18-49-22].pdsprj","D:\Coding\protuesgen\proteus_ic\donors\manual_downloads_20260611\squence\New folder\Project Backups\74HC4520 [20260610, 18-49-22].pdsprj","BC87DE907CA2F883F8B774641794C72AC00F5F71C758B018F3D52E529F17E163","","11350"
"moved_to_manual_import","C:\Users\tahab\Downloads\squence\Project Backups\4_4020withRLC [Autosaved].pdsprj","D:\Coding\protuesgen\proteus_ic\donors\manual_downloads_20260611\squence\Project Backups\4_4020withRLC [Autosaved].pdsprj","74B5FD51B944860F7901E377768C6DD8B2B377A94E2541022E06EE6DB84BAF39","","11693"
"moved_to_manual_import","C:\Users\tahab\Downloads\squence\Project Backups\4_74HC193withRLC [Autosaved].pdsprj","D:\Coding\protuesgen\proteus_ic\donors\manual_downloads_20260611\squence\Project Backups\4_74HC193withRLC [Autosaved].pdsprj","AEA66316F98298C7C461588E5A8D6DDA38F2FF97FDCB4A0CC4BF50F9907A556D","","11414"
"moved_to_manual_import","C:\Users\tahab\Downloads\squence\Project Backups\4_74HC4024withRLC [Autosaved].pdsprj","D:\Coding\protuesgen\proteus_ic\donors\manual_downloads_20260611\squence\Project Backups\4_74HC4024withRLC [Autosaved].pdsprj","A1700B383D5BCC85C188237F1A6121C1F73A9DC6B69FBFA46B35E0BDCE253736","","11598"
