original_path,local_path,sha256,classification,purpose,retention_reason,ignore_rule
local-only infrastructure,.codex_pytest_hc266_1x/,DIRECTORY_NOT_HASHED,Reproducible local infrastructure,"local virtual environment, cache, build output, or package metadata",recursively retained on disk and explicitly excluded from Git,precise root .gitignore directory rule
local-only infrastructure,.codex_pytest_hc266_scale/,DIRECTORY_NOT_HASHED,Reproducible local infrastructure,"local virtual environment, cache, build output, or package metadata",recursively retained on disk and explicitly excluded from Git,precise root .gitignore directory rule
local-only infrastructure,.codex_pytest_hc266_twopin/,DIRECTORY_NOT_HASHED,Reproducible local infrastructure,"local virtual environment, cache, build output, or package metadata",recursively retained on disk and explicitly excluded from Git,precise root .gitignore directory rule
local-only infrastructure,.codex_pytest_hc266_twopin_scale/,DIRECTORY_NOT_HASHED,Reproducible local infrastructure,"local virtual environment, cache, build output, or package metadata",recursively retained on disk and explicitly excluded from Git,precise root .gitignore directory rule
local-only infrastructure,.codex_pytest_hc86_scale/,DIRECTORY_NOT_HASHED,Reproducible local infrastructure,"local virtual environment, cache, build output, or package metadata",recursively retained on disk and explicitly excluded from Git,precise root .gitignore directory rule
local-only infrastructure,.codex_pytest_hc86_twopin_scale/,DIRECTORY_NOT_HASHED,Reproducible local infrastructure,"local virtual environment, cache, build output, or package metadata",recursively retained on disk and explicitly excluded from Git,precise root .gitignore directory rule
local-only infrastructure,.codex_tmp/,DIRECTORY_NOT_HASHED,Reproducible local infrastructure,"local virtual environment, cache, build output, or package metadata",recursively retained on disk and explicitly excluded from Git,precise root .gitignore directory rule
local-only infrastructure,.pytest_cache/,DIRECTORY_NOT_HASHED,Reproducible local infrastructure,"local virtual environment, cache, build output, or package metadata",recursively retained on disk and explicitly excluded from Git,precise root .gitignore directory rule
local-only infrastructure,.pytest_tmp/,DIRECTORY_NOT_HASHED,Reproducible local infrastructure,"local virtual environment, cache, build output, or package metadata",recursively retained on disk and explicitly excluded from Git,precise root .gitignore directory rule
local-only infrastructure,.pytest_tmp_executable_final/,DIRECTORY_NOT_HASHED,Reproducible local infrastructure,"local virtual environment, cache, build output, or package metadata",recursively retained on disk and explicitly excluded from Git,precise root .gitignore directory rule
local-only infrastructure,.pytest_tmp_full/,DIRECTORY_NOT_HASHED,Reproducible local infrastructure,"local virtual environment, cache, build output, or package metadata",recursively retained on disk and explicitly excluded from Git,precise root .gitignore directory rule
local-only infrastructure,.pytest_tmp_proteus_app/,DIRECTORY_NOT_HASHED,Reproducible local infrastructure,"local virtual environment, cache, build output, or package metadata",recursively retained on disk and explicitly excluded from Git,precise root .gitignore directory rule
local-only infrastructure,.pytest_tmp_proteus_app_final/,DIRECTORY_NOT_HASHED,Reproducible local infrastructure,"local virtual environment, cache, build output, or package metadata",recursively retained on disk and explicitly excluded from Git,precise root .gitignore directory rule
local-only infrastructure,.pytest_tmp_reorg_catalogue_first_fail/,DIRECTORY_NOT_HASHED,Reproducible local infrastructure,"local virtual environment, cache, build output, or package metadata",recursively retained on disk and explicitly excluded from Git,precise root .gitignore directory rule
local-only infrastructure,.pytest_tmp_reorg_catalogue_placer_after_policy/,DIRECTORY_NOT_HASHED,Reproducible local infrastructure,"local virtual environment, cache, build output, or package metadata",recursively retained on disk and explicitly excluded from Git,precise root .gitignore directory rule
local-only infrastructure,.pytest_tmp_reorg_catalogue_second_pass/,DIRECTORY_NOT_HASHED,Reproducible local infrastructure,"local virtual environment, cache, build output, or package metadata",recursively retained on disk and explicitly excluded from Git,precise root .gitignore directory rule
local-only infrastructure,.pytest_tmp_reorg_focus_after_path/,DIRECTORY_NOT_HASHED,Reproducible local infrastructure,"local virtual environment, cache, build output, or package metadata",recursively retained on disk and explicitly excluded from Git,precise root .gitignore directory rule
local-only infrastructure,.pytest_tmp_reorg_focus_failures/,DIRECTORY_NOT_HASHED,Reproducible local infrastructure,"local virtual environment, cache, build output, or package metadata",recursively retained on disk and explicitly excluded from Git,precise root .gitignore directory rule
local-only infrastructure,.pytest_tmp_reorg_full/,DIRECTORY_NOT_HASHED,Reproducible local infrastructure,"local virtual environment, cache, build output, or package metadata",recursively retained on disk and explicitly excluded from Git,precise root .gitignore directory rule
local-only infrastructure,.pytest_tmp_reorg_full_after_runner_rebase/,DIRECTORY_NOT_HASHED,Reproducible local infrastructure,"local virtual environment, cache, build output, or package metadata",recursively retained on disk and explicitly excluded from Git,precise root .gitignore directory rule
local-only infrastructure,.pytest_tmp_reorg_full_final/,DIRECTORY_NOT_HASHED,Reproducible local infrastructure,"local virtual environment, cache, build output, or package metadata",recursively retained on disk and explicitly excluded from Git,precise root .gitignore directory rule
local-only infrastructure,.pytest_tmp_reorg_placer_first_pass/,DIRECTORY_NOT_HASHED,Reproducible local infrastructure,"local virtual environment, cache, build output, or package metadata",recursively retained on disk and explicitly excluded from Git,precise root .gitignore directory rule
local-only infrastructure,.pytest_tmp_reorg_placer_full/,DIRECTORY_NOT_HASHED,Reproducible local infrastructure,"local virtual environment, cache, build output, or package metadata",recursively retained on disk and explicitly excluded from Git,precise root .gitignore directory rule
local-only infrastructure,.pytest_tmp_reorg_remaining_component_placer/,DIRECTORY_NOT_HASHED,Reproducible local infrastructure,"local virtual environment, cache, build output, or package metadata",recursively retained on disk and explicitly excluded from Git,precise root .gitignore directory rule
local-only infrastructure,.pytest_tmp_reorg_runner_groups/,DIRECTORY_NOT_HASHED,Reproducible local infrastructure,"local virtual environment, cache, build output, or package metadata",recursively retained on disk and explicitly excluded from Git,precise root .gitignore directory rule
local-only infrastructure,.pytest_tmp_reorg_runner_groups2/,DIRECTORY_NOT_HASHED,Reproducible local infrastructure,"local virtual environment, cache, build output, or package metadata",recursively retained on disk and explicitly excluded from Git,precise root .gitignore directory rule
local-only infrastructure,.pytest_tmp_reorg_runner_smoke/,DIRECTORY_NOT_HASHED,Reproducible local infrastructure,"local virtual environment, cache, build output, or package metadata",recursively retained on disk and explicitly excluded from Git,precise root .gitignore directory rule
local-only infrastructure,.pytest_tmp_reorg_validation/,DIRECTORY_NOT_HASHED,Reproducible local infrastructure,"local virtual environment, cache, build output, or package metadata",recursively retained on disk and explicitly excluded from Git,precise root .gitignore directory rule
local-only infrastructure,.pytest_tmp_value_placer_final/,DIRECTORY_NOT_HASHED,Reproducible local infrastructure,"local virtual environment, cache, build output, or package metadata",recursively retained on disk and explicitly excluded from Git,precise root .gitignore directory rule
local-only infrastructure,.pytest_tmp_value_properties_20260716/,DIRECTORY_NOT_HASHED,Reproducible local infrastructure,"local virtual environment, cache, build output, or package metadata",recursively retained on disk and explicitly excluded from Git,precise root .gitignore directory rule
local-only infrastructure,.pytest_tmp_value_properties_exe/,DIRECTORY_NOT_HASHED,Reproducible local infrastructure,"local virtual environment, cache, build output, or package metadata",recursively retained on disk and explicitly excluded from Git,precise root .gitignore directory rule
local-only infrastructure,.pytest_tmp_value_properties_exe_final/,DIRECTORY_NOT_HASHED,Reproducible local infrastructure,"local virtual environment, cache, build output, or package metadata",recursively retained on disk and explicitly excluded from Git,precise root .gitignore directory rule
local-only infrastructure,.pytest_tmp_value_properties_final/,DIRECTORY_NOT_HASHED,Reproducible local infrastructure,"local virtual environment, cache, build output, or package metadata",recursively retained on disk and explicitly excluded from Git,precise root .gitignore directory rule
local-only infrastructure,.pytest_tmp_value_properties_final2/,DIRECTORY_NOT_HASHED,Reproducible local infrastructure,"local virtual environment, cache, build output, or package metadata",recursively retained on disk and explicitly excluded from Git,precise root .gitignore directory rule
local-only infrastructure,.test-install/,DIRECTORY_NOT_HASHED,Reproducible local infrastructure,"local virtual environment, cache, build output, or package metadata",recursively retained on disk and explicitly excluded from Git,precise root .gitignore directory rule
local-only infrastructure,.venv/,DIRECTORY_NOT_HASHED,Reproducible local infrastructure,"local virtual environment, cache, build output, or package metadata",recursively retained on disk and explicitly excluded from Git,precise root .gitignore directory rule
local-only infrastructure,build/,DIRECTORY_NOT_HASHED,Reproducible local infrastructure,"local virtual environment, cache, build output, or package metadata",recursively retained on disk and explicitly excluded from Git,precise root .gitignore directory rule
local-only infrastructure,out/,DIRECTORY_NOT_HASHED,Reproducible local infrastructure,"local virtual environment, cache, build output, or package metadata",recursively retained on disk and explicitly excluded from Git,precise root .gitignore directory rule
local-only infrastructure,proteusgen.egg-info/,DIRECTORY_NOT_HASHED,Reproducible local infrastructure,"local virtual environment, cache, build output, or package metadata",recursively retained on disk and explicitly excluded from Git,precise root .gitignore directory rule
examples/Project Backups/circuit_output (1) [Autosaved].pdsprj,examples/Project Backups/circuit_output (1) [Autosaved].pdsprj,95ac4d1442f08f900cf6bf56815f6ef0996ed760c9cdb6b4ed7df1f979fb485d,Proteus application backup,local-only reproducible infrastructure or disposable Proteus state,"preserved on disk, explicitly excluded from Git",**/Project Backups/
examples/circuit_output (1).pdsprj.M_TAHABINZAEEM.tahab.workspace,examples/circuit_output (1).pdsprj.M_TAHABINZAEEM.tahab.workspace,360bda6b928c61da82fc6a0f67572897844530282075b16c3a9619f156d9f240,Proteus workspace sidecar,local-only reproducible infrastructure or disposable Proteus state,"preserved on disk, explicitly excluded from Git",*.workspace
examples/circuit_output (2).pdsprj.M_TAHABINZAEEM.tahab.workspace,examples/circuit_output (2).pdsprj.M_TAHABINZAEEM.tahab.workspace,3184883615fc92557ef120eb2ad234a524f6dce2340224cd247853366229f60f,Proteus workspace sidecar,local-only reproducible infrastructure or disposable Proteus state,"preserved on disk, explicitly excluded from Git",*.workspace
examples/circuit_output (3).pdsprj.M_TAHABINZAEEM.tahab.workspace,examples/circuit_output (3).pdsprj.M_TAHABINZAEEM.tahab.workspace,26d012357f5a445eaecac3bec6f9655bd373819aad045a99ae64d3a9ad4e6b26,Proteus workspace sidecar,local-only reproducible infrastructure or disposable Proteus state,"preserved on disk, explicitly excluded from Git",*.workspace
examples/circuit_output (4).pdsprj.M_TAHABINZAEEM.tahab.workspace,examples/circuit_output (4).pdsprj.M_TAHABINZAEEM.tahab.workspace,8f05d85ca4982799e7a4e34064247ed9fa9b92ac17e3c76e864a4fc1f15b07fe,Proteus workspace sidecar,local-only reproducible infrastructure or disposable Proteus state,"preserved on disk, explicitly excluded from Git",*.workspace
examples/circuit_output.pdsprj.M_TAHABINZAEEM.tahab.workspace,examples/circuit_output.pdsprj.M_TAHABINZAEEM.tahab.workspace,8f05d85ca4982799e7a4e34064247ed9fa9b92ac17e3c76e864a4fc1f15b07fe,Proteus workspace sidecar,local-only reproducible infrastructure or disposable Proteus state,"preserved on disk, explicitly excluded from Git",*.workspace
new during reorganization,proteus/active/evidence/donors/74hc266/IC_74HC266_M02_ALL4_IO.pdsprj.Vincero.Empty.workspace,71fcccd5b12f8797fe91898227bd238322591448261606cb182b496f560a8bc1,Proteus workspace sidecar,local-only reproducible infrastructure or disposable Proteus state,"preserved on disk, explicitly excluded from Git",*.workspace
new during reorganization,proteus/active/evidence/donors/ALL_donorACCEPTED_TERMINALIZED_CURRENT_GROUP_TERMINALIZED_1X_sa.pdsprj.Vincero.Empty.workspace,e6f5548aacb41d34798b02162816178d8c7a7b740dd414e464fc663fa2831f02,Proteus workspace sidecar,local-only reproducible infrastructure or disposable Proteus state,"preserved on disk, explicitly excluded from Git",*.workspace
new during reorganization,proteus/active/evidence/donors/combined/ALLL_ICS_ALL4.pdsprj.M_TAHABINZAEEM.tahab.workspace,c668466f212f9b4747898f842e0f6e702c25960e39001ddc621c74fa1fd933e4,Proteus workspace sidecar,local-only reproducible infrastructure or disposable Proteus state,"preserved on disk, explicitly excluded from Git",*.workspace
proteus_ic/donors/manual_downloads_20260611/New folder (9)/4_alot of ics.pdsprj.M_TAHABINZAEEM.tahab.workspace,proteus/active/evidence/donors/manual_downloads_20260611/New folder (9)/4_alot of ics.pdsprj.M_TAHABINZAEEM.tahab.workspace,82487de3fd36462c053339f2e732b44cec6e4c18d7a3af5103c9332459a88894,Proteus workspace sidecar,local-only reproducible infrastructure or disposable Proteus state,"preserved on disk, explicitly excluded from Git",*.workspace
new during reorganization,proteus/active/evidence/donors/manual_downloads_20260611/New folder (9)/Clock_TimeZone3_PATCHED_TO_8_13.pdsprj.M_TAHABINZAEEM.tahab.workspace,5d00379d27bf957dc29e052cbc9925eb2acc903030dc36cb79be01dae110e539,Proteus workspace sidecar,local-only reproducible infrastructure or disposable Proteus state,"preserved on disk, explicitly excluded from Git",*.workspace
new during reorganization,proteus/active/evidence/donors/manual_downloads_20260611/squence/2_74HC160.pdsprj.M_TAHABINZAEEM.tahab.workspace,114111b3c3e8715db22303beb33e6ed44b47d2a85c3d0a071dfd9a03da45e5f7,Proteus workspace sidecar,local-only reproducible infrastructure or disposable Proteus state,"preserved on disk, explicitly excluded from Git",*.workspace
proteus_ic/donors/manual_downloads_20260611/squence/4020.pdsprj.M_TAHABINZAEEM.tahab.workspace,proteus/active/evidence/donors/manual_downloads_20260611/squence/4020.pdsprj.M_TAHABINZAEEM.tahab.workspace,1108304c905a29c40766e5c09ac6d51f8688d418ef510b2fa4c21c0efef77c6d,Proteus workspace sidecar,local-only reproducible infrastructure or disposable Proteus state,"preserved on disk, explicitly excluded from Git",*.workspace
new during reorganization,proteus/active/evidence/donors/manual_downloads_20260611/squence/4_74HC192.pdsprj.M_TAHABINZAEEM.tahab.workspace,081c6641c033c7c2054d3b08bf855f4c9b62fe3e5b5768e8d58f3fe6cf07f1e2,Proteus workspace sidecar,local-only reproducible infrastructure or disposable Proteus state,"preserved on disk, explicitly excluded from Git",*.workspace
new during reorganization,proteus/active/evidence/donors/manual_downloads_20260611/squence/4_74HC193.pdsprj.M_TAHABINZAEEM.tahab.workspace,906e4cdb236532abec23e4d535bd60d3243fe601f53b560d53066651496c93a7,Proteus workspace sidecar,local-only reproducible infrastructure or disposable Proteus state,"preserved on disk, explicitly excluded from Git",*.workspace
new during reorganization,proteus/active/evidence/donors/manual_downloads_20260612/ICcombinationfinal/4027/2_4027.pdsprj.M_TAHABINZAEEM.tahab.workspace,f260bf70d7f58afb47c08ef7ca7bec7a623272fcafa93de8c015ba336586b4ea,Proteus workspace sidecar,local-only reproducible infrastructure or disposable Proteus state,"preserved on disk, explicitly excluded from Git",*.workspace
new during reorganization,proteus/active/evidence/donors/manual_downloads_20260612/ICcombinationfinal/4027/6_4027_WITHallCOMBUNATIONAL_21RLC.pdsprj.M_TAHABINZAEEM.tahab.workspace,30038876a54c8b50772b650a1f79669a542d438ecedf252ee92676b8dafa7dc5,Proteus workspace sidecar,local-only reproducible infrastructure or disposable Proteus state,"preserved on disk, explicitly excluded from Git",*.workspace
new during reorganization,proteus/active/evidence/donors/manual_downloads_20260612/ICcombinationfinal/7447/4x74HC47.pdsprj.M_TAHABINZAEEM.tahab.workspace,f260bf70d7f58afb47c08ef7ca7bec7a623272fcafa93de8c015ba336586b4ea,Proteus workspace sidecar,local-only reproducible infrastructure or disposable Proteus state,"preserved on disk, explicitly excluded from Git",*.workspace
new during reorganization,proteus/active/evidence/donors/manual_downloads_20260612/ICcombinationfinal/7490/4_7490.pdsprj.M_TAHABINZAEEM.tahab.workspace,f260bf70d7f58afb47c08ef7ca7bec7a623272fcafa93de8c015ba336586b4ea,Proteus workspace sidecar,local-only reproducible infrastructure or disposable Proteus state,"preserved on disk, explicitly excluded from Git",*.workspace
new during reorganization,proteus/active/evidence/donors/manual_downloads_20260612/ICcombinationfinal/7490/Project Backups/2_7490_with74HC00 [Autosaved].pdsprj,08aae5127a0ccb5ccb71bb42fdf106c8bd1ec53bb7d89199f758b3981cf080e2,Proteus application backup,local-only reproducible infrastructure or disposable Proteus state,"preserved on disk, explicitly excluded from Git",**/Project Backups/
new during reorganization,proteus/active/evidence/donors/manual_downloads_20260612/ICcombinationfinal/74HC283/4_74HC283.pdsprj.M_TAHABINZAEEM.tahab.workspace,16e6a04407d798c2aa461f26eb94a020952a3a5ac387e715e0c8076aff391842,Proteus workspace sidecar,local-only reproducible infrastructure or disposable Proteus state,"preserved on disk, explicitly excluded from Git",*.workspace
new during reorganization,proteus/active/evidence/donors/manual_downloads_20260612/ICcombinationfinal/74HC85/4_74HC85.pdsprj.M_TAHABINZAEEM.tahab.workspace,702f29eb87dad3b9aee79409c3379b5e2705f8ca90f4d15d7cd3eb4ee96b6042,Proteus workspace sidecar,local-only reproducible infrastructure or disposable Proteus state,"preserved on disk, explicitly excluded from Git",*.workspace
new during reorganization,proteus/active/evidence/donors/manual_downloads_20260612/ICcombinationfinal/74hc157/4_74HC157.pdsprj.M_TAHABINZAEEM.tahab.workspace,f260bf70d7f58afb47c08ef7ca7bec7a623272fcafa93de8c015ba336586b4ea,Proteus workspace sidecar,local-only reproducible infrastructure or disposable Proteus state,"preserved on disk, explicitly excluded from Git",*.workspace
new during reorganization,proteus/active/evidence/donors/manual_downloads_20260612/ICcombinationfinal/74hc174/4_74HC174.pdsprj.M_TAHABINZAEEM.tahab.workspace,f260bf70d7f58afb47c08ef7ca7bec7a623272fcafa93de8c015ba336586b4ea,Proteus workspace sidecar,local-only reproducible infrastructure or disposable Proteus state,"preserved on disk, explicitly excluded from Git",*.workspace
new during reorganization,proteus/active/evidence/donors/manual_downloads_20260612/ICcombinationfinal/74hc174/6_74HC174_ALLCOMBINATIONAL_21RLC.pdsprj.M_TAHABINZAEEM.tahab.workspace,8e8cd90b5f20b37a733413f4f44611314b39d53e706b76651e51b00996df31e1,Proteus workspace sidecar,local-only reproducible infrastructure or disposable Proteus state,"preserved on disk, explicitly excluded from Git",*.workspace
new during reorganization,proteus/active/evidence/donors/manual_downloads_20260612/ICcombinationfinal/74hc74/2_74HC74_with74hc86.pdsprj.M_TAHABINZAEEM.tahab.workspace,cc17ae13f3329202750638333e74666e7691d2a4389bf74063bc5581d3c6c0b4,Proteus workspace sidecar,local-only reproducible infrastructure or disposable Proteus state,"preserved on disk, explicitly excluded from Git",*.workspace
new during reorganization,proteus/active/evidence/donors/manual_downloads_20260612/ICcombinationfinal/74hc74/4_74HC74.pdsprj.M_TAHABINZAEEM.tahab.workspace,8ef2638d1a031fc5742b512201eaa3c20aba7cf02a201338e8fc732032bd089f,Proteus workspace sidecar,local-only reproducible infrastructure or disposable Proteus state,"preserved on disk, explicitly excluded from Git",*.workspace
new during reorganization,proteus/active/evidence/donors/manual_downloads_20260612/ICcombinationfinal/74hc74/6_74HC74_withallcombunational_and21RLC.pdsprj.M_TAHABINZAEEM.tahab.workspace,a6198e1921c0eea5022f39240ac737d8305036c50e38d83159b4f3c76bae9f9c,Proteus workspace sidecar,local-only reproducible infrastructure or disposable Proteus state,"preserved on disk, explicitly excluded from Git",*.workspace
new during reorganization,proteus/active/evidence/donors/manual_downloads_20260612/ICcombinationfinal/74hc76/4_74HC76.pdsprj.M_TAHABINZAEEM.tahab.workspace,f260bf70d7f58afb47c08ef7ca7bec7a623272fcafa93de8c015ba336586b4ea,Proteus workspace sidecar,local-only reproducible infrastructure or disposable Proteus state,"preserved on disk, explicitly excluded from Git",*.workspace
new during reorganization,proteus/active/evidence/donors/manual_downloads_20260612/ICcombinationfinal/74hc76/6_74HC76_WITHallCOMBINATIONAL_21RLC.pdsprj.M_TAHABINZAEEM.tahab.workspace,32854ee9a3448d53a009fea660109f9e739f26833ee305d171c8aa397d554968,Proteus workspace sidecar,local-only reproducible infrastructure or disposable Proteus state,"preserved on disk, explicitly excluded from Git",*.workspace
new during reorganization,proteus/active/evidence/donors/manual_downloads_20260612/ICcombinationfinal/74hc76/Project Backups/2_74HC76_74HC266 [Autosaved].pdsprj,e8fb4d539985f065365e0077f4df69c84f134fd48cf407ee0a6232f48b826b73,Proteus application backup,local-only reproducible infrastructure or disposable Proteus state,"preserved on disk, explicitly excluded from Git",**/Project Backups/
new during reorganization,"proteus/active/evidence/donors/manual_downloads_20260618/new_component_mega/Project Backups/new_components_5x_mega [20260618, 15-47-35].pdsprj",c50fe16e746e2a3f3c0a61d7b287bd83fb4f110ce8a21e76a04dc77c261d5082,Proteus application backup,local-only reproducible infrastructure or disposable Proteus state,"preserved on disk, explicitly excluded from Git",**/Project Backups/
new during reorganization,"proteus/active/evidence/donors/manual_downloads_20260618/new_component_mega/Project Backups/new_components_single_mega [20260618, 15-42-53].pdsprj",2f632c6382450ba2b6fea094032f859fa93609ad89a2078b5e163d101a16135e,Proteus application backup,local-only reproducible infrastructure or disposable Proteus state,"preserved on disk, explicitly excluded from Git",**/Project Backups/
new during reorganization,"proteus/active/evidence/donors/manual_downloads_20260618/new_component_mega/Project Backups/new_components_single_mega [20260618, 15-42-54].pdsprj",f92b147abf657d1d3be3f461d8577f3613aa9857bfaf8fb765669de306aa7295,Proteus application backup,local-only reproducible infrastructure or disposable Proteus state,"preserved on disk, explicitly excluded from Git",**/Project Backups/
new during reorganization,"proteus/active/evidence/donors/manual_downloads_20260618/new_component_mega/Project Backups/new_components_single_mega [20260618, 15-46-22].pdsprj",3ac7d0d3c90295765ea8bd6d157ee9cfe86182ca4b9111333829a26f546d4858,Proteus application backup,local-only reproducible infrastructure or disposable Proteus state,"preserved on disk, explicitly excluded from Git",**/Project Backups/
new during reorganization,"proteus/active/evidence/donors/manual_downloads_20260618/new_component_mega/Project Backups/new_components_single_mega [20260618, 15-46-23].pdsprj",9e1013c623ddd21f99a6d42bf89e509138434f88255ec75b3f6bcc1e62357735,Proteus application backup,local-only reproducible infrastructure or disposable Proteus state,"preserved on disk, explicitly excluded from Git",**/Project Backups/
new during reorganization,"proteus/active/evidence/donors/manual_downloads_20260618/new_component_mega/Project Backups/new_components_single_mega [20260618, 15-46-24].pdsprj",bd723144368126f2b934e0392fe5c65829c398d9b310765c1eb3851f5b429bbe,Proteus application backup,local-only reproducible infrastructure or disposable Proteus state,"preserved on disk, explicitly excluded from Git",**/Project Backups/
new during reorganization,proteus/active/evidence/donors/manual_downloads_20260618/new_component_mega/Project Backups/new_components_single_mega [Autosaved].pdsprj,ba5d710a5577336c96776924477355933e67b776907677523d62b1fd5ffdb866,Proteus application backup,local-only reproducible infrastructure or disposable Proteus state,"preserved on disk, explicitly excluded from Git",**/Project Backups/
new during reorganization,proteus/active/evidence/donors/manual_downloads_20260618/new_component_mega/new_components_5x_mega.pdsprj.M_TAHABINZAEEM.tahab.workspace,8e0a3fc36cfd2d8ef5700a97211117a93d003786ae31d0286300d1e2f847d08a,Proteus workspace sidecar,local-only reproducible infrastructure or disposable Proteus state,"preserved on disk, explicitly excluded from Git",*.workspace
new during reorganization,proteus/active/evidence/donors/manual_downloads_20260618/new_component_mega/new_components_5x_mega.pdsprj.Vincero.Empty.workspace,61dbb5c75794cda544eb35ae40515c6e6fb6959611526f7998cbcbdf594e9280,Proteus workspace sidecar,local-only reproducible infrastructure or disposable Proteus state,"preserved on disk, explicitly excluded from Git",*.workspace
new during reorganization,proteus/active/evidence/donors/manual_downloads_20260618/new_component_mega/new_components_single_mega.pdsprj.M_TAHABINZAEEM.tahab.workspace,8a11079f3d94ca8cf1b68024f11d18074aa338d0626327aa2d4684faac85ebe3,Proteus workspace sidecar,local-only reproducible infrastructure or disposable Proteus state,"preserved on disk, explicitly excluded from Git",*.workspace
new during reorganization,proteus/active/evidence/donors/manual_downloads_20260618/new_component_mega/new_components_single_mega.pdsprj.Vincero.Empty.workspace,97df198bf6368c172ece35ab8b656c9653c88c6281f8698376a5e672a6ed05f3,Proteus workspace sidecar,local-only reproducible infrastructure or disposable Proteus state,"preserved on disk, explicitly excluded from Git",*.workspace
new during reorganization,proteus/active/evidence/donors/terminalized_catalogue_evidence/dil14_dual_d_ff/74HC74/74HC74_terminalized_primary.pdsprj.Vincero.Empty.workspace,71fcccd5b12f8797fe91898227bd238322591448261606cb182b496f560a8bc1,Proteus workspace sidecar,local-only reproducible infrastructure or disposable Proteus state,"preserved on disk, explicitly excluded from Git",*.workspace
new during reorganization,proteus/active/evidence/donors/terminalized_catalogue_evidence/dil14_hex_inverter/74HC04/E04_74HC04_1X_NO_TERMINAL_CONTROL.pdsprj.Vincero.Empty.workspace,71fcccd5b12f8797fe91898227bd238322591448261606cb182b496f560a8bc1,Proteus workspace sidecar,local-only reproducible infrastructure or disposable Proteus state,"preserved on disk, explicitly excluded from Git",*.workspace
new during reorganization,proteus/active/evidence/donors/terminalized_catalogue_evidence/dil14_quad_2input_logic/74HC00/74HC00_user_terminalized_july04.pdsprj.Vincero.Empty.workspace,80a4eae92d1318b3d95c57297eee37d3505775a1dcd8b8bfc8e9f313e258aa4f,Proteus workspace sidecar,local-only reproducible infrastructure or disposable Proteus state,"preserved on disk, explicitly excluded from Git",*.workspace
new during reorganization,proteus/active/evidence/donors/terminalized_catalogue_evidence/dil14_quad_2input_logic/74HC266/74HC266_user_terminalized_july04.pdsprj.Vincero.Empty.workspace,71fcccd5b12f8797fe91898227bd238322591448261606cb182b496f560a8bc1,Proteus workspace sidecar,local-only reproducible infrastructure or disposable Proteus state,"preserved on disk, explicitly excluded from Git",*.workspace
new during reorganization,proteus/active/evidence/donors/terminalized_catalogue_evidence/dil14_quad_2input_logic/74HC86/74HC86_user_terminalized_july04.pdsprj.Vincero.Empty.workspace,2935a0aeb1ee1ffb6345388fb259da18c5922c7a4ab876c4001decb9542c1437,Proteus workspace sidecar,local-only reproducible infrastructure or disposable Proteus state,"preserved on disk, explicitly excluded from Git",*.workspace
new during reorganization,proteus/active/evidence/donors/terminalized_catalogue_evidence/dil16_arithmetic_compare/74HC283/74HC283_terminalized_primary.pdsprj.Vincero.Empty.workspace,7ba2e51887284b148825eef742b1bb2d90f716acc23869ae6b0655b584f94554,Proteus workspace sidecar,local-only reproducible infrastructure or disposable Proteus state,"preserved on disk, explicitly excluded from Git",*.workspace
new during reorganization,proteus/active/evidence/donors/terminalized_catalogue_evidence/four_pin_rectifier_transformer/TRAN-2P2S/TRAN-2P2S_user_terminalized_july04.pdsprj.Vincero.Empty.workspace,71fcccd5b12f8797fe91898227bd238322591448261606cb182b496f560a8bc1,Proteus workspace sidecar,local-only reproducible infrastructure or disposable Proteus state,"preserved on disk, explicitly excluded from Git",*.workspace
new during reorganization,proteus/active/evidence/donors/terminalized_catalogue_evidence/three_pin_regulator_control_symbol/LM317T/LM317T_user_terminalized_july04.pdsprj.Vincero.Empty.workspace,c79ac5969d52261031fcbdc3666964f808cb11f8af6a88e5a5d89d161e627be0,Proteus workspace sidecar,local-only reproducible infrastructure or disposable Proteus state,"preserved on disk, explicitly excluded from Git",*.workspace
new during reorganization,proteus/active/evidence/donors/terminalized_catalogue_evidence/three_pin_regulator_control_symbol/OPAMP/OPAMP_user_terminalized_july04.pdsprj.Vincero.Empty.workspace,ef8ce2d9a00bf7aa413fe43f6d2d756324fbd611bf29f0c04553607095b04208,Proteus workspace sidecar,local-only reproducible infrastructure or disposable Proteus state,"preserved on disk, explicitly excluded from Git",*.workspace
new during reorganization,proteus/active/evidence/donors/terminalized_catalogue_evidence/three_pin_regulator_control_symbol/POT-HG/POT-HG_user_terminalized_july04.pdsprj.Vincero.Empty.workspace,3703ddbfbe3341ed17e28c903f79a82432ce4054cee12931e58dbed7a633a1cf,Proteus workspace sidecar,local-only reproducible infrastructure or disposable Proteus state,"preserved on disk, explicitly excluded from Git",*.workspace
new during reorganization,proteus/active/evidence/donors/terminalized_catalogue_evidence/three_pin_transistor/NPN/NPN_terminalized_primary.pdsprj.Vincero.Empty.workspace,3f89430aa53861e1f56bb033456f0de7379e33f6ba1cafa28e117bef8ea330ce,Proteus workspace sidecar,local-only reproducible infrastructure or disposable Proteus state,"preserved on disk, explicitly excluded from Git",*.workspace
new during reorganization,proteus/active/evidence/donors/terminalized_catalogue_evidence/three_pin_transistor/PNP/PNP_terminalized_primary.pdsprj.Vincero.Empty.workspace,ddacd43bc82178539fcc20c0338ea636133d80375016eeecbf00f2e28038d0a2,Proteus workspace sidecar,local-only reproducible infrastructure or disposable Proteus state,"preserved on disk, explicitly excluded from Git",*.workspace
new during reorganization,proteus/archive/donors/mixed_large_20260611/clock_timezone3_patched_to_8_13.pdsprj.M_TAHABINZAEEM.tahab.workspace,bc55c2e320aaad5f99c058e52f817db8bba9d4116225132ac534dfaf9beac78b,Proteus workspace sidecar,local-only reproducible infrastructure or disposable Proteus state,"preserved on disk, explicitly excluded from Git",*.workspace
experiments/ac_voltage_v1_source_diagnostics_temp_2026_06_04/ACV_V1_SOURCE_DIAGNOSTICS_TEST_BATCH/ACV_V1_T00_EXACT_DEFAULT_COPY/ACV_V1_T00_EXACT_DEFAULT_COPY.pdsprj,proteus/experiments/runs/ac_voltage_v1_source_diagnostics_temp_2026_06_04/ACV_V1_SOURCE_DIAGNOSTICS_TEST_BATCH/ACV_V1_T00_EXACT_DEFAULT_COPY/ACV_V1_T00_EXACT_DEFAULT_COPY.pdsprj,62e36e8ecd2eb1595ebcfbd77818beed40dcdceb85820800ac061c4f85da81a8,Disposable Proteus loader copy,local-only reproducible infrastructure or disposable Proteus state,"preserved on disk, explicitly excluded from Git",**/*_COPY.pdsprj or **/*_GATE.pdsprj
experiments/ac_voltage_v1_source_diagnostics_temp_2026_06_04/ACV_V1_SOURCE_DIAGNOSTICS_TEST_BATCH/ACV_V1_T00_EXACT_DEFAULT_COPY/ACV_V1_T00_EXACT_DEFAULT_COPY.pdsprj.M_TAHABINZAEEM.tahab.workspace,proteus/experiments/runs/ac_voltage_v1_source_diagnostics_temp_2026_06_04/ACV_V1_SOURCE_DIAGNOSTICS_TEST_BATCH/ACV_V1_T00_EXACT_DEFAULT_COPY/ACV_V1_T00_EXACT_DEFAULT_COPY.pdsprj.M_TAHABINZAEEM.tahab.workspace,8f05d85ca4982799e7a4e34064247ed9fa9b92ac17e3c76e864a4fc1f15b07fe,Proteus workspace sidecar,local-only reproducible infrastructure or disposable Proteus state,"preserved on disk, explicitly excluded from Git",*.workspace
experiments/ac_voltage_v1_source_diagnostics_temp_2026_06_04/ACV_V1_SOURCE_DIAGNOSTICS_TEST_BATCH/ACV_V1_T01_DEFAULT_TRANSPLANT_E001/ACV_V1_T01_DEFAULT_TRANSPLANT_E001.pdsprj.M_TAHABINZAEEM.tahab.workspace,proteus/experiments/runs/ac_voltage_v1_source_diagnostics_temp_2026_06_04/ACV_V1_SOURCE_DIAGNOSTICS_TEST_BATCH/ACV_V1_T01_DEFAULT_TRANSPLANT_E001/ACV_V1_T01_DEFAULT_TRANSPLANT_E001.pdsprj.M_TAHABINZAEEM.tahab.workspace,8f05d85ca4982799e7a4e34064247ed9fa9b92ac17e3c76e864a4fc1f15b07fe,Proteus workspace sidecar,local-only reproducible infrastructure or disposable Proteus state,"preserved on disk, explicitly excluded from Git",*.workspace
experiments/ac_voltage_v1_source_diagnostics_temp_2026_06_04/ACV_V1_SOURCE_DIAGNOSTICS_TEST_BATCH/ACV_V1_T02_VARIANT_TRANSPLANT_E001/ACV_V1_T02_VARIANT_TRANSPLANT_E001.pdsprj.M_TAHABINZAEEM.tahab.workspace,proteus/experiments/runs/ac_voltage_v1_source_diagnostics_temp_2026_06_04/ACV_V1_SOURCE_DIAGNOSTICS_TEST_BATCH/ACV_V1_T02_VARIANT_TRANSPLANT_E001/ACV_V1_T02_VARIANT_TRANSPLANT_E001.pdsprj.M_TAHABINZAEEM.tahab.workspace,8f05d85ca4982799e7a4e34064247ed9fa9b92ac17e3c76e864a4fc1f15b07fe,Proteus workspace sidecar,local-only reproducible infrastructure or disposable Proteus state,"preserved on disk, explicitly excluded from Git",*.workspace
experiments/ac_voltage_v1_source_diagnostics_temp_2026_06_04/ACV_V1_SOURCE_DIAGNOSTICS_TEST_BATCH/ACV_V1_T03_TWO_SOURCE_TRANSPLANT_E001/ACV_V1_T03_TWO_SOURCE_TRANSPLANT_E001.pdsprj.M_TAHABINZAEEM.tahab.workspace,proteus/experiments/runs/ac_voltage_v1_source_diagnostics_temp_2026_06_04/ACV_V1_SOURCE_DIAGNOSTICS_TEST_BATCH/ACV_V1_T03_TWO_SOURCE_TRANSPLANT_E001/ACV_V1_T03_TWO_SOURCE_TRANSPLANT_E001.pdsprj.M_TAHABINZAEEM.tahab.workspace,8f05d85ca4982799e7a4e34064247ed9fa9b92ac17e3c76e864a4fc1f15b07fe,Proteus workspace sidecar,local-only reproducible infrastructure or disposable Proteus state,"preserved on disk, explicitly excluded from Git",*.workspace
experiments/ac_voltage_v1_source_diagnostics_temp_2026_06_04/ACV_V1_SOURCE_DIAGNOSTICS_TEST_BATCH/ACV_V1_T04_RCL_AV_A0_NO_SOURCE_CONTROL/ACV_V1_T04_RCL_AV_A0_NO_SOURCE_CONTROL.pdsprj.M_TAHABINZAEEM.tahab.workspace,proteus/experiments/runs/ac_voltage_v1_source_diagnostics_temp_2026_06_04/ACV_V1_SOURCE_DIAGNOSTICS_TEST_BATCH/ACV_V1_T04_RCL_AV_A0_NO_SOURCE_CONTROL/ACV_V1_T04_RCL_AV_A0_NO_SOURCE_CONTROL.pdsprj.M_TAHABINZAEEM.tahab.workspace,ea4f0d38350cff9498d933336b25ebe7c10cdd9e0927e4388e1d7455011e7aa2,Proteus workspace sidecar,local-only reproducible infrastructure or disposable Proteus state,"preserved on disk, explicitly excluded from Git",*.workspace
experiments/ac_voltage_v2_nonfinal_source_unit_temp_2026_06_04/ACV_V2_NONFINAL_SOURCE_UNIT_TEST_BATCH/ACV_V2_T00_TWO_SOURCE_TRANSPLANT_CONTROL/ACV_V2_T00_TWO_SOURCE_TRANSPLANT_CONTROL.pdsprj.M_TAHABINZAEEM.tahab.workspace,proteus/experiments/runs/ac_voltage_v2_nonfinal_source_unit_temp_2026_06_04/ACV_V2_NONFINAL_SOURCE_UNIT_TEST_BATCH/ACV_V2_T00_TWO_SOURCE_TRANSPLANT_CONTROL/ACV_V2_T00_TWO_SOURCE_TRANSPLANT_CONTROL.pdsprj.M_TAHABINZAEEM.tahab.workspace,8f05d85ca4982799e7a4e34064247ed9fa9b92ac17e3c76e864a4fc1f15b07fe,Proteus workspace sidecar,local-only reproducible infrastructure or disposable Proteus state,"preserved on disk, explicitly excluded from Git",*.workspace
experiments/ac_voltage_v2_nonfinal_source_unit_temp_2026_06_04/ACV_V2_NONFINAL_SOURCE_UNIT_TEST_BATCH/ACV_V2_T01_RCL_AV_A0_NO_SOURCE_CONTROL/ACV_V2_T01_RCL_AV_A0_NO_SOURCE_CONTROL.pdsprj.M_TAHABINZAEEM.tahab.workspace,proteus/experiments/runs/ac_voltage_v2_nonfinal_source_unit_temp_2026_06_04/ACV_V2_NONFINAL_SOURCE_UNIT_TEST_BATCH/ACV_V2_T01_RCL_AV_A0_NO_SOURCE_CONTROL/ACV_V2_T01_RCL_AV_A0_NO_SOURCE_CONTROL.pdsprj.M_TAHABINZAEEM.tahab.workspace,349fce5a90a2d5fa5d7bb319bdc995e9ac9d87a349e144cc3b6e8eb578b79d6a,Proteus workspace sidecar,local-only reproducible infrastructure or disposable Proteus state,"preserved on disk, explicitly excluded from Git",*.workspace
experiments/ac_voltage_v2_nonfinal_source_unit_temp_2026_06_04/ACV_V2_NONFINAL_SOURCE_UNIT_TEST_BATCH/ACV_V2_T02_SIMPLE_LOOP_TWO_SOURCE_NONFINAL/ACV_V2_T02_SIMPLE_LOOP_TWO_SOURCE_NONFINAL.pdsprj.M_TAHABINZAEEM.tahab.workspace,proteus/experiments/runs/ac_voltage_v2_nonfinal_source_unit_temp_2026_06_04/ACV_V2_NONFINAL_SOURCE_UNIT_TEST_BATCH/ACV_V2_T02_SIMPLE_LOOP_TWO_SOURCE_NONFINAL/ACV_V2_T02_SIMPLE_LOOP_TWO_SOURCE_NONFINAL.pdsprj.M_TAHABINZAEEM.tahab.workspace,8f05d85ca4982799e7a4e34064247ed9fa9b92ac17e3c76e864a4fc1f15b07fe,Proteus workspace sidecar,local-only reproducible infrastructure or disposable Proteus state,"preserved on disk, explicitly excluded from Git",*.workspace
experiments/ac_voltage_v2_nonfinal_source_unit_temp_2026_06_04/ACV_V2_NONFINAL_SOURCE_UNIT_TEST_BATCH/ACV_V2_T03_SIX_COMPONENT_TWO_SOURCE_NONFINAL/ACV_V2_T03_SIX_COMPONENT_TWO_SOURCE_NONFINAL.pdsprj.M_TAHABINZAEEM.tahab.workspace,proteus/experiments/runs/ac_voltage_v2_nonfinal_source_unit_temp_2026_06_04/ACV_V2_NONFINAL_SOURCE_UNIT_TEST_BATCH/ACV_V2_T03_SIX_COMPONENT_TWO_SOURCE_NONFINAL/ACV_V2_T03_SIX_COMPONENT_TWO_SOURCE_NONFINAL.pdsprj.M_TAHABINZAEEM.tahab.workspace,8f05d85ca4982799e7a4e34064247ed9fa9b92ac17e3c76e864a4fc1f15b07fe,Proteus workspace sidecar,local-only reproducible infrastructure or disposable Proteus state,"preserved on disk, explicitly excluded from Git",*.workspace
experiments/ac_voltage_v2_nonfinal_source_unit_temp_2026_06_04/ACV_V2_NONFINAL_SOURCE_UNIT_TEST_BATCH/ACV_V2_T04_21_RULE_TWO_SOURCE_NONFINAL/ACV_V2_T04_21_RULE_TWO_SOURCE_NONFINAL.pdsprj.M_TAHABINZAEEM.tahab.workspace,proteus/experiments/runs/ac_voltage_v2_nonfinal_source_unit_temp_2026_06_04/ACV_V2_NONFINAL_SOURCE_UNIT_TEST_BATCH/ACV_V2_T04_21_RULE_TWO_SOURCE_NONFINAL/ACV_V2_T04_21_RULE_TWO_SOURCE_NONFINAL.pdsprj.M_TAHABINZAEEM.tahab.workspace,e1ff687e483869595086c0837e20628ac6348fbd7a156042d47b795c391e5090,Proteus workspace sidecar,local-only reproducible infrastructure or disposable Proteus state,"preserved on disk, explicitly excluded from Git",*.workspace
experiments/ac_voltage_v2_nonfinal_source_unit_temp_2026_06_04/ACV_V2_NONFINAL_SOURCE_UNIT_TEST_BATCH/ACV_V2_T05_SIMPLE_LOOP_STANDALONE_TRIMMED/ACV_V2_T05_SIMPLE_LOOP_STANDALONE_TRIMMED.pdsprj.M_TAHABINZAEEM.tahab.workspace,proteus/experiments/runs/ac_voltage_v2_nonfinal_source_unit_temp_2026_06_04/ACV_V2_NONFINAL_SOURCE_UNIT_TEST_BATCH/ACV_V2_T05_SIMPLE_LOOP_STANDALONE_TRIMMED/ACV_V2_T05_SIMPLE_LOOP_STANDALONE_TRIMMED.pdsprj.M_TAHABINZAEEM.tahab.workspace,8f05d85ca4982799e7a4e34064247ed9fa9b92ac17e3c76e864a4fc1f15b07fe,Proteus workspace sidecar,local-only reproducible infrastructure or disposable Proteus state,"preserved on disk, explicitly excluded from Git",*.workspace
experiments/ac_voltage_v2_nonfinal_source_unit_temp_2026_06_04/ACV_V2_NONFINAL_SOURCE_UNIT_TEST_BATCH/ACV_V2_T06_SIX_COMPONENT_STANDALONE_TRIMMED/ACV_V2_T06_SIX_COMPONENT_STANDALONE_TRIMMED.pdsprj.M_TAHABINZAEEM.tahab.workspace,proteus/experiments/runs/ac_voltage_v2_nonfinal_source_unit_temp_2026_06_04/ACV_V2_NONFINAL_SOURCE_UNIT_TEST_BATCH/ACV_V2_T06_SIX_COMPONENT_STANDALONE_TRIMMED/ACV_V2_T06_SIX_COMPONENT_STANDALONE_TRIMMED.pdsprj.M_TAHABINZAEEM.tahab.workspace,8f05d85ca4982799e7a4e34064247ed9fa9b92ac17e3c76e864a4fc1f15b07fe,Proteus workspace sidecar,local-only reproducible infrastructure or disposable Proteus state,"preserved on disk, explicitly excluded from Git",*.workspace
new during reorganization,proteus/experiments/runs/bjt_npn_double_ff_1x_v36_temp_2026_07_10/00_no_terminal_control/N001_NPN_1x_NO_TERMINAL.pdsprj.Vincero.Empty.workspace,3f89430aa53861e1f56bb033456f0de7379e33f6ba1cafa28e117bef8ea330ce,Proteus workspace sidecar,local-only reproducible infrastructure or disposable Proteus state,"preserved on disk, explicitly excluded from Git",*.workspace
new during reorganization,proteus/experiments/runs/bjt_npn_frame_contract_1x_v38_temp_2026_07_10/00_no_terminal_control/N001_NPN_1x_NO_TERMINAL/N001_NPN_1x_NO_TERMINAL.pdsprj.Vincero.Empty.workspace,3f89430aa53861e1f56bb033456f0de7379e33f6ba1cafa28e117bef8ea330ce,Proteus workspace sidecar,local-only reproducible infrastructure or disposable Proteus state,"preserved on disk, explicitly excluded from Git",*.workspace
new during reorganization,proteus/experiments/runs/bjt_npn_live_proteus_diagnostics_temp_2026_07_11/H01_LOCKED_FRAME_COMPLETE_NPN_DONOR_REBASED.pdsprj.Vincero.Empty.workspace,3f89430aa53861e1f56bb033456f0de7379e33f6ba1cafa28e117bef8ea330ce,Proteus workspace sidecar,local-only reproducible infrastructure or disposable Proteus state,"preserved on disk, explicitly excluded from Git",*.workspace
new during reorganization,proteus/experiments/runs/bjt_npn_live_proteus_diagnostics_temp_2026_07_11/H02_DONOR_PLUS_MEGA_OBJECT_ID.pdsprj.Vincero.Empty.workspace,3f89430aa53861e1f56bb033456f0de7379e33f6ba1cafa28e117bef8ea330ce,Proteus workspace sidecar,local-only reproducible infrastructure or disposable Proteus state,"preserved on disk, explicitly excluded from Git",*.workspace
new during reorganization,proteus/experiments/runs/bjt_npn_live_proteus_diagnostics_temp_2026_07_11/H03_DONOR_PLUS_MEGA_COORDS_AND_ID.pdsprj.Vincero.Empty.workspace,3f89430aa53861e1f56bb033456f0de7379e33f6ba1cafa28e117bef8ea330ce,Proteus workspace sidecar,local-only reproducible infrastructure or disposable Proteus state,"preserved on disk, explicitly excluded from Git",*.workspace
new during reorganization,proteus/experiments/runs/bjt_npn_live_proteus_diagnostics_temp_2026_07_11/H04_DONOR_PLUS_Q129_REFERENCE.pdsprj.Vincero.Empty.workspace,3f89430aa53861e1f56bb033456f0de7379e33f6ba1cafa28e117bef8ea330ce,Proteus workspace sidecar,local-only reproducible infrastructure or disposable Proteus state,"preserved on disk, explicitly excluded from Git",*.workspace
new during reorganization,proteus/experiments/runs/bjt_npn_live_proteus_diagnostics_temp_2026_07_11/H05_DONOR_PLUS_Q129_COORDS_AND_ID.pdsprj.Vincero.Empty.workspace,3f89430aa53861e1f56bb033456f0de7379e33f6ba1cafa28e117bef8ea330ce,Proteus workspace sidecar,local-only reproducible infrastructure or disposable Proteus state,"preserved on disk, explicitly excluded from Git",*.workspace
new during reorganization,proteus/experiments/runs/bjt_npn_live_proteus_diagnostics_temp_2026_07_11/H07_PLACED_PACKET_ALL_AT_DONOR_GRID_SHARED_WIRE_ZERO.pdsprj.Vincero.Empty.workspace,d1b9bb83b0eaa97da513bdfcd2e946a18905cd2e04c6f9e8266ace48806ced98,Proteus workspace sidecar,local-only reproducible infrastructure or disposable Proteus state,"preserved on disk, explicitly excluded from Git",*.workspace
new during reorganization,proteus/experiments/runs/bjt_npn_live_proteus_diagnostics_temp_2026_07_11/H08_H07_PROTEUS_CTRL_S_NORMALIZATION.pdsprj.Vincero.Empty.workspace,3f89430aa53861e1f56bb033456f0de7379e33f6ba1cafa28e117bef8ea330ce,Proteus workspace sidecar,local-only reproducible infrastructure or disposable Proteus state,"preserved on disk, explicitly excluded from Git",*.workspace
new during reorganization,proteus/experiments/runs/bjt_npn_live_proteus_diagnostics_temp_2026_07_11/H09_CURRENT_COORDS_PROTEUS_NORMALIZED_LINKS_AND_TAIL.pdsprj.Vincero.Empty.workspace,3f89430aa53861e1f56bb033456f0de7379e33f6ba1cafa28e117bef8ea330ce,Proteus workspace sidecar,local-only reproducible infrastructure or disposable Proteus state,"preserved on disk, explicitly excluded from Git",*.workspace
new during reorganization,"proteus/experiments/runs/bjt_npn_live_proteus_diagnostics_temp_2026_07_11/Project Backups/H08_H07_PROTEUS_CTRL_S_NORMALIZATION [20260711, 00-25-29].pdsprj",6e0806fd88a49938ef32c5d9851b1a6807c7fc35fb0d33cdf0aef4c8451078f4,Proteus application backup,local-only reproducible infrastructure or disposable Proteus state,"preserved on disk, explicitly excluded from Git",**/Project Backups/
new during reorganization,proteus/experiments/runs/bjt_npn_proteus_opened_1x_v39_temp_2026_07_11/01_proteus_opened/T001_NPN_1x_PROTEUS_OPENED/T001_NPN_1x_PROTEUS_OPENED_sa.pdsprj.Vincero.Empty.workspace,3f89430aa53861e1f56bb033456f0de7379e33f6ba1cafa28e117bef8ea330ce,Proteus workspace sidecar,local-only reproducible infrastructure or disposable Proteus state,"preserved on disk, explicitly excluded from Git",*.workspace
new during reorganization,"proteus/experiments/runs/bjt_npn_proteus_opened_1x_v39_temp_2026_07_11/02_ctrl_s_roundtrip/Project Backups/T001_NPN_1x_PROTEUS_OPENED_CTRL_S [20260711, 12-15-28].pdsprj",3725f213e3277d6ccab81f054e40eaa1d15a8eee34f22ad70af816d5c2053ff4,Proteus application backup,local-only reproducible infrastructure or disposable Proteus state,"preserved on disk, explicitly excluded from Git",**/Project Backups/
new during reorganization,proteus/experiments/runs/bjt_npn_proteus_opened_1x_v39_temp_2026_07_11/02_ctrl_s_roundtrip/T001_NPN_1x_PROTEUS_OPENED_CTRL_S.pdsprj.Vincero.Empty.workspace,3f89430aa53861e1f56bb033456f0de7379e33f6ba1cafa28e117bef8ea330ce,Proteus workspace sidecar,local-only reproducible infrastructure or disposable Proteus state,"preserved on disk, explicitly excluded from Git",*.workspace
experiments/capacitor_v10_manual_donor_temp_2026_05_31/CAP_V10_T01_EXACT_MANUAL_DONOR_TRANSPLANT/CAP_V10_T01_EXACT_MANUAL_DONOR_TRANSPLANT.pdsprj.M_TAHABINZAEEM.tahab.workspace,proteus/experiments/runs/capacitor_v10_manual_donor_temp_2026_05_31/CAP_V10_T01_EXACT_MANUAL_DONOR_TRANSPLANT/CAP_V10_T01_EXACT_MANUAL_DONOR_TRANSPLANT.pdsprj.M_TAHABINZAEEM.tahab.workspace,cb2e1ac0e51651b3a2219efb35bc0c743e8ccd3d54cf502b5ee17eeada3ba862,Proteus workspace sidecar,local-only reproducible infrastructure or disposable Proteus state,"preserved on disk, explicitly excluded from Git",*.workspace
experiments/capacitor_v10_manual_donor_temp_2026_05_31/CAP_V10_T02_REBUILT_MANUAL_EXACT/CAP_V10_T02_REBUILT_MANUAL_EXACT.pdsprj.M_TAHABINZAEEM.tahab.workspace,proteus/experiments/runs/capacitor_v10_manual_donor_temp_2026_05_31/CAP_V10_T02_REBUILT_MANUAL_EXACT/CAP_V10_T02_REBUILT_MANUAL_EXACT.pdsprj.M_TAHABINZAEEM.tahab.workspace,6d0c23df10f052a3e3c20f5aea687a7f4e8338f1329ce95d94046c023bbd1322,Proteus workspace sidecar,local-only reproducible infrastructure or disposable Proteus state,"preserved on disk, explicitly excluded from Git",*.workspace
experiments/capacitor_v10_manual_donor_temp_2026_05_31/CAP_V10_T03_TRANSLATED_MANUAL_ORDER/CAP_V10_T03_TRANSLATED_MANUAL_ORDER.pdsprj.M_TAHABINZAEEM.tahab.workspace,proteus/experiments/runs/capacitor_v10_manual_donor_temp_2026_05_31/CAP_V10_T03_TRANSLATED_MANUAL_ORDER/CAP_V10_T03_TRANSLATED_MANUAL_ORDER.pdsprj.M_TAHABINZAEEM.tahab.workspace,8ad93a9f538b3292f451eea5a78bf4746cd6d87e687311b573681a83f05d0c0a,Proteus workspace sidecar,local-only reproducible infrastructure or disposable Proteus state,"preserved on disk, explicitly excluded from Git",*.workspace
experiments/capacitor_v10_manual_donor_temp_2026_05_31/CAP_V10_T04_RENAMED_VALUE_MANUAL_ORDER/CAP_V10_T04_RENAMED_VALUE_MANUAL_ORDER.pdsprj.M_TAHABINZAEEM.tahab.workspace,proteus/experiments/runs/capacitor_v10_manual_donor_temp_2026_05_31/CAP_V10_T04_RENAMED_VALUE_MANUAL_ORDER/CAP_V10_T04_RENAMED_VALUE_MANUAL_ORDER.pdsprj.M_TAHABINZAEEM.tahab.workspace,cb2e1ac0e51651b3a2219efb35bc0c743e8ccd3d54cf502b5ee17eeada3ba862,Proteus workspace sidecar,local-only reproducible infrastructure or disposable Proteus state,"preserved on disk, explicitly excluded from Git",*.workspace
experiments/capacitor_v10_manual_donor_temp_2026_05_31/CAP_V10_T05_THREE_TERMINAL_CAPS_MANUAL_ORDER/CAP_V10_T05_THREE_TERMINAL_CAPS_MANUAL_ORDER.pdsprj.M_TAHABINZAEEM.tahab.workspace,proteus/experiments/runs/capacitor_v10_manual_donor_temp_2026_05_31/CAP_V10_T05_THREE_TERMINAL_CAPS_MANUAL_ORDER/CAP_V10_T05_THREE_TERMINAL_CAPS_MANUAL_ORDER.pdsprj.M_TAHABINZAEEM.tahab.workspace,0d47f2e606cd1ad9801f992fda37f598b8e06ecface29a8aa713c054d2227f5e,Proteus workspace sidecar,local-only reproducible infrastructure or disposable Proteus state,"preserved on disk, explicitly excluded from Git",*.workspace
experiments/capacitor_v11_networks_temp_2026_05_31/CAP_V11_T01_6C_SAME_TOPOLOGY_AS_6R/CAP_V11_T01_6C_SAME_TOPOLOGY_AS_6R.pdsprj.M_TAHABINZAEEM.tahab.workspace,proteus/experiments/runs/capacitor_v11_networks_temp_2026_05_31/CAP_V11_T01_6C_SAME_TOPOLOGY_AS_6R/CAP_V11_T01_6C_SAME_TOPOLOGY_AS_6R.pdsprj.M_TAHABINZAEEM.tahab.workspace,f27c0bf163c934d617c8e5ad3b9b2194a0091fa7c0d5f76b5d19fe06e81cada7,Proteus workspace sidecar,local-only reproducible infrastructure or disposable Proteus state,"preserved on disk, explicitly excluded from Git",*.workspace
experiments/capacitor_v11_networks_temp_2026_05_31/CAP_V11_T02_21C_SAME_TOPOLOGY_AS_R21/CAP_V11_T02_21C_SAME_TOPOLOGY_AS_R21.pdsprj.M_TAHABINZAEEM.tahab.workspace,proteus/experiments/runs/capacitor_v11_networks_temp_2026_05_31/CAP_V11_T02_21C_SAME_TOPOLOGY_AS_R21/CAP_V11_T02_21C_SAME_TOPOLOGY_AS_R21.pdsprj.M_TAHABINZAEEM.tahab.workspace,1ceae85a2c165ac355ac5bd89e75c16ebc374cdca2a44b0dc0a8278e6de50eb4,Proteus workspace sidecar,local-only reproducible infrastructure or disposable Proteus state,"preserved on disk, explicitly excluded from Git",*.workspace
experiments/capacitor_v12_requested15_temp_2026_05_31/01_SIMPLE_LOOP/01_SIMPLE_LOOP.pdsprj.M_TAHABINZAEEM.tahab.workspace,proteus/experiments/runs/capacitor_v12_requested15_temp_2026_05_31/01_SIMPLE_LOOP/01_SIMPLE_LOOP.pdsprj.M_TAHABINZAEEM.tahab.workspace,4f63f382a5840a6af4c156dd8a5ff6e369985bc9a161b3cfc0a24beb7503dc87,Proteus workspace sidecar,local-only reproducible infrastructure or disposable Proteus state,"preserved on disk, explicitly excluded from Git",*.workspace
experiments/capacitor_v12_requested15_temp_2026_05_31/02_SERIES_CIRCUIT/02_SERIES_CIRCUIT.pdsprj.M_TAHABINZAEEM.tahab.workspace,proteus/experiments/runs/capacitor_v12_requested15_temp_2026_05_31/02_SERIES_CIRCUIT/02_SERIES_CIRCUIT.pdsprj.M_TAHABINZAEEM.tahab.workspace,19c2daaa878f7ba1cc643c89afe083b9e1c4e16943807edf92297ad9c7de72f9,Proteus workspace sidecar,local-only reproducible infrastructure or disposable Proteus state,"preserved on disk, explicitly excluded from Git",*.workspace
experiments/capacitor_v12_requested15_temp_2026_05_31/03_PARALLEL_CIRCUIT/03_PARALLEL_CIRCUIT.pdsprj.M_TAHABINZAEEM.tahab.workspace,proteus/experiments/runs/capacitor_v12_requested15_temp_2026_05_31/03_PARALLEL_CIRCUIT/03_PARALLEL_CIRCUIT.pdsprj.M_TAHABINZAEEM.tahab.workspace,fc0cd626abfa0cae151f3ba054005b9402f3ecd6413fc501b9657aad1d869880,Proteus workspace sidecar,local-only reproducible infrastructure or disposable Proteus state,"preserved on disk, explicitly excluded from Git",*.workspace
experiments/capacitor_v12_requested15_temp_2026_05_31/04_SERIES_PARALLEL_COMBO/04_SERIES_PARALLEL_COMBO.pdsprj.M_TAHABINZAEEM.tahab.workspace,proteus/experiments/runs/capacitor_v12_requested15_temp_2026_05_31/04_SERIES_PARALLEL_COMBO/04_SERIES_PARALLEL_COMBO.pdsprj.M_TAHABINZAEEM.tahab.workspace,c7adf6e09621db7a6735ea1530f00f877b05ceb7e586563eee2367ce6fc91a8e,Proteus workspace sidecar,local-only reproducible infrastructure or disposable Proteus state,"preserved on disk, explicitly excluded from Git",*.workspace
experiments/capacitor_v12_requested15_temp_2026_05_31/05_BASIC_VOLTAGE_DIVIDER/05_BASIC_VOLTAGE_DIVIDER.pdsprj.M_TAHABINZAEEM.tahab.workspace,proteus/experiments/runs/capacitor_v12_requested15_temp_2026_05_31/05_BASIC_VOLTAGE_DIVIDER/05_BASIC_VOLTAGE_DIVIDER.pdsprj.M_TAHABINZAEEM.tahab.workspace,a31b5e5f4850ba13629eb67c6bb32161fa01c95597255e6381960cbde2ce52d9,Proteus workspace sidecar,local-only reproducible infrastructure or disposable Proteus state,"preserved on disk, explicitly excluded from Git",*.workspace
experiments/capacitor_v12_requested15_temp_2026_05_31/06_MULTI_STEP_VOLTAGE_DIVIDER/06_MULTI_STEP_VOLTAGE_DIVIDER.pdsprj.M_TAHABINZAEEM.tahab.workspace,proteus/experiments/runs/capacitor_v12_requested15_temp_2026_05_31/06_MULTI_STEP_VOLTAGE_DIVIDER/06_MULTI_STEP_VOLTAGE_DIVIDER.pdsprj.M_TAHABINZAEEM.tahab.workspace,94666cbbdb729444a448129a6982e8fc14afe1443d18be5daab65a784836a12d,Proteus workspace sidecar,local-only reproducible infrastructure or disposable Proteus state,"preserved on disk, explicitly excluded from Git",*.workspace
experiments/capacitor_v12_requested15_temp_2026_05_31/07_CURRENT_DIVIDER/07_CURRENT_DIVIDER.pdsprj.M_TAHABINZAEEM.tahab.workspace,proteus/experiments/runs/capacitor_v12_requested15_temp_2026_05_31/07_CURRENT_DIVIDER/07_CURRENT_DIVIDER.pdsprj.M_TAHABINZAEEM.tahab.workspace,3428d0808d8eec4b06307232b8ac46e6d92eb9f0c07af8b5e942c6424570c8a2,Proteus workspace sidecar,local-only reproducible infrastructure or disposable Proteus state,"preserved on disk, explicitly excluded from Git",*.workspace
experiments/capacitor_v12_requested15_temp_2026_05_31/08_DELTA_NETWORK/08_DELTA_NETWORK.pdsprj.M_TAHABINZAEEM.tahab.workspace,proteus/experiments/runs/capacitor_v12_requested15_temp_2026_05_31/08_DELTA_NETWORK/08_DELTA_NETWORK.pdsprj.M_TAHABINZAEEM.tahab.workspace,d9d4e85f5499b463ccd0c3c30e6e83eded43d24927c6d513db44ac7a21547955,Proteus workspace sidecar,local-only reproducible infrastructure or disposable Proteus state,"preserved on disk, explicitly excluded from Git",*.workspace
experiments/capacitor_v12_requested15_temp_2026_05_31/09_STAR_Y_NETWORK/09_STAR_Y_NETWORK.pdsprj.M_TAHABINZAEEM.tahab.workspace,proteus/experiments/runs/capacitor_v12_requested15_temp_2026_05_31/09_STAR_Y_NETWORK/09_STAR_Y_NETWORK.pdsprj.M_TAHABINZAEEM.tahab.workspace,ace05e5f21a19491074958b094f4dd46217bf29895b7bc8581e3da8ba363211b,Proteus workspace sidecar,local-only reproducible infrastructure or disposable Proteus state,"preserved on disk, explicitly excluded from Git",*.workspace
experiments/capacitor_v12_requested15_temp_2026_05_31/10_DELTA_TO_STAR_SETUP/10_DELTA_TO_STAR_SETUP.pdsprj.M_TAHABINZAEEM.tahab.workspace,proteus/experiments/runs/capacitor_v12_requested15_temp_2026_05_31/10_DELTA_TO_STAR_SETUP/10_DELTA_TO_STAR_SETUP.pdsprj.M_TAHABINZAEEM.tahab.workspace,c3d4a6801bae1fc8bbdac3a5459ab37f169106ec15cb5c6b838ec0bad415ae99,Proteus workspace sidecar,local-only reproducible infrastructure or disposable Proteus state,"preserved on disk, explicitly excluded from Git",*.workspace
experiments/capacitor_v12_requested15_temp_2026_05_31/11_WHEATSTONE_BRIDGE/11_WHEATSTONE_BRIDGE.pdsprj.M_TAHABINZAEEM.tahab.workspace,proteus/experiments/runs/capacitor_v12_requested15_temp_2026_05_31/11_WHEATSTONE_BRIDGE/11_WHEATSTONE_BRIDGE.pdsprj.M_TAHABINZAEEM.tahab.workspace,4d969629e5603df51022486c918f0534e1e10d6d42166373f7055d131dcb0dae,Proteus workspace sidecar,local-only reproducible infrastructure or disposable Proteus state,"preserved on disk, explicitly excluded from Git",*.workspace
experiments/capacitor_v12_requested15_temp_2026_05_31/12_BALANCED_WHEATSTONE_BRIDGE/12_BALANCED_WHEATSTONE_BRIDGE.pdsprj.M_TAHABINZAEEM.tahab.workspace,proteus/experiments/runs/capacitor_v12_requested15_temp_2026_05_31/12_BALANCED_WHEATSTONE_BRIDGE/12_BALANCED_WHEATSTONE_BRIDGE.pdsprj.M_TAHABINZAEEM.tahab.workspace,b056339639c3ae5806abf02d3b6f0b049840a1e222b7891c229f2d2666343cd5,Proteus workspace sidecar,local-only reproducible infrastructure or disposable Proteus state,"preserved on disk, explicitly excluded from Git",*.workspace
experiments/capacitor_v12_requested15_temp_2026_05_31/14_H_BRIDGE_RESISTOR_VERSION/14_H_BRIDGE_RESISTOR_VERSION.pdsprj.M_TAHABINZAEEM.tahab.workspace,proteus/experiments/runs/capacitor_v12_requested15_temp_2026_05_31/14_H_BRIDGE_RESISTOR_VERSION/14_H_BRIDGE_RESISTOR_VERSION.pdsprj.M_TAHABINZAEEM.tahab.workspace,d2e6b9824838c2da7285c0a4a83a0036204e3fa2cc0aee6f0c3fc19c9f801cf3,Proteus workspace sidecar,local-only reproducible infrastructure or disposable Proteus state,"preserved on disk, explicitly excluded from Git",*.workspace
experiments/capacitor_v12_requested15_temp_2026_05_31/15_R_2R_LADDER_NETWORK/15_R_2R_LADDER_NETWORK.pdsprj.M_TAHABINZAEEM.tahab.workspace,proteus/experiments/runs/capacitor_v12_requested15_temp_2026_05_31/15_R_2R_LADDER_NETWORK/15_R_2R_LADDER_NETWORK.pdsprj.M_TAHABINZAEEM.tahab.workspace,47740e25d35862bb2951c4af64b60689bf06b90c8f77b697b072765613e32e7a,Proteus workspace sidecar,local-only reproducible infrastructure or disposable Proteus state,"preserved on disk, explicitly excluded from Git",*.workspace
experiments/capacitor_v13_power_ground_spacing_temp_2026_05_31/01_SIMPLE_LOOP/01_SIMPLE_LOOP.pdsprj.M_TAHABINZAEEM.tahab.workspace,proteus/experiments/runs/capacitor_v13_power_ground_spacing_temp_2026_05_31/01_SIMPLE_LOOP/01_SIMPLE_LOOP.pdsprj.M_TAHABINZAEEM.tahab.workspace,be46e5a837cffc54521ff7de4b985f4afd773d5428aead28cffed5863784bb96,Proteus workspace sidecar,local-only reproducible infrastructure or disposable Proteus state,"preserved on disk, explicitly excluded from Git",*.workspace
experiments/capacitor_v13_power_ground_spacing_temp_2026_05_31/02_SERIES_CIRCUIT/02_SERIES_CIRCUIT.pdsprj.M_TAHABINZAEEM.tahab.workspace,proteus/experiments/runs/capacitor_v13_power_ground_spacing_temp_2026_05_31/02_SERIES_CIRCUIT/02_SERIES_CIRCUIT.pdsprj.M_TAHABINZAEEM.tahab.workspace,3b65ae704b1a30c3c3b9d84dd6c799a782f2f4176f79e1e7b47520bf6d72b2fe,Proteus workspace sidecar,local-only reproducible infrastructure or disposable Proteus state,"preserved on disk, explicitly excluded from Git",*.workspace
experiments/capacitor_v13_power_ground_spacing_temp_2026_05_31/03_PARALLEL_CIRCUIT/03_PARALLEL_CIRCUIT.pdsprj.M_TAHABINZAEEM.tahab.workspace,proteus/experiments/runs/capacitor_v13_power_ground_spacing_temp_2026_05_31/03_PARALLEL_CIRCUIT/03_PARALLEL_CIRCUIT.pdsprj.M_TAHABINZAEEM.tahab.workspace,02942640e4ee37ae80f77dacc31e807b44aa7d8fa1af242c7914f40e960db24b,Proteus workspace sidecar,local-only reproducible infrastructure or disposable Proteus state,"preserved on disk, explicitly excluded from Git",*.workspace
experiments/capacitor_v13_power_ground_spacing_temp_2026_05_31/04_SERIES_PARALLEL_COMBO/04_SERIES_PARALLEL_COMBO.pdsprj.M_TAHABINZAEEM.tahab.workspace,proteus/experiments/runs/capacitor_v13_power_ground_spacing_temp_2026_05_31/04_SERIES_PARALLEL_COMBO/04_SERIES_PARALLEL_COMBO.pdsprj.M_TAHABINZAEEM.tahab.workspace,cb2e1ac0e51651b3a2219efb35bc0c743e8ccd3d54cf502b5ee17eeada3ba862,Proteus workspace sidecar,local-only reproducible infrastructure or disposable Proteus state,"preserved on disk, explicitly excluded from Git",*.workspace
experiments/capacitor_v13_power_ground_spacing_temp_2026_05_31/05_BASIC_VOLTAGE_DIVIDER/05_BASIC_VOLTAGE_DIVIDER.pdsprj.M_TAHABINZAEEM.tahab.workspace,proteus/experiments/runs/capacitor_v13_power_ground_spacing_temp_2026_05_31/05_BASIC_VOLTAGE_DIVIDER/05_BASIC_VOLTAGE_DIVIDER.pdsprj.M_TAHABINZAEEM.tahab.workspace,78ab6083ed43eae90ad6981b9659f30cdd4acf906d23a1111fa9775993dd217f,Proteus workspace sidecar,local-only reproducible infrastructure or disposable Proteus state,"preserved on disk, explicitly excluded from Git",*.workspace
experiments/capacitor_v13_power_ground_spacing_temp_2026_05_31/06_MULTI_STEP_VOLTAGE_DIVIDER/06_MULTI_STEP_VOLTAGE_DIVIDER.pdsprj.M_TAHABINZAEEM.tahab.workspace,proteus/experiments/runs/capacitor_v13_power_ground_spacing_temp_2026_05_31/06_MULTI_STEP_VOLTAGE_DIVIDER/06_MULTI_STEP_VOLTAGE_DIVIDER.pdsprj.M_TAHABINZAEEM.tahab.workspace,d78259410abf2dfc1b05b3588196b80035dd8e17c56b0e7e82261a4d3c2f36df,Proteus workspace sidecar,local-only reproducible infrastructure or disposable Proteus state,"preserved on disk, explicitly excluded from Git",*.workspace
experiments/capacitor_v13_power_ground_spacing_temp_2026_05_31/07_CURRENT_DIVIDER/07_CURRENT_DIVIDER.pdsprj.M_TAHABINZAEEM.tahab.workspace,proteus/experiments/runs/capacitor_v13_power_ground_spacing_temp_2026_05_31/07_CURRENT_DIVIDER/07_CURRENT_DIVIDER.pdsprj.M_TAHABINZAEEM.tahab.workspace,dceba80c7f4c7d0e3988b996d073f626672aad56e9e8bfe92e46434dce85c216,Proteus workspace sidecar,local-only reproducible infrastructure or disposable Proteus state,"preserved on disk, explicitly excluded from Git",*.workspace
experiments/capacitor_v13_power_ground_spacing_temp_2026_05_31/08_DELTA_NETWORK/08_DELTA_NETWORK.pdsprj.M_TAHABINZAEEM.tahab.workspace,proteus/experiments/runs/capacitor_v13_power_ground_spacing_temp_2026_05_31/08_DELTA_NETWORK/08_DELTA_NETWORK.pdsprj.M_TAHABINZAEEM.tahab.workspace,5bb773e0e97317a0f6e17540d44d0be02d5dda2ffec369bd232d4fe1d290f652,Proteus workspace sidecar,local-only reproducible infrastructure or disposable Proteus state,"preserved on disk, explicitly excluded from Git",*.workspace
experiments/capacitor_v13_power_ground_spacing_temp_2026_05_31/09_STAR_Y_NETWORK/09_STAR_Y_NETWORK.pdsprj.M_TAHABINZAEEM.tahab.workspace,proteus/experiments/runs/capacitor_v13_power_ground_spacing_temp_2026_05_31/09_STAR_Y_NETWORK/09_STAR_Y_NETWORK.pdsprj.M_TAHABINZAEEM.tahab.workspace,f396f2efa720039ea1e680c13612bed97f2e438418a7f5969e757a4c009b5b7f,Proteus workspace sidecar,local-only reproducible infrastructure or disposable Proteus state,"preserved on disk, explicitly excluded from Git",*.workspace
experiments/capacitor_v13_power_ground_spacing_temp_2026_05_31/12_BALANCED_WHEATSTONE_BRIDGE/12_BALANCED_WHEATSTONE_BRIDGE.pdsprj.M_TAHABINZAEEM.tahab.workspace,proteus/experiments/runs/capacitor_v13_power_ground_spacing_temp_2026_05_31/12_BALANCED_WHEATSTONE_BRIDGE/12_BALANCED_WHEATSTONE_BRIDGE.pdsprj.M_TAHABINZAEEM.tahab.workspace,ce2e2be440bfb65172c61121f16f48db231371479f63567733ec7c8b5860831e,Proteus workspace sidecar,local-only reproducible infrastructure or disposable Proteus state,"preserved on disk, explicitly excluded from Git",*.workspace
experiments/capacitor_v13_power_ground_spacing_temp_2026_05_31/14_H_BRIDGE_RESISTOR_VERSION/14_H_BRIDGE_RESISTOR_VERSION.pdsprj.M_TAHABINZAEEM.tahab.workspace,proteus/experiments/runs/capacitor_v13_power_ground_spacing_temp_2026_05_31/14_H_BRIDGE_RESISTOR_VERSION/14_H_BRIDGE_RESISTOR_VERSION.pdsprj.M_TAHABINZAEEM.tahab.workspace,714467369e2d31e7b5f2fff7e5df1a2c5bfb8d876b6bb1fe65b1f1fbea16133f,Proteus workspace sidecar,local-only reproducible infrastructure or disposable Proteus state,"preserved on disk, explicitly excluded from Git",*.workspace
experiments/capacitor_v4_temp_2026_05_30/CAP_V4_T01_EXACT_T01_SINGLE_CAP/CAP_V4_T01_EXACT_T01_SINGLE_CAP.pdsprj.M_TAHABINZAEEM.tahab.workspace,proteus/experiments/runs/capacitor_v4_temp_2026_05_30/CAP_V4_T01_EXACT_T01_SINGLE_CAP/CAP_V4_T01_EXACT_T01_SINGLE_CAP.pdsprj.M_TAHABINZAEEM.tahab.workspace,83e190e3626fe58a8c77cdf52e832afa389fe652efdd20821db42a44edf98c4c,Proteus workspace sidecar,local-only reproducible infrastructure or disposable Proteus state,"preserved on disk, explicitly excluded from Git",*.workspace
experiments/capacitor_v4_temp_2026_05_30/CAP_V4_T02_EXACT_T02_TERMINAL_CAP_TERMINAL/CAP_V4_T02_EXACT_T02_TERMINAL_CAP_TERMINAL.pdsprj.M_TAHABINZAEEM.tahab.workspace,proteus/experiments/runs/capacitor_v4_temp_2026_05_30/CAP_V4_T02_EXACT_T02_TERMINAL_CAP_TERMINAL/CAP_V4_T02_EXACT_T02_TERMINAL_CAP_TERMINAL.pdsprj.M_TAHABINZAEEM.tahab.workspace,6e73cbb16047c517bd31cd72eacb9640967e0849b52513bdad43f5a5eccd0d62,Proteus workspace sidecar,local-only reproducible infrastructure or disposable Proteus state,"preserved on disk, explicitly excluded from Git",*.workspace
experiments/capacitor_v4_temp_2026_05_30/CAP_V4_T03_PATCHED_C2_SAME_POSITION/CAP_V4_T03_PATCHED_C2_SAME_POSITION.pdsprj.M_TAHABINZAEEM.tahab.workspace,proteus/experiments/runs/capacitor_v4_temp_2026_05_30/CAP_V4_T03_PATCHED_C2_SAME_POSITION/CAP_V4_T03_PATCHED_C2_SAME_POSITION.pdsprj.M_TAHABINZAEEM.tahab.workspace,e3f1dfee8c014665d609fa37d1e7c1fece5a46c0641f361d5d93605196f000e9,Proteus workspace sidecar,local-only reproducible infrastructure or disposable Proteus state,"preserved on disk, explicitly excluded from Git",*.workspace
experiments/capacitor_v4_temp_2026_05_30/CAP_V4_T04_TRANSLATED_T02_GROUP/CAP_V4_T04_TRANSLATED_T02_GROUP.pdsprj.M_TAHABINZAEEM.tahab.workspace,proteus/experiments/runs/capacitor_v4_temp_2026_05_30/CAP_V4_T04_TRANSLATED_T02_GROUP/CAP_V4_T04_TRANSLATED_T02_GROUP.pdsprj.M_TAHABINZAEEM.tahab.workspace,57919298db1419aef8285a48ea9bbf4ff2693afd1105c822017c877b08de1f8d,Proteus workspace sidecar,local-only reproducible infrastructure or disposable Proteus state,"preserved on disk, explicitly excluded from Git",*.workspace
experiments/capacitor_v5_cap3_temp_2026_05_30/CAP_V5_T01_EXACT_CAP3_TRANSPLANT/CAP_V5_T01_EXACT_CAP3_TRANSPLANT.pdsprj.M_TAHABINZAEEM.tahab.workspace,proteus/experiments/runs/capacitor_v5_cap3_temp_2026_05_30/CAP_V5_T01_EXACT_CAP3_TRANSPLANT/CAP_V5_T01_EXACT_CAP3_TRANSPLANT.pdsprj.M_TAHABINZAEEM.tahab.workspace,c753748c50ddfede663f65575221c76704457afc2d0e2ccc9c87e42fea33f4fc,Proteus workspace sidecar,local-only reproducible infrastructure or disposable Proteus state,"preserved on disk, explicitly excluded from Git",*.workspace
experiments/capacitor_v5_cap3_temp_2026_05_30/CAP_V5_T02_REGENERATED_CAP3_EXACT/CAP_V5_T02_REGENERATED_CAP3_EXACT.pdsprj.M_TAHABINZAEEM.tahab.workspace,proteus/experiments/runs/capacitor_v5_cap3_temp_2026_05_30/CAP_V5_T02_REGENERATED_CAP3_EXACT/CAP_V5_T02_REGENERATED_CAP3_EXACT.pdsprj.M_TAHABINZAEEM.tahab.workspace,3110d7a7a4a927dcbe563bc029a29833417b616b1ccb80c2db3f0eef6818200f,Proteus workspace sidecar,local-only reproducible infrastructure or disposable Proteus state,"preserved on disk, explicitly excluded from Git",*.workspace
experiments/capacitor_v5_cap3_temp_2026_05_30/CAP_V5_T03_TWO_FREE_CAPS_ZERO_FLAGS/CAP_V5_T03_TWO_FREE_CAPS_ZERO_FLAGS.pdsprj.M_TAHABINZAEEM.tahab.workspace,proteus/experiments/runs/capacitor_v5_cap3_temp_2026_05_30/CAP_V5_T03_TWO_FREE_CAPS_ZERO_FLAGS/CAP_V5_T03_TWO_FREE_CAPS_ZERO_FLAGS.pdsprj.M_TAHABINZAEEM.tahab.workspace,1feb9f04c16d6ba0e328f96f9adac2a9f4ef3ea9de16f7052079fcadb1ab0c90,Proteus workspace sidecar,local-only reproducible infrastructure or disposable Proteus state,"preserved on disk, explicitly excluded from Git",*.workspace
experiments/capacitor_v5_cap3_temp_2026_05_30/CAP_V5_T04_TWO_FREE_CAPS_DONOR_FLAG/CAP_V5_T04_TWO_FREE_CAPS_DONOR_FLAG.pdsprj.M_TAHABINZAEEM.tahab.workspace,proteus/experiments/runs/capacitor_v5_cap3_temp_2026_05_30/CAP_V5_T04_TWO_FREE_CAPS_DONOR_FLAG/CAP_V5_T04_TWO_FREE_CAPS_DONOR_FLAG.pdsprj.M_TAHABINZAEEM.tahab.workspace,2b7e9246e4bf1f1cef3a2ba5bf77ccbf6a4e5d6508e24931111eb6355addeab9,Proteus workspace sidecar,local-only reproducible infrastructure or disposable Proteus state,"preserved on disk, explicitly excluded from Git",*.workspace
experiments/capacitor_v5_cap3_temp_2026_05_30/CAP_V5_T05_THREE_FREE_CAPS_TRANSLATED/CAP_V5_T05_THREE_FREE_CAPS_TRANSLATED.pdsprj.M_TAHABINZAEEM.tahab.workspace,proteus/experiments/runs/capacitor_v5_cap3_temp_2026_05_30/CAP_V5_T05_THREE_FREE_CAPS_TRANSLATED/CAP_V5_T05_THREE_FREE_CAPS_TRANSLATED.pdsprj.M_TAHABINZAEEM.tahab.workspace,775fe2fc67e12ba8e6e6ca7d084e799270f2fb148b3004500e9f577a3a33056a,Proteus workspace sidecar,local-only reproducible infrastructure or disposable Proteus state,"preserved on disk, explicitly excluded from Git",*.workspace
experiments/capacitor_v5_cap3_temp_2026_05_30/CAP_V5_T06_THREE_FREE_CAPS_RENAMED/CAP_V5_T06_THREE_FREE_CAPS_RENAMED.pdsprj.M_TAHABINZAEEM.tahab.workspace,proteus/experiments/runs/capacitor_v5_cap3_temp_2026_05_30/CAP_V5_T06_THREE_FREE_CAPS_RENAMED/CAP_V5_T06_THREE_FREE_CAPS_RENAMED.pdsprj.M_TAHABINZAEEM.tahab.workspace,8b4230fd9a83cc89498fdae55851ab7a66834763855ddbe67cfd62964db55bfa,Proteus workspace sidecar,local-only reproducible infrastructure or disposable Proteus state,"preserved on disk, explicitly excluded from Git",*.workspace
experiments/capacitor_v6_terminal_reintro_temp_2026_05_30/CAP_V6_T04_TWO_TERMINAL_CAPS_CAP_SUFFIX_TERMS_FIRST/CAP_V6_T04_TWO_TERMINAL_CAPS_CAP_SUFFIX_TERMS_FIRST.pdsprj.M_TAHABINZAEEM.tahab.workspace,proteus/experiments/runs/capacitor_v6_terminal_reintro_temp_2026_05_30/CAP_V6_T04_TWO_TERMINAL_CAPS_CAP_SUFFIX_TERMS_FIRST/CAP_V6_T04_TWO_TERMINAL_CAPS_CAP_SUFFIX_TERMS_FIRST.pdsprj.M_TAHABINZAEEM.tahab.workspace,fb132ecfa92e8c2f9c0a3e752babcd4aac5f99aa8610ade5ace11936530dc343,Proteus workspace sidecar,local-only reproducible infrastructure or disposable Proteus state,"preserved on disk, explicitly excluded from Git",*.workspace
experiments/capacitor_v6_terminal_reintro_temp_2026_05_30/CAP_V6_T05_TWO_TERMINAL_CAPS_RES_SUFFIX_TERMS_FIRST/CAP_V6_T05_TWO_TERMINAL_CAPS_RES_SUFFIX_TERMS_FIRST.pdsprj.M_TAHABINZAEEM.tahab.workspace,proteus/experiments/runs/capacitor_v6_terminal_reintro_temp_2026_05_30/CAP_V6_T05_TWO_TERMINAL_CAPS_RES_SUFFIX_TERMS_FIRST/CAP_V6_T05_TWO_TERMINAL_CAPS_RES_SUFFIX_TERMS_FIRST.pdsprj.M_TAHABINZAEEM.tahab.workspace,663ea9758742f935ec5c44c24267da5472a80e9794f6f06e2fca8b2469097e35,Proteus workspace sidecar,local-only reproducible infrastructure or disposable Proteus state,"preserved on disk, explicitly excluded from Git",*.workspace
experiments/capacitor_v8_terminal_order_temp_2026_05_31/CAP_V8_T01_V7_T05_REPRO_FREE_FIRST_TERMINAL_LAST/CAP_V8_T01_V7_T05_REPRO_FREE_FIRST_TERMINAL_LAST.pdsprj.M_TAHABINZAEEM.tahab.workspace,proteus/experiments/runs/capacitor_v8_terminal_order_temp_2026_05_31/CAP_V8_T01_V7_T05_REPRO_FREE_FIRST_TERMINAL_LAST/CAP_V8_T01_V7_T05_REPRO_FREE_FIRST_TERMINAL_LAST.pdsprj.M_TAHABINZAEEM.tahab.workspace,8d63bce2d10c6e17c205d9e2e3948e76f68449f2b80ed67cc88d53ee7ed0e9f6,Proteus workspace sidecar,local-only reproducible infrastructure or disposable Proteus state,"preserved on disk, explicitly excluded from Git",*.workspace
experiments/capacitor_v9_unique_index_temp_2026_05_31/CAP_V9_T01_V8_T01_REPRO_GUARD/CAP_V9_T01_V8_T01_REPRO_GUARD.pdsprj.M_TAHABINZAEEM.tahab.workspace,proteus/experiments/runs/capacitor_v9_unique_index_temp_2026_05_31/CAP_V9_T01_V8_T01_REPRO_GUARD/CAP_V9_T01_V8_T01_REPRO_GUARD.pdsprj.M_TAHABINZAEEM.tahab.workspace,cb2e1ac0e51651b3a2219efb35bc0c743e8ccd3d54cf502b5ee17eeada3ba862,Proteus workspace sidecar,local-only reproducible infrastructure or disposable Proteus state,"preserved on disk, explicitly excluded from Git",*.workspace
experiments/capacitor_v9_unique_index_temp_2026_05_31/CAP_V9_T03_TWO_TERMINAL_RES_SUFFIX_TERMS_FIRST_UNIQUE_INDEX/CAP_V9_T03_TWO_TERMINAL_RES_SUFFIX_TERMS_FIRST_UNIQUE_INDEX.pdsprj.M_TAHABINZAEEM.tahab.workspace,proteus/experiments/runs/capacitor_v9_unique_index_temp_2026_05_31/CAP_V9_T03_TWO_TERMINAL_RES_SUFFIX_TERMS_FIRST_UNIQUE_INDEX/CAP_V9_T03_TWO_TERMINAL_RES_SUFFIX_TERMS_FIRST_UNIQUE_INDEX.pdsprj.M_TAHABINZAEEM.tahab.workspace,cb2e1ac0e51651b3a2219efb35bc0c743e8ccd3d54cf502b5ee17eeada3ba862,Proteus workspace sidecar,local-only reproducible infrastructure or disposable Proteus state,"preserved on disk, explicitly excluded from Git",*.workspace
new during reorganization,proteus/experiments/runs/catalogue_terminal_main_donor_v10_temp_2026_07_07/E01_4511_23X_NO_TERMINAL_CONTROL/E01_4511_23X_NO_TERMINAL_CONTROL.pdsprj.Vincero.Empty.workspace,db63b01d894a85d865d1e2a792a35ee1d513f5cb429cb0595aecca0132596067,Proteus workspace sidecar,local-only reproducible infrastructure or disposable Proteus state,"preserved on disk, explicitly excluded from Git",*.workspace
new during reorganization,proteus/experiments/runs/catalogue_terminal_main_donor_v10_temp_2026_07_07/E01_4511_9X_NO_TERMINAL_CONTROL/E01_4511_9X_NO_TERMINAL_CONTROL.pdsprj.Vincero.Empty.workspace,8e316abdc9cc90444b63267c4d472f49f7991fafb48400c8f85cb10aba82403b,Proteus workspace sidecar,local-only reproducible infrastructure or disposable Proteus state,"preserved on disk, explicitly excluded from Git",*.workspace
new during reorganization,proteus/experiments/runs/catalogue_terminal_main_donor_v10_temp_2026_07_07/E04_74HC04_1X_NO_TERMINAL_CONTROL/E04_74HC04_1X_NO_TERMINAL_CONTROL.pdsprj.Vincero.Empty.workspace,d231b036ef62ddbd8de07e31a09dc45cc2468b0d6392afe2f930adcdbbb4d47a,Proteus workspace sidecar,local-only reproducible infrastructure or disposable Proteus state,"preserved on disk, explicitly excluded from Git",*.workspace
new during reorganization,"proteus/experiments/runs/catalogue_terminal_main_donor_v10_temp_2026_07_07/E04_74HC04_1X_NO_TERMINAL_CONTROL/Project Backups/E04_74HC04_1X_NO_TERMINAL_CONTROL [20260708, 23-06-22].pdsprj",b4db60fa31c02babfb43ec25e0c5ce6bfe53262f9b4eb01995526195a4450844,Proteus application backup,local-only reproducible infrastructure or disposable Proteus state,"preserved on disk, explicitly excluded from Git",**/Project Backups/
new during reorganization,proteus/experiments/runs/catalogue_terminal_main_donor_v10_temp_2026_07_07/E04_74HC04_9X_NO_TERMINAL_CONTROL/E04_74HC04_9X_NO_TERMINAL_CONTROL.pdsprj.Vincero.Empty.workspace,e6865e91b7fb79f6b2c993fc8619a54262c87eec1a265b3e6a1eb2cc6a4883ef,Proteus workspace sidecar,local-only reproducible infrastructure or disposable Proteus state,"preserved on disk, explicitly excluded from Git",*.workspace
new during reorganization,proteus/experiments/runs/catalogue_terminal_main_donor_v10_temp_2026_07_07/S02_74HC00_1X_CATALOGUE_TERMINAL/S02_74HC00_1X_CATALOGUE_TERMINAL_sa.pdsprj.Vincero.Empty.workspace,6b533bc9ce66ed7bf39e38eeaecd05819739a584c799becb789be4b806a90c69,Proteus workspace sidecar,local-only reproducible infrastructure or disposable Proteus state,"preserved on disk, explicitly excluded from Git",*.workspace
new during reorganization,proteus/experiments/runs/catalogue_terminal_main_donor_v10_temp_2026_07_07/S03_74HC02_23X_CATALOGUE_TERMINAL/S03_74HC02_23X_CATALOGUE_TERMINAL_sa.pdsprj.Vincero.Empty.workspace,ea0cb5f80881f7d1af8ebe220227d8b3019ab1552129067ecfb66065de4fd0d7,Proteus workspace sidecar,local-only reproducible infrastructure or disposable Proteus state,"preserved on disk, explicitly excluded from Git",*.workspace
new during reorganization,proteus/experiments/runs/catalogue_terminal_main_donor_v10_temp_2026_07_07/S03_74HC02_9X_CATALOGUE_TERMINAL/S03_74HC02_9X_CATALOGUE_TERMINAL_sa.pdsprj.Vincero.Empty.workspace,6b533bc9ce66ed7bf39e38eeaecd05819739a584c799becb789be4b806a90c69,Proteus workspace sidecar,local-only reproducible infrastructure or disposable Proteus state,"preserved on disk, explicitly excluded from Git",*.workspace
new during reorganization,proteus/experiments/runs/catalogue_terminal_main_donor_v10_temp_2026_07_07/S04_74HC04_23X_CATALOGUE_TERMINAL/S04_74HC04_23X_CATALOGUE_TERMINAL_sa.pdsprj.Vincero.Empty.workspace,6b533bc9ce66ed7bf39e38eeaecd05819739a584c799becb789be4b806a90c69,Proteus workspace sidecar,local-only reproducible infrastructure or disposable Proteus state,"preserved on disk, explicitly excluded from Git",*.workspace
new during reorganization,proteus/experiments/runs/catalogue_terminal_main_donor_v10_temp_2026_07_07/S05_74HC08_23X_CATALOGUE_TERMINAL/S05_74HC08_23X_CATALOGUE_TERMINAL_sa.pdsprj.Vincero.Empty.workspace,6b533bc9ce66ed7bf39e38eeaecd05819739a584c799becb789be4b806a90c69,Proteus workspace sidecar,local-only reproducible infrastructure or disposable Proteus state,"preserved on disk, explicitly excluded from Git",*.workspace
new during reorganization,proteus/experiments/runs/catalogue_terminal_main_donor_v10_temp_2026_07_07/S08_74HC32_23X_CATALOGUE_TERMINAL/S08_74HC32_23X_CATALOGUE_TERMINAL_sa.pdsprj.Vincero.Empty.workspace,6b533bc9ce66ed7bf39e38eeaecd05819739a584c799becb789be4b806a90c69,Proteus workspace sidecar,local-only reproducible infrastructure or disposable Proteus state,"preserved on disk, explicitly excluded from Git",*.workspace
new during reorganization,proteus/experiments/runs/combined_45_display_repair_v1_temp_2026_07_15/01_structural_probe/local_gate/P02_R_CAP_7SEG_AN_CC_TERMINALIZED_1X_gate_copy.pdsprj,4aa69d0f4080c683ca4e766f4d4b7b35c2f55b88354faf4c50ef3d12aed23711,Disposable Proteus loader copy,local-only reproducible infrastructure or disposable Proteus state,"preserved on disk, explicitly excluded from Git",**/*local*gate*/**/*.pdsprj
new during reorganization,"proteus/experiments/runs/combined_45_display_repair_v1_temp_2026_07_15/01_structural_probe/local_gate/Project Backups/P02_R_CAP_7SEG_AN_CC_TERMINALIZED_1X_gate_copy [20260715, 23-57-46].pdsprj",ced5aac73350ac75f26048410bee9bb5ea8a4622e93c8e2f51d6cbe83c6ae801,Disposable Proteus loader copy,local-only reproducible infrastructure or disposable Proteus state,"preserved on disk, explicitly excluded from Git",**/*local*gate*/**/*.pdsprj
new during reorganization,proteus/experiments/runs/combined_45_display_repair_v1_temp_2026_07_15/01_structural_probe/local_gate_authoritative_donor/both7segplaced_authoritative_gate_copy.pdsprj,74d0c4729234305037b4ae039c8a28ff520becf748dc64d56daa4b9ae3171b6c,Disposable Proteus loader copy,local-only reproducible infrastructure or disposable Proteus state,"preserved on disk, explicitly excluded from Git",**/*local*gate*/**/*.pdsprj
new during reorganization,proteus/experiments/runs/combined_45_display_repair_v1_temp_2026_07_15/01_structural_probe/local_gate_bare/P01_R_CAP_7SEG_AN_CC_BARE_gate_copy.pdsprj,1ae4458cb54e06c634c2e2aa50acc276d654b0bbe11e104db5bddf244253611d,Disposable Proteus loader copy,local-only reproducible infrastructure or disposable Proteus state,"preserved on disk, explicitly excluded from Git",**/*local*gate*/**/*.pdsprj
new during reorganization,proteus/experiments/runs/combined_45_display_repair_v1_temp_2026_07_15/01_structural_probe/local_gate_single_footer/P04_R_CAP_7SEG_AN_CC_SINGLE_FOOTER_TERMINALIZED_1X_CTRL_S_COPY.pdsprj,ce3edb2d652d08ca9bc876280e8a38aee884d2e7b17d8e605cf0c6488c31491e,Disposable Proteus loader copy,local-only reproducible infrastructure or disposable Proteus state,"preserved on disk, explicitly excluded from Git",**/*_COPY.pdsprj or **/*_GATE.pdsprj
new during reorganization,proteus/experiments/runs/combined_45_display_repair_v1_temp_2026_07_15/01_structural_probe/local_gate_single_footer/P04_R_CAP_7SEG_AN_CC_SINGLE_FOOTER_TERMINALIZED_1X_GATE_COPY.pdsprj,a841ba6060094fdf8ec1c937729ed383c4c8be0fa8e9a492decfcff6177d93d5,Disposable Proteus loader copy,local-only reproducible infrastructure or disposable Proteus state,"preserved on disk, explicitly excluded from Git",**/*_COPY.pdsprj or **/*_GATE.pdsprj
new during reorganization,"proteus/experiments/runs/combined_45_display_repair_v1_temp_2026_07_15/01_structural_probe/local_gate_single_footer/Project Backups/P04_R_CAP_7SEG_AN_CC_SINGLE_FOOTER_TERMINALIZED_1X_CTRL_S_COPY [20260716, 00-27-17].pdsprj",a841ba6060094fdf8ec1c937729ed383c4c8be0fa8e9a492decfcff6177d93d5,Disposable Proteus loader copy,local-only reproducible infrastructure or disposable Proteus state,"preserved on disk, explicitly excluded from Git",**/*local*gate*/**/*.pdsprj
new during reorganization,"proteus/experiments/runs/combined_45_display_repair_v1_temp_2026_07_15/01_structural_probe/local_gate_single_footer/Project Backups/P04_R_CAP_7SEG_AN_CC_SINGLE_FOOTER_TERMINALIZED_1X_CTRL_S_COPY [20260716, 00-27-26].pdsprj",7ced4a13059286b9b416758e6f228318ed76fe93a5777abcef63cc6f673e6ed6,Disposable Proteus loader copy,local-only reproducible infrastructure or disposable Proteus state,"preserved on disk, explicitly excluded from Git",**/*local*gate*/**/*.pdsprj
new during reorganization,proteus/experiments/runs/combined_45_display_repair_v1_temp_2026_07_15/01_structural_probe/local_gate_source_cdb/P03_R_CAP_7SEG_AN_CC_TERMINALIZED_SOURCE_CDB_gate_copy.pdsprj,93773a76eabdb41b4ce8c1133aaf660ba2363fde4e2ff13899f4283c327187dc,Disposable Proteus loader copy,local-only reproducible infrastructure or disposable Proteus state,"preserved on disk, explicitly excluded from Git",**/*local*gate*/**/*.pdsprj
new during reorganization,"proteus/experiments/runs/combined_45_display_repair_v1_temp_2026_07_15/01_structural_probe/local_gate_source_cdb/Project Backups/P03_R_CAP_7SEG_AN_CC_TERMINALIZED_SOURCE_CDB_gate_copy [20260716, 00-02-19].pdsprj",b0925481cdeccfcd0f15e8b9f863dd57a41176eab63fc9032287e0b5838a152c,Disposable Proteus loader copy,local-only reproducible infrastructure or disposable Proteus state,"preserved on disk, explicitly excluded from Git",**/*local*gate*/**/*.pdsprj
new during reorganization,proteus/experiments/runs/current_group_mixed_tail_oracle_v1_temp_2026_07_12/01_1x_user_donor_oracle/ALL_ACCEPTED_CURRENT_GROUP_1X_TAIL_ORACLE_sa.pdsprj.Vincero.Empty.workspace,79b04ac819b4777df23a3661e8193a91d1314e0cbbc0fdf839924bc665c7f944,Proteus workspace sidecar,local-only reproducible infrastructure or disposable Proteus state,"preserved on disk, explicitly excluded from Git",*.workspace
new during reorganization,proteus/experiments/runs/current_group_mixed_tail_oracle_v1_temp_2026_07_12/02_9x_full_current_group/ALL_ACCEPTED_CURRENT_GROUP_9X_TAIL_ORACLE_sa.pdsprj.Vincero.Empty.workspace,56406fdcd3f39b376ca2d10558a4c2d0c11aeb72e9f70fb3257014970e00c481,Proteus workspace sidecar,local-only reproducible infrastructure or disposable Proteus state,"preserved on disk, explicitly excluded from Git",*.workspace
new during reorganization,proteus/experiments/runs/current_group_mixed_tail_oracle_v1_temp_2026_07_12/03_15x_full_current_group/ALL_ACCEPTED_CURRENT_GROUP_15X_TAIL_ORACLE_sa.pdsprj.Vincero.Empty.workspace,6750263a55044ce723e96f9eb1ddddcf7992b7f628851c4d783fbd6f208a3e6d,Proteus workspace sidecar,local-only reproducible infrastructure or disposable Proteus state,"preserved on disk, explicitly excluded from Git",*.workspace
new during reorganization,proteus/experiments/runs/current_group_mixed_tail_oracle_v1_temp_2026_07_12/04_up_to_23x_full_current_group/ALL_ACCEPTED_CURRENT_GROUP_21X_CAPPED_FROM_23X_REQUEST_NO_TERMINAL.pdsprj.Vincero.Empty.workspace,a3c32c34b5674edeca6adfddb396a4a85e6deaab0c0d2aea4300d311b1c7c646,Proteus workspace sidecar,local-only reproducible infrastructure or disposable Proteus state,"preserved on disk, explicitly excluded from Git",*.workspace
new during reorganization,proteus/experiments/runs/current_group_mixed_tail_oracle_v1_temp_2026_07_12/local_proteus_gate/G01_1X_COLD_SAVE_REOPEN_COPY.pdsprj,0c6457e2abd3ff22735c9d97429d9a89cd091bf4695aeabda3c5dc26438d1f9f,Disposable Proteus loader copy,local-only reproducible infrastructure or disposable Proteus state,"preserved on disk, explicitly excluded from Git",**/*_COPY.pdsprj or **/*_GATE.pdsprj
new during reorganization,proteus/experiments/runs/current_group_mixed_tail_oracle_v1_temp_2026_07_12/local_proteus_gate/G01_1X_COLD_SAVE_REOPEN_COPY.pdsprj.Vincero.Empty.workspace,a3c32c34b5674edeca6adfddb396a4a85e6deaab0c0d2aea4300d311b1c7c646,Proteus workspace sidecar,local-only reproducible infrastructure or disposable Proteus state,"preserved on disk, explicitly excluded from Git",*.workspace
new during reorganization,proteus/experiments/runs/current_group_mixed_tail_oracle_v1_temp_2026_07_12/local_proteus_gate/G02_9X_COLD_SAVE_REOPEN_COPY.pdsprj,cc1832c0aa62ce0246ebb2dc916b1877b38fbba11e2173f4c1079379b465fb5c,Disposable Proteus loader copy,local-only reproducible infrastructure or disposable Proteus state,"preserved on disk, explicitly excluded from Git",**/*_COPY.pdsprj or **/*_GATE.pdsprj
new during reorganization,proteus/experiments/runs/current_group_mixed_tail_oracle_v1_temp_2026_07_12/local_proteus_gate/G02_9X_COLD_SAVE_REOPEN_COPY.pdsprj.Vincero.Empty.workspace,a3c32c34b5674edeca6adfddb396a4a85e6deaab0c0d2aea4300d311b1c7c646,Proteus workspace sidecar,local-only reproducible infrastructure or disposable Proteus state,"preserved on disk, explicitly excluded from Git",*.workspace
new during reorganization,proteus/experiments/runs/current_group_mixed_tail_oracle_v1_temp_2026_07_12/local_proteus_gate/G03_9X_FULL_POINTER_COLD_SAVE_REOPEN_COPY.pdsprj,429ebd108f2b0b1bf8be52b1c73c0b0f2a0049d1255d0dee8b988560e29f260c,Disposable Proteus loader copy,local-only reproducible infrastructure or disposable Proteus state,"preserved on disk, explicitly excluded from Git",**/*_COPY.pdsprj or **/*_GATE.pdsprj
new during reorganization,proteus/experiments/runs/current_group_mixed_tail_oracle_v1_temp_2026_07_12/local_proteus_gate/G04_15X_FULL_POINTER_COLD_SAVE_REOPEN_COPY.pdsprj,f9e1763f605e6c1b8d4e5a0be46af5eece7d334126e63c92178fcbd0dfe0891d,Disposable Proteus loader copy,local-only reproducible infrastructure or disposable Proteus state,"preserved on disk, explicitly excluded from Git",**/*_COPY.pdsprj or **/*_GATE.pdsprj
new during reorganization,proteus/experiments/runs/current_group_mixed_tail_oracle_v1_temp_2026_07_12/local_proteus_gate/G05_21X_CAPPED_FULL_POINTER_COLD_SAVE_REOPEN_COPY.pdsprj,4881a884541ebc06567f6d7f3bc10394d8ad349fedc9be67491abf93be2adf1b,Disposable Proteus loader copy,local-only reproducible infrastructure or disposable Proteus state,"preserved on disk, explicitly excluded from Git",**/*_COPY.pdsprj or **/*_GATE.pdsprj
new during reorganization,"proteus/experiments/runs/current_group_mixed_tail_oracle_v1_temp_2026_07_12/local_proteus_gate/Project Backups/G01_1X_COLD_SAVE_REOPEN_COPY [20260712, 23-59-08].pdsprj",a824f034fa0fdaa3e5f84bc014e88c7f8623f973aacda43e7c1993cf6539ebef,Disposable Proteus loader copy,local-only reproducible infrastructure or disposable Proteus state,"preserved on disk, explicitly excluded from Git",**/*local*gate*/**/*.pdsprj
new during reorganization,"proteus/experiments/runs/current_group_mixed_tail_oracle_v1_temp_2026_07_12/local_proteus_gate/Project Backups/G01_1X_COLD_SAVE_REOPEN_COPY [20260713, 00-06-28].pdsprj",ef6e2a31375ec97b6f79c99a0fd66c628a0dcfbcd00864911010a4887a070a31,Disposable Proteus loader copy,local-only reproducible infrastructure or disposable Proteus state,"preserved on disk, explicitly excluded from Git",**/*local*gate*/**/*.pdsprj
new during reorganization,"proteus/experiments/runs/current_group_mixed_tail_oracle_v1_temp_2026_07_12/local_proteus_gate/Project Backups/G02_9X_COLD_SAVE_REOPEN_COPY [20260713, 00-09-10].pdsprj",f21c477ee478698637277778399f3adcff8c5d4ed616af824dbb3fb6eec3710f,Disposable Proteus loader copy,local-only reproducible infrastructure or disposable Proteus state,"preserved on disk, explicitly excluded from Git",**/*local*gate*/**/*.pdsprj
new during reorganization,"proteus/experiments/runs/current_group_mixed_tail_oracle_v1_temp_2026_07_12/local_proteus_gate/Project Backups/G03_9X_FULL_POINTER_COLD_SAVE_REOPEN_COPY [20260713, 00-23-05].pdsprj",8174cd94da748b3f6bc77ef07018fab46d8772594f268c7c89aef0bdfcbd3013,Disposable Proteus loader copy,local-only reproducible infrastructure or disposable Proteus state,"preserved on disk, explicitly excluded from Git",**/*local*gate*/**/*.pdsprj
new during reorganization,"proteus/experiments/runs/current_group_mixed_tail_oracle_v1_temp_2026_07_12/local_proteus_gate/Project Backups/G04_15X_FULL_POINTER_COLD_SAVE_REOPEN_COPY [20260713, 00-25-15].pdsprj",6694e50400ba0ea2cf065ffa5689b7a9719b9b65c40bb13df1dc1d96cd23ded3,Disposable Proteus loader copy,local-only reproducible infrastructure or disposable Proteus state,"preserved on disk, explicitly excluded from Git",**/*local*gate*/**/*.pdsprj
new during reorganization,proteus/experiments/runs/current_group_terminal_solos_regenerated_v1_temp_2026_07_12/01_terminalized_solos_sa/T01_NMOSFET_1X_REGENERATED_sa/T01_NMOSFET_1X_REGENERATED_sa.pdsprj.Vincero.Empty.workspace,63a751c397c4cd9fc36fe895dcbab36206015bee8d1e1723fdd8702986e8a907,Proteus workspace sidecar,local-only reproducible infrastructure or disposable Proteus state,"preserved on disk, explicitly excluded from Git",*.workspace
new during reorganization,proteus/experiments/runs/current_group_terminal_solos_regenerated_v1_temp_2026_07_12/01_terminalized_solos_sa/T02_2N7000_1X_REGENERATED_sa/T02_2N7000_1X_REGENERATED_sa.pdsprj.Vincero.Empty.workspace,455bd7116e31fe7f949c106b30e5b79e3f023aad3cfde5359f18db9dfd7f45c1,Proteus workspace sidecar,local-only reproducible infrastructure or disposable Proteus state,"preserved on disk, explicitly excluded from Git",*.workspace
new during reorganization,proteus/experiments/runs/current_group_terminal_solos_regenerated_v1_temp_2026_07_12/01_terminalized_solos_sa/T03_BS170_1X_REGENERATED_sa/T03_BS170_1X_REGENERATED_sa.pdsprj.Vincero.Empty.workspace,5f0acadfa5e0358f882d6a9431fe4b25deb7a8ab025d2b4f62020fe3b60901b5,Proteus workspace sidecar,local-only reproducible infrastructure or disposable Proteus state,"preserved on disk, explicitly excluded from Git",*.workspace
new during reorganization,proteus/experiments/runs/current_group_terminal_solos_regenerated_v1_temp_2026_07_12/01_terminalized_solos_sa/T04_NPN_1X_REGENERATED_sa/T04_NPN_1X_REGENERATED_sa.pdsprj.Vincero.Empty.workspace,835b7e684c44219473e87d6d63b0e70960d2002df02b40f8b78f9030e4d2a395,Proteus workspace sidecar,local-only reproducible infrastructure or disposable Proteus state,"preserved on disk, explicitly excluded from Git",*.workspace
new during reorganization,proteus/experiments/runs/current_group_terminal_solos_regenerated_v1_temp_2026_07_12/01_terminalized_solos_sa/T06_2N3904_1X_REGENERATED_sa/T06_2N3904_1X_REGENERATED_sa.pdsprj.Vincero.Empty.workspace,21ae72329fffb216c7da17d1ab6058192ceb2758f6321dca7d13e3f15973ef3e,Proteus workspace sidecar,local-only reproducible infrastructure or disposable Proteus state,"preserved on disk, explicitly excluded from Git",*.workspace
new during reorganization,proteus/experiments/runs/current_group_terminal_solos_regenerated_v1_temp_2026_07_12/01_terminalized_solos_sa/T07_2N4401_1X_REGENERATED_sa/T07_2N4401_1X_REGENERATED_sa.pdsprj.Vincero.Empty.workspace,abbd5a340bd70cfb3c2c5205ff2b70de2b78cea32c05dd72e9fa9b8ce169f8d8,Proteus workspace sidecar,local-only reproducible infrastructure or disposable Proteus state,"preserved on disk, explicitly excluded from Git",*.workspace
experiments/dc_current_v10_anchor_terminals_temp_2026_06_03/DCI_V10_TEST_BATCH/DCI_V10_T00_CONN_DONOR/DCI_V10_T00_CONN_DONOR.pdsprj.M_TAHABINZAEEM.tahab.workspace,proteus/experiments/runs/dc_current_v10_anchor_terminals_temp_2026_06_03/DCI_V10_TEST_BATCH/DCI_V10_T00_CONN_DONOR/DCI_V10_T00_CONN_DONOR.pdsprj.M_TAHABINZAEEM.tahab.workspace,8f05d85ca4982799e7a4e34064247ed9fa9b92ac17e3c76e864a4fc1f15b07fe,Proteus workspace sidecar,local-only reproducible infrastructure or disposable Proteus state,"preserved on disk, explicitly excluded from Git",*.workspace
experiments/dc_current_v10_anchor_terminals_temp_2026_06_03/DCI_V10_TEST_BATCH/DCI_V10_T01_R_ONLY_ANCHOR/DCI_V10_T01_R_ONLY_ANCHOR.pdsprj.M_TAHABINZAEEM.tahab.workspace,proteus/experiments/runs/dc_current_v10_anchor_terminals_temp_2026_06_03/DCI_V10_TEST_BATCH/DCI_V10_T01_R_ONLY_ANCHOR/DCI_V10_T01_R_ONLY_ANCHOR.pdsprj.M_TAHABINZAEEM.tahab.workspace,8f05d85ca4982799e7a4e34064247ed9fa9b92ac17e3c76e864a4fc1f15b07fe,Proteus workspace sidecar,local-only reproducible infrastructure or disposable Proteus state,"preserved on disk, explicitly excluded from Git",*.workspace
experiments/dc_current_v11_dcv_style_devices_temp_2026_06_03/DCI_V11_TEST_BATCH/DCI_V11_T00_CURRENT_LOAD_DONOR/DCI_V11_T00_CURRENT_LOAD_DONOR.pdsprj.M_TAHABINZAEEM.tahab.workspace,proteus/experiments/runs/dc_current_v11_dcv_style_devices_temp_2026_06_03/DCI_V11_TEST_BATCH/DCI_V11_T00_CURRENT_LOAD_DONOR/DCI_V11_T00_CURRENT_LOAD_DONOR.pdsprj.M_TAHABINZAEEM.tahab.workspace,8f05d85ca4982799e7a4e34064247ed9fa9b92ac17e3c76e864a4fc1f15b07fe,Proteus workspace sidecar,local-only reproducible infrastructure or disposable Proteus state,"preserved on disk, explicitly excluded from Git",*.workspace
experiments/dc_current_v11_dcv_style_devices_temp_2026_06_03/DCI_V11_TEST_BATCH/DCI_V11_T01_R_ONLY_ANCHOR/DCI_V11_T01_R_ONLY_ANCHOR.pdsprj.M_TAHABINZAEEM.tahab.workspace,proteus/experiments/runs/dc_current_v11_dcv_style_devices_temp_2026_06_03/DCI_V11_TEST_BATCH/DCI_V11_T01_R_ONLY_ANCHOR/DCI_V11_T01_R_ONLY_ANCHOR.pdsprj.M_TAHABINZAEEM.tahab.workspace,8f05d85ca4982799e7a4e34064247ed9fa9b92ac17e3c76e864a4fc1f15b07fe,Proteus workspace sidecar,local-only reproducible infrastructure or disposable Proteus state,"preserved on disk, explicitly excluded from Git",*.workspace
experiments/dc_current_v12_manual_testing_study_temp_2026_06_03/DCI_V12_TEST_BATCH/DCI_V12_T00_ORIGINAL_MANUAL_TESTING_COPY/DCI_V12_T00_ORIGINAL_MANUAL_TESTING_COPY.pdsprj,proteus/experiments/runs/dc_current_v12_manual_testing_study_temp_2026_06_03/DCI_V12_TEST_BATCH/DCI_V12_T00_ORIGINAL_MANUAL_TESTING_COPY/DCI_V12_T00_ORIGINAL_MANUAL_TESTING_COPY.pdsprj,d85d3aecb555ef355d81f1a1855d588d6d14ff6b43d73a6b5245bbd503c4a5a4,Disposable Proteus loader copy,local-only reproducible infrastructure or disposable Proteus state,"preserved on disk, explicitly excluded from Git",**/*_COPY.pdsprj or **/*_GATE.pdsprj
experiments/dc_current_v12_manual_testing_study_temp_2026_06_03/DCI_V12_TEST_BATCH/DCI_V12_T00_ORIGINAL_MANUAL_TESTING_COPY/DCI_V12_T00_ORIGINAL_MANUAL_TESTING_COPY.pdsprj.M_TAHABINZAEEM.tahab.workspace,proteus/experiments/runs/dc_current_v12_manual_testing_study_temp_2026_06_03/DCI_V12_TEST_BATCH/DCI_V12_T00_ORIGINAL_MANUAL_TESTING_COPY/DCI_V12_T00_ORIGINAL_MANUAL_TESTING_COPY.pdsprj.M_TAHABINZAEEM.tahab.workspace,84b6734b8ce182471013de5bca762145a72d6a4e0a1b16ae29d9070adeddd57d,Proteus workspace sidecar,local-only reproducible infrastructure or disposable Proteus state,"preserved on disk, explicitly excluded from Git",*.workspace
experiments/dc_current_v12_manual_testing_study_temp_2026_06_03/DCI_V12_TEST_BATCH/DCI_V12_T01_MANUAL_TESTING_TRANSPLANT_E001/DCI_V12_T01_MANUAL_TESTING_TRANSPLANT_E001.pdsprj.M_TAHABINZAEEM.tahab.workspace,proteus/experiments/runs/dc_current_v12_manual_testing_study_temp_2026_06_03/DCI_V12_TEST_BATCH/DCI_V12_T01_MANUAL_TESTING_TRANSPLANT_E001/DCI_V12_T01_MANUAL_TESTING_TRANSPLANT_E001.pdsprj.M_TAHABINZAEEM.tahab.workspace,534628a7fa2285b349ede5713b023262f81bf0f7f977b44964916fa07e1ddad1,Proteus workspace sidecar,local-only reproducible infrastructure or disposable Proteus state,"preserved on disk, explicitly excluded from Git",*.workspace
experiments/dc_current_v12_manual_testing_study_temp_2026_06_03/DCI_V12_TEST_BATCH/DCI_V12_T02_DCV_GEOMETRY_CSOURCE_SIMPLE/DCI_V12_T02_DCV_GEOMETRY_CSOURCE_SIMPLE.pdsprj.M_TAHABINZAEEM.tahab.workspace,proteus/experiments/runs/dc_current_v12_manual_testing_study_temp_2026_06_03/DCI_V12_TEST_BATCH/DCI_V12_T02_DCV_GEOMETRY_CSOURCE_SIMPLE/DCI_V12_T02_DCV_GEOMETRY_CSOURCE_SIMPLE.pdsprj.M_TAHABINZAEEM.tahab.workspace,8f05d85ca4982799e7a4e34064247ed9fa9b92ac17e3c76e864a4fc1f15b07fe,Proteus workspace sidecar,local-only reproducible infrastructure or disposable Proteus state,"preserved on disk, explicitly excluded from Git",*.workspace
experiments/dc_current_v12_manual_testing_study_temp_2026_06_03/DCI_V12_TEST_BATCH/DCI_V12_T03_DCV_GEOMETRY_CSOURCE_6COMP/DCI_V12_T03_DCV_GEOMETRY_CSOURCE_6COMP.pdsprj.M_TAHABINZAEEM.tahab.workspace,proteus/experiments/runs/dc_current_v12_manual_testing_study_temp_2026_06_03/DCI_V12_TEST_BATCH/DCI_V12_T03_DCV_GEOMETRY_CSOURCE_6COMP/DCI_V12_T03_DCV_GEOMETRY_CSOURCE_6COMP.pdsprj.M_TAHABINZAEEM.tahab.workspace,8f05d85ca4982799e7a4e34064247ed9fa9b92ac17e3c76e864a4fc1f15b07fe,Proteus workspace sidecar,local-only reproducible infrastructure or disposable Proteus state,"preserved on disk, explicitly excluded from Git",*.workspace
experiments/dc_current_v12_manual_testing_study_temp_2026_06_03/DCI_V12_TEST_BATCH/DCI_V12_T04_MANUAL_SOURCE_UNIT_6COMP/DCI_V12_T04_MANUAL_SOURCE_UNIT_6COMP.pdsprj.M_TAHABINZAEEM.tahab.workspace,proteus/experiments/runs/dc_current_v12_manual_testing_study_temp_2026_06_03/DCI_V12_TEST_BATCH/DCI_V12_T04_MANUAL_SOURCE_UNIT_6COMP/DCI_V12_T04_MANUAL_SOURCE_UNIT_6COMP.pdsprj.M_TAHABINZAEEM.tahab.workspace,f7ec3f2f157373355149bd8e85d17eb57c3ded3d58c13cae39da07d20c01efc8,Proteus workspace sidecar,local-only reproducible infrastructure or disposable Proteus state,"preserved on disk, explicitly excluded from Git",*.workspace
experiments/dc_current_v13_15_topologies_temp_2026_06_04/DCI_V13_15_TOPOLOGIES_TEST_BATCH/DCI_V13_T01_01_SIMPLE_LOOP/DCI_V13_T01_01_SIMPLE_LOOP.pdsprj.M_TAHABINZAEEM.tahab.workspace,proteus/experiments/runs/dc_current_v13_15_topologies_temp_2026_06_04/DCI_V13_15_TOPOLOGIES_TEST_BATCH/DCI_V13_T01_01_SIMPLE_LOOP/DCI_V13_T01_01_SIMPLE_LOOP.pdsprj.M_TAHABINZAEEM.tahab.workspace,8f05d85ca4982799e7a4e34064247ed9fa9b92ac17e3c76e864a4fc1f15b07fe,Proteus workspace sidecar,local-only reproducible infrastructure or disposable Proteus state,"preserved on disk, explicitly excluded from Git",*.workspace
experiments/dc_current_v13_15_topologies_temp_2026_06_04/DCI_V13_15_TOPOLOGIES_TEST_BATCH/DCI_V13_T02_02_SERIES_CIRCUIT/DCI_V13_T02_02_SERIES_CIRCUIT.pdsprj.M_TAHABINZAEEM.tahab.workspace,proteus/experiments/runs/dc_current_v13_15_topologies_temp_2026_06_04/DCI_V13_15_TOPOLOGIES_TEST_BATCH/DCI_V13_T02_02_SERIES_CIRCUIT/DCI_V13_T02_02_SERIES_CIRCUIT.pdsprj.M_TAHABINZAEEM.tahab.workspace,b231798ac96cf8134bd9135631bcb75a6a6367d7ffc828e23471b9d75fd43252,Proteus workspace sidecar,local-only reproducible infrastructure or disposable Proteus state,"preserved on disk, explicitly excluded from Git",*.workspace
experiments/dc_current_v13_15_topologies_temp_2026_06_04/DCI_V13_15_TOPOLOGIES_TEST_BATCH/DCI_V13_T03_03_PARALLEL_CIRCUIT/DCI_V13_T03_03_PARALLEL_CIRCUIT.pdsprj.M_TAHABINZAEEM.tahab.workspace,proteus/experiments/runs/dc_current_v13_15_topologies_temp_2026_06_04/DCI_V13_15_TOPOLOGIES_TEST_BATCH/DCI_V13_T03_03_PARALLEL_CIRCUIT/DCI_V13_T03_03_PARALLEL_CIRCUIT.pdsprj.M_TAHABINZAEEM.tahab.workspace,ea77c6f368b20f7ad37be1c9490f926582e7e4ac0ba4fef043e3c8a159205426,Proteus workspace sidecar,local-only reproducible infrastructure or disposable Proteus state,"preserved on disk, explicitly excluded from Git",*.workspace
experiments/dc_current_v13_15_topologies_temp_2026_06_04/DCI_V13_15_TOPOLOGIES_TEST_BATCH/DCI_V13_T06_06_MULTI_STEP_VOLTAGE_DIVIDER/DCI_V13_T06_06_MULTI_STEP_VOLTAGE_DIVIDER.pdsprj.M_TAHABINZAEEM.tahab.workspace,proteus/experiments/runs/dc_current_v13_15_topologies_temp_2026_06_04/DCI_V13_15_TOPOLOGIES_TEST_BATCH/DCI_V13_T06_06_MULTI_STEP_VOLTAGE_DIVIDER/DCI_V13_T06_06_MULTI_STEP_VOLTAGE_DIVIDER.pdsprj.M_TAHABINZAEEM.tahab.workspace,ea77c6f368b20f7ad37be1c9490f926582e7e4ac0ba4fef043e3c8a159205426,Proteus workspace sidecar,local-only reproducible infrastructure or disposable Proteus state,"preserved on disk, explicitly excluded from Git",*.workspace
experiments/dc_current_v13_15_topologies_temp_2026_06_04/DCI_V13_15_TOPOLOGIES_TEST_BATCH/DCI_V13_T08_08_DELTA_NETWORK/DCI_V13_T08_08_DELTA_NETWORK.pdsprj.M_TAHABINZAEEM.tahab.workspace,proteus/experiments/runs/dc_current_v13_15_topologies_temp_2026_06_04/DCI_V13_15_TOPOLOGIES_TEST_BATCH/DCI_V13_T08_08_DELTA_NETWORK/DCI_V13_T08_08_DELTA_NETWORK.pdsprj.M_TAHABINZAEEM.tahab.workspace,8f05d85ca4982799e7a4e34064247ed9fa9b92ac17e3c76e864a4fc1f15b07fe,Proteus workspace sidecar,local-only reproducible infrastructure or disposable Proteus state,"preserved on disk, explicitly excluded from Git",*.workspace
experiments/dc_current_v13_15_topologies_temp_2026_06_04/DCI_V13_15_TOPOLOGIES_TEST_BATCH/DCI_V13_T09_09_STAR_Y_NETWORK/DCI_V13_T09_09_STAR_Y_NETWORK.pdsprj.M_TAHABINZAEEM.tahab.workspace,proteus/experiments/runs/dc_current_v13_15_topologies_temp_2026_06_04/DCI_V13_15_TOPOLOGIES_TEST_BATCH/DCI_V13_T09_09_STAR_Y_NETWORK/DCI_V13_T09_09_STAR_Y_NETWORK.pdsprj.M_TAHABINZAEEM.tahab.workspace,8f05d85ca4982799e7a4e34064247ed9fa9b92ac17e3c76e864a4fc1f15b07fe,Proteus workspace sidecar,local-only reproducible infrastructure or disposable Proteus state,"preserved on disk, explicitly excluded from Git",*.workspace
experiments/dc_current_v13_15_topologies_temp_2026_06_04/DCI_V13_15_TOPOLOGIES_TEST_BATCH/DCI_V13_T10_10_DELTA_TO_STAR_SETUP/DCI_V13_T10_10_DELTA_TO_STAR_SETUP.pdsprj.M_TAHABINZAEEM.tahab.workspace,proteus/experiments/runs/dc_current_v13_15_topologies_temp_2026_06_04/DCI_V13_15_TOPOLOGIES_TEST_BATCH/DCI_V13_T10_10_DELTA_TO_STAR_SETUP/DCI_V13_T10_10_DELTA_TO_STAR_SETUP.pdsprj.M_TAHABINZAEEM.tahab.workspace,f7ec3f2f157373355149bd8e85d17eb57c3ded3d58c13cae39da07d20c01efc8,Proteus workspace sidecar,local-only reproducible infrastructure or disposable Proteus state,"preserved on disk, explicitly excluded from Git",*.workspace
experiments/dc_current_v13_15_topologies_temp_2026_06_04/DCI_V13_15_TOPOLOGIES_TEST_BATCH/DCI_V13_T11_11_WHEATSTONE_BRIDGE/DCI_V13_T11_11_WHEATSTONE_BRIDGE.pdsprj.M_TAHABINZAEEM.tahab.workspace,proteus/experiments/runs/dc_current_v13_15_topologies_temp_2026_06_04/DCI_V13_15_TOPOLOGIES_TEST_BATCH/DCI_V13_T11_11_WHEATSTONE_BRIDGE/DCI_V13_T11_11_WHEATSTONE_BRIDGE.pdsprj.M_TAHABINZAEEM.tahab.workspace,8f05d85ca4982799e7a4e34064247ed9fa9b92ac17e3c76e864a4fc1f15b07fe,Proteus workspace sidecar,local-only reproducible infrastructure or disposable Proteus state,"preserved on disk, explicitly excluded from Git",*.workspace
experiments/dc_current_v13_15_topologies_temp_2026_06_04/DCI_V13_15_TOPOLOGIES_TEST_BATCH/DCI_V13_T12_12_BALANCED_WHEATSTONE_BRIDGE/DCI_V13_T12_12_BALANCED_WHEATSTONE_BRIDGE.pdsprj.M_TAHABINZAEEM.tahab.workspace,proteus/experiments/runs/dc_current_v13_15_topologies_temp_2026_06_04/DCI_V13_15_TOPOLOGIES_TEST_BATCH/DCI_V13_T12_12_BALANCED_WHEATSTONE_BRIDGE/DCI_V13_T12_12_BALANCED_WHEATSTONE_BRIDGE.pdsprj.M_TAHABINZAEEM.tahab.workspace,3c9f9f77be93a77d9fcd015f6a796be4d55ad80ed13ad70374a676e7d92f792f,Proteus workspace sidecar,local-only reproducible infrastructure or disposable Proteus state,"preserved on disk, explicitly excluded from Git",*.workspace
experiments/dc_current_v13_15_topologies_temp_2026_06_04/DCI_V13_15_TOPOLOGIES_TEST_BATCH/DCI_V13_T13_13_UNBALANCED_WHEATSTONE_BRIDGE/DCI_V13_T13_13_UNBALANCED_WHEATSTONE_BRIDGE.pdsprj.M_TAHABINZAEEM.tahab.workspace,proteus/experiments/runs/dc_current_v13_15_topologies_temp_2026_06_04/DCI_V13_15_TOPOLOGIES_TEST_BATCH/DCI_V13_T13_13_UNBALANCED_WHEATSTONE_BRIDGE/DCI_V13_T13_13_UNBALANCED_WHEATSTONE_BRIDGE.pdsprj.M_TAHABINZAEEM.tahab.workspace,8f05d85ca4982799e7a4e34064247ed9fa9b92ac17e3c76e864a4fc1f15b07fe,Proteus workspace sidecar,local-only reproducible infrastructure or disposable Proteus state,"preserved on disk, explicitly excluded from Git",*.workspace
experiments/dc_current_v13_15_topologies_temp_2026_06_04/DCI_V13_15_TOPOLOGIES_TEST_BATCH/DCI_V13_T14_14_H_BRIDGE_RESISTOR_VERSION/DCI_V13_T14_14_H_BRIDGE_RESISTOR_VERSION.pdsprj.M_TAHABINZAEEM.tahab.workspace,proteus/experiments/runs/dc_current_v13_15_topologies_temp_2026_06_04/DCI_V13_15_TOPOLOGIES_TEST_BATCH/DCI_V13_T14_14_H_BRIDGE_RESISTOR_VERSION/DCI_V13_T14_14_H_BRIDGE_RESISTOR_VERSION.pdsprj.M_TAHABINZAEEM.tahab.workspace,3c9f9f77be93a77d9fcd015f6a796be4d55ad80ed13ad70374a676e7d92f792f,Proteus workspace sidecar,local-only reproducible infrastructure or disposable Proteus state,"preserved on disk, explicitly excluded from Git",*.workspace
experiments/dc_current_v13_15_topologies_temp_2026_06_04/DCI_V13_15_TOPOLOGIES_TEST_BATCH/DCI_V13_T15_15_R_2R_LADDER_NETWORK/DCI_V13_T15_15_R_2R_LADDER_NETWORK.pdsprj.M_TAHABINZAEEM.tahab.workspace,proteus/experiments/runs/dc_current_v13_15_topologies_temp_2026_06_04/DCI_V13_15_TOPOLOGIES_TEST_BATCH/DCI_V13_T15_15_R_2R_LADDER_NETWORK/DCI_V13_T15_15_R_2R_LADDER_NETWORK.pdsprj.M_TAHABINZAEEM.tahab.workspace,ea77c6f368b20f7ad37be1c9490f926582e7e4ac0ba4fef043e3c8a159205426,Proteus workspace sidecar,local-only reproducible infrastructure or disposable Proteus state,"preserved on disk, explicitly excluded from Git",*.workspace
experiments/dc_mixed_sources_v10_final_unit_temp_2026_06_05/DCMS_V10_T00_DONOR_COPY.pdsprj,proteus/experiments/runs/dc_mixed_sources_v10_final_unit_temp_2026_06_05/DCMS_V10_T00_DONOR_COPY.pdsprj,b25e04c905ccda879c3bc03e62a3d40246f710408e2221d5c9c8fd335e529aff,Disposable Proteus loader copy,local-only reproducible infrastructure or disposable Proteus state,"preserved on disk, explicitly excluded from Git",**/*_COPY.pdsprj or **/*_GATE.pdsprj
experiments/dc_mixed_sources_v10_final_unit_temp_2026_06_05/DCMS_V10_T00_DONOR_COPY.pdsprj.M_TAHABINZAEEM.tahab.workspace,proteus/experiments/runs/dc_mixed_sources_v10_final_unit_temp_2026_06_05/DCMS_V10_T00_DONOR_COPY.pdsprj.M_TAHABINZAEEM.tahab.workspace,358bd9e6cdbe3e4d2f59799a5342bc95297df3ece6eb4b8f891cf3ef2418cecc,Proteus workspace sidecar,local-only reproducible infrastructure or disposable Proteus state,"preserved on disk, explicitly excluded from Git",*.workspace
experiments/dc_mixed_sources_v10_final_unit_temp_2026_06_05/DCMS_V10_T01_DONOR_TRANSPLANT_E001/DCMS_V10_T01_DONOR_TRANSPLANT_E001.pdsprj.M_TAHABINZAEEM.tahab.workspace,proteus/experiments/runs/dc_mixed_sources_v10_final_unit_temp_2026_06_05/DCMS_V10_T01_DONOR_TRANSPLANT_E001/DCMS_V10_T01_DONOR_TRANSPLANT_E001.pdsprj.M_TAHABINZAEEM.tahab.workspace,246e8bbad2b445d72600cb19c54a5a5fb685564f5aae13999ecccf00d90b0aa2,Proteus workspace sidecar,local-only reproducible infrastructure or disposable Proteus state,"preserved on disk, explicitly excluded from Git",*.workspace
experiments/dc_mixed_sources_v10_final_unit_temp_2026_06_05/DCMS_V10_T02_DONOR_LABEL_DVO_TO_D0/DCMS_V10_T02_DONOR_LABEL_DVO_TO_D0.pdsprj.M_TAHABINZAEEM.tahab.workspace,proteus/experiments/runs/dc_mixed_sources_v10_final_unit_temp_2026_06_05/DCMS_V10_T02_DONOR_LABEL_DVO_TO_D0/DCMS_V10_T02_DONOR_LABEL_DVO_TO_D0.pdsprj.M_TAHABINZAEEM.tahab.workspace,3c771197cfbaaddbd5cb338b2fb44475a5cce0e087aff00744d1a3a4e61793ec,Proteus workspace sidecar,local-only reproducible infrastructure or disposable Proteus state,"preserved on disk, explicitly excluded from Git",*.workspace
experiments/dc_mixed_sources_v10_final_unit_temp_2026_06_05/DCMS_V10_T03_DONOR_OBJECT_GENERATED_CDB/DCMS_V10_T03_DONOR_OBJECT_GENERATED_CDB.pdsprj.M_TAHABINZAEEM.tahab.workspace,proteus/experiments/runs/dc_mixed_sources_v10_final_unit_temp_2026_06_05/DCMS_V10_T03_DONOR_OBJECT_GENERATED_CDB/DCMS_V10_T03_DONOR_OBJECT_GENERATED_CDB.pdsprj.M_TAHABINZAEEM.tahab.workspace,6537998560b53ae3ab6daee5de188b326716ea5844f21412c249cb8ff8f2c986,Proteus workspace sidecar,local-only reproducible infrastructure or disposable Proteus state,"preserved on disk, explicitly excluded from Git",*.workspace
experiments/dc_mixed_sources_v10_final_unit_temp_2026_06_05/DCMS_V10_T04_DONOR_D0_GENERATED_CDB/DCMS_V10_T04_DONOR_D0_GENERATED_CDB.pdsprj.M_TAHABINZAEEM.tahab.workspace,proteus/experiments/runs/dc_mixed_sources_v10_final_unit_temp_2026_06_05/DCMS_V10_T04_DONOR_D0_GENERATED_CDB/DCMS_V10_T04_DONOR_D0_GENERATED_CDB.pdsprj.M_TAHABINZAEEM.tahab.workspace,358bd9e6cdbe3e4d2f59799a5342bc95297df3ece6eb4b8f891cf3ef2418cecc,Proteus workspace sidecar,local-only reproducible infrastructure or disposable Proteus state,"preserved on disk, explicitly excluded from Git",*.workspace
experiments/dc_mixed_sources_v10_final_unit_temp_2026_06_05/DCMS_V10_T07_GENERATED_PREFIX_DONOR_FINAL_UNIT_D0/DCMS_V10_T07_GENERATED_PREFIX_DONOR_FINAL_UNIT_D0.pdsprj.M_TAHABINZAEEM.tahab.workspace,proteus/experiments/runs/dc_mixed_sources_v10_final_unit_temp_2026_06_05/DCMS_V10_T07_GENERATED_PREFIX_DONOR_FINAL_UNIT_D0/DCMS_V10_T07_GENERATED_PREFIX_DONOR_FINAL_UNIT_D0.pdsprj.M_TAHABINZAEEM.tahab.workspace,b1ae506bd53579e077bcd625bc8edc2d183a7dbb4df31ef0006cc0166afafe7d,Proteus workspace sidecar,local-only reproducible infrastructure or disposable Proteus state,"preserved on disk, explicitly excluded from Git",*.workspace
experiments/dc_mixed_sources_v10_final_unit_temp_2026_06_05/DCMS_V10_T08_GENERATED_PREFIX_DONOR_FINAL_UNIT_D0_GENERATED_CDB/DCMS_V10_T08_GENERATED_PREFIX_DONOR_FINAL_UNIT_D0_GENERATED_CDB.pdsprj.M_TAHABINZAEEM.tahab.workspace,proteus/experiments/runs/dc_mixed_sources_v10_final_unit_temp_2026_06_05/DCMS_V10_T08_GENERATED_PREFIX_DONOR_FINAL_UNIT_D0_GENERATED_CDB/DCMS_V10_T08_GENERATED_PREFIX_DONOR_FINAL_UNIT_D0_GENERATED_CDB.pdsprj.M_TAHABINZAEEM.tahab.workspace,052698050fe1f4f0a12b1b39ce293ab4e0298c05fb8a519060fc7c68ba08f58e,Proteus workspace sidecar,local-only reproducible infrastructure or disposable Proteus state,"preserved on disk, explicitly excluded from Git",*.workspace
experiments/dc_mixed_sources_v11_group_boundary_temp_2026_06_05/DCMS_V11_T00_DONOR_COPY.pdsprj,proteus/experiments/runs/dc_mixed_sources_v11_group_boundary_temp_2026_06_05/DCMS_V11_T00_DONOR_COPY.pdsprj,b25e04c905ccda879c3bc03e62a3d40246f710408e2221d5c9c8fd335e529aff,Disposable Proteus loader copy,local-only reproducible infrastructure or disposable Proteus state,"preserved on disk, explicitly excluded from Git",**/*_COPY.pdsprj or **/*_GATE.pdsprj
experiments/dc_mixed_sources_v11_group_boundary_temp_2026_06_05/DCMS_V11_T00_DONOR_COPY.pdsprj.M_TAHABINZAEEM.tahab.workspace,proteus/experiments/runs/dc_mixed_sources_v11_group_boundary_temp_2026_06_05/DCMS_V11_T00_DONOR_COPY.pdsprj.M_TAHABINZAEEM.tahab.workspace,358bd9e6cdbe3e4d2f59799a5342bc95297df3ece6eb4b8f891cf3ef2418cecc,Proteus workspace sidecar,local-only reproducible infrastructure or disposable Proteus state,"preserved on disk, explicitly excluded from Git",*.workspace
experiments/dc_mixed_sources_v11_group_boundary_temp_2026_06_05/DCMS_V11_T01_DONOR_OBJECT_GENERATED_CDB/DCMS_V11_T01_DONOR_OBJECT_GENERATED_CDB.pdsprj.M_TAHABINZAEEM.tahab.workspace,proteus/experiments/runs/dc_mixed_sources_v11_group_boundary_temp_2026_06_05/DCMS_V11_T01_DONOR_OBJECT_GENERATED_CDB/DCMS_V11_T01_DONOR_OBJECT_GENERATED_CDB.pdsprj.M_TAHABINZAEEM.tahab.workspace,358bd9e6cdbe3e4d2f59799a5342bc95297df3ece6eb4b8f891cf3ef2418cecc,Proteus workspace sidecar,local-only reproducible infrastructure or disposable Proteus state,"preserved on disk, explicitly excluded from Git",*.workspace
experiments/dc_mixed_sources_v11_group_boundary_temp_2026_06_05/DCMS_V11_T03_GENERATED_PREFIX_DONOR_GROUP9_SUFFIXMAP/DCMS_V11_T03_GENERATED_PREFIX_DONOR_GROUP9_SUFFIXMAP.pdsprj.M_TAHABINZAEEM.tahab.workspace,proteus/experiments/runs/dc_mixed_sources_v11_group_boundary_temp_2026_06_05/DCMS_V11_T03_GENERATED_PREFIX_DONOR_GROUP9_SUFFIXMAP/DCMS_V11_T03_GENERATED_PREFIX_DONOR_GROUP9_SUFFIXMAP.pdsprj.M_TAHABINZAEEM.tahab.workspace,358bd9e6cdbe3e4d2f59799a5342bc95297df3ece6eb4b8f891cf3ef2418cecc,Proteus workspace sidecar,local-only reproducible infrastructure or disposable Proteus state,"preserved on disk, explicitly excluded from Git",*.workspace
experiments/dc_mixed_sources_v11_group_boundary_temp_2026_06_05/DCMS_V11_T05_GENERATED_PREFIX_DONOR_GROUP7_SUFFIXMAP/DCMS_V11_T05_GENERATED_PREFIX_DONOR_GROUP7_SUFFIXMAP.pdsprj.M_TAHABINZAEEM.tahab.workspace,proteus/experiments/runs/dc_mixed_sources_v11_group_boundary_temp_2026_06_05/DCMS_V11_T05_GENERATED_PREFIX_DONOR_GROUP7_SUFFIXMAP/DCMS_V11_T05_GENERATED_PREFIX_DONOR_GROUP7_SUFFIXMAP.pdsprj.M_TAHABINZAEEM.tahab.workspace,358bd9e6cdbe3e4d2f59799a5342bc95297df3ece6eb4b8f891cf3ef2418cecc,Proteus workspace sidecar,local-only reproducible infrastructure or disposable Proteus state,"preserved on disk, explicitly excluded from Git",*.workspace
experiments/dc_mixed_sources_v12_suffixmap_coords_temp_2026_06_05/DCMS_V12_T00_DONOR_COPY.pdsprj,proteus/experiments/runs/dc_mixed_sources_v12_suffixmap_coords_temp_2026_06_05/DCMS_V12_T00_DONOR_COPY.pdsprj,b25e04c905ccda879c3bc03e62a3d40246f710408e2221d5c9c8fd335e529aff,Disposable Proteus loader copy,local-only reproducible infrastructure or disposable Proteus state,"preserved on disk, explicitly excluded from Git",**/*_COPY.pdsprj or **/*_GATE.pdsprj
experiments/dc_mixed_sources_v12_suffixmap_coords_temp_2026_06_05/DCMS_V12_T01_DONOR_OBJECT_GENERATED_CDB/DCMS_V12_T01_DONOR_OBJECT_GENERATED_CDB.pdsprj.M_TAHABINZAEEM.tahab.workspace,proteus/experiments/runs/dc_mixed_sources_v12_suffixmap_coords_temp_2026_06_05/DCMS_V12_T01_DONOR_OBJECT_GENERATED_CDB/DCMS_V12_T01_DONOR_OBJECT_GENERATED_CDB.pdsprj.M_TAHABINZAEEM.tahab.workspace,6853a008475289c3cc86fd50cda6fc4672d41a0b8838a250dea8ba7883719f84,Proteus workspace sidecar,local-only reproducible infrastructure or disposable Proteus state,"preserved on disk, explicitly excluded from Git",*.workspace
experiments/dc_mixed_sources_v12_suffixmap_coords_temp_2026_06_05/DCMS_V12_T02_GROUP9_SUFFIXMAP_CONTROL/DCMS_V12_T02_GROUP9_SUFFIXMAP_CONTROL.pdsprj.M_TAHABINZAEEM.tahab.workspace,proteus/experiments/runs/dc_mixed_sources_v12_suffixmap_coords_temp_2026_06_05/DCMS_V12_T02_GROUP9_SUFFIXMAP_CONTROL/DCMS_V12_T02_GROUP9_SUFFIXMAP_CONTROL.pdsprj.M_TAHABINZAEEM.tahab.workspace,d719008fad0324d4210fc76aa654ec2899b25aa62eb6052193ef0150e21b9682,Proteus workspace sidecar,local-only reproducible infrastructure or disposable Proteus state,"preserved on disk, explicitly excluded from Git",*.workspace
experiments/dc_mixed_sources_v12_suffixmap_coords_temp_2026_06_05/DCMS_V12_T03_GROUP9_SUFFIXMAP_VSOURCE_COORDS/DCMS_V12_T03_GROUP9_SUFFIXMAP_VSOURCE_COORDS.pdsprj.M_TAHABINZAEEM.tahab.workspace,proteus/experiments/runs/dc_mixed_sources_v12_suffixmap_coords_temp_2026_06_05/DCMS_V12_T03_GROUP9_SUFFIXMAP_VSOURCE_COORDS/DCMS_V12_T03_GROUP9_SUFFIXMAP_VSOURCE_COORDS.pdsprj.M_TAHABINZAEEM.tahab.workspace,8485648c760bc39b411a3478231f96a4015177694e473e8b50e213cd3256bcda,Proteus workspace sidecar,local-only reproducible infrastructure or disposable Proteus state,"preserved on disk, explicitly excluded from Git",*.workspace
experiments/dc_mixed_sources_v12_suffixmap_coords_temp_2026_06_05/DCMS_V12_T04_GROUP9_SUFFIXMAP_BOTH_COORDS/DCMS_V12_T04_GROUP9_SUFFIXMAP_BOTH_COORDS.pdsprj.M_TAHABINZAEEM.tahab.workspace,proteus/experiments/runs/dc_mixed_sources_v12_suffixmap_coords_temp_2026_06_05/DCMS_V12_T04_GROUP9_SUFFIXMAP_BOTH_COORDS/DCMS_V12_T04_GROUP9_SUFFIXMAP_BOTH_COORDS.pdsprj.M_TAHABINZAEEM.tahab.workspace,302c00167921cf2027ae22fd32a0f5efb5b6c003e6f7f79bdf7f5353eeac2842,Proteus workspace sidecar,local-only reproducible infrastructure or disposable Proteus state,"preserved on disk, explicitly excluded from Git",*.workspace
experiments/dc_mixed_sources_v12_suffixmap_coords_temp_2026_06_05/DCMS_V12_T05_GROUP7_SUFFIXMAP_BOTH_COORDS/DCMS_V12_T05_GROUP7_SUFFIXMAP_BOTH_COORDS.pdsprj.M_TAHABINZAEEM.tahab.workspace,proteus/experiments/runs/dc_mixed_sources_v12_suffixmap_coords_temp_2026_06_05/DCMS_V12_T05_GROUP7_SUFFIXMAP_BOTH_COORDS/DCMS_V12_T05_GROUP7_SUFFIXMAP_BOTH_COORDS.pdsprj.M_TAHABINZAEEM.tahab.workspace,27defef0b6a6762ada068692524f5fac19918510de9fa462ca3e745388b62e99,Proteus workspace sidecar,local-only reproducible infrastructure or disposable Proteus state,"preserved on disk, explicitly excluded from Git",*.workspace
experiments/dc_mixed_sources_v12_suffixmap_coords_temp_2026_06_05/DCMS_V12_T06_GROUP4_SUFFIXMAP_BOTH_COORDS/DCMS_V12_T06_GROUP4_SUFFIXMAP_BOTH_COORDS.pdsprj.M_TAHABINZAEEM.tahab.workspace,proteus/experiments/runs/dc_mixed_sources_v12_suffixmap_coords_temp_2026_06_05/DCMS_V12_T06_GROUP4_SUFFIXMAP_BOTH_COORDS/DCMS_V12_T06_GROUP4_SUFFIXMAP_BOTH_COORDS.pdsprj.M_TAHABINZAEEM.tahab.workspace,0f0d4f7d11d6bec576b2d5af5ede3abb60096b7053c2e3f7a17b442fa1f267ad,Proteus workspace sidecar,local-only reproducible infrastructure or disposable Proteus state,"preserved on disk, explicitly excluded from Git",*.workspace
experiments/dc_mixed_sources_v13_v0_source_geometry_temp_2026_06_05/DCMS_V13_T00_DONOR_COPY.pdsprj,proteus/experiments/runs/dc_mixed_sources_v13_v0_source_geometry_temp_2026_06_05/DCMS_V13_T00_DONOR_COPY.pdsprj,b25e04c905ccda879c3bc03e62a3d40246f710408e2221d5c9c8fd335e529aff,Disposable Proteus loader copy,local-only reproducible infrastructure or disposable Proteus state,"preserved on disk, explicitly excluded from Git",**/*_COPY.pdsprj or **/*_GATE.pdsprj
experiments/dc_mixed_sources_v13_v0_source_geometry_temp_2026_06_05/DCMS_V13_T01_DONOR_OBJECT_GENERATED_CDB/DCMS_V13_T01_DONOR_OBJECT_GENERATED_CDB.pdsprj.M_TAHABINZAEEM.tahab.workspace,proteus/experiments/runs/dc_mixed_sources_v13_v0_source_geometry_temp_2026_06_05/DCMS_V13_T01_DONOR_OBJECT_GENERATED_CDB/DCMS_V13_T01_DONOR_OBJECT_GENERATED_CDB.pdsprj.M_TAHABINZAEEM.tahab.workspace,d719008fad0324d4210fc76aa654ec2899b25aa62eb6052193ef0150e21b9682,Proteus workspace sidecar,local-only reproducible infrastructure or disposable Proteus state,"preserved on disk, explicitly excluded from Git",*.workspace
experiments/dc_mixed_sources_v13_v0_source_geometry_temp_2026_06_05/DCMS_V13_T02_GROUP9_SUFFIXMAP_SAFE_CONTROL/DCMS_V13_T02_GROUP9_SUFFIXMAP_SAFE_CONTROL.pdsprj.M_TAHABINZAEEM.tahab.workspace,proteus/experiments/runs/dc_mixed_sources_v13_v0_source_geometry_temp_2026_06_05/DCMS_V13_T02_GROUP9_SUFFIXMAP_SAFE_CONTROL/DCMS_V13_T02_GROUP9_SUFFIXMAP_SAFE_CONTROL.pdsprj.M_TAHABINZAEEM.tahab.workspace,0f0d4f7d11d6bec576b2d5af5ede3abb60096b7053c2e3f7a17b442fa1f267ad,Proteus workspace sidecar,local-only reproducible infrastructure or disposable Proteus state,"preserved on disk, explicitly excluded from Git",*.workspace
experiments/dc_mixed_sources_v13_v0_source_geometry_temp_2026_06_05/DCMS_V13_T03_GROUP9_SOURCES_AND_V0_LOCAL/DCMS_V13_T03_GROUP9_SOURCES_AND_V0_LOCAL.pdsprj.M_TAHABINZAEEM.tahab.workspace,proteus/experiments/runs/dc_mixed_sources_v13_v0_source_geometry_temp_2026_06_05/DCMS_V13_T03_GROUP9_SOURCES_AND_V0_LOCAL/DCMS_V13_T03_GROUP9_SOURCES_AND_V0_LOCAL.pdsprj.M_TAHABINZAEEM.tahab.workspace,0f0d4f7d11d6bec576b2d5af5ede3abb60096b7053c2e3f7a17b442fa1f267ad,Proteus workspace sidecar,local-only reproducible infrastructure or disposable Proteus state,"preserved on disk, explicitly excluded from Git",*.workspace
experiments/dc_mixed_sources_v13_v0_source_geometry_temp_2026_06_05/DCMS_V13_T04_GROUP7_SOURCES_AND_V0_LOCAL/DCMS_V13_T04_GROUP7_SOURCES_AND_V0_LOCAL.pdsprj.M_TAHABINZAEEM.tahab.workspace,proteus/experiments/runs/dc_mixed_sources_v13_v0_source_geometry_temp_2026_06_05/DCMS_V13_T04_GROUP7_SOURCES_AND_V0_LOCAL/DCMS_V13_T04_GROUP7_SOURCES_AND_V0_LOCAL.pdsprj.M_TAHABINZAEEM.tahab.workspace,2f99bcafd971a135ecda5e77418de7ff729fddb9b728c93c5fd83d88fda770be,Proteus workspace sidecar,local-only reproducible infrastructure or disposable Proteus state,"preserved on disk, explicitly excluded from Git",*.workspace
experiments/dc_mixed_sources_v13_v0_source_geometry_temp_2026_06_05/DCMS_V13_T05_GROUP4_SOURCES_AND_V0_LOCAL/DCMS_V13_T05_GROUP4_SOURCES_AND_V0_LOCAL.pdsprj.M_TAHABINZAEEM.tahab.workspace,proteus/experiments/runs/dc_mixed_sources_v13_v0_source_geometry_temp_2026_06_05/DCMS_V13_T05_GROUP4_SOURCES_AND_V0_LOCAL/DCMS_V13_T05_GROUP4_SOURCES_AND_V0_LOCAL.pdsprj.M_TAHABINZAEEM.tahab.workspace,2f99bcafd971a135ecda5e77418de7ff729fddb9b728c93c5fd83d88fda770be,Proteus workspace sidecar,local-only reproducible infrastructure or disposable Proteus state,"preserved on disk, explicitly excluded from Git",*.workspace
experiments/dc_mixed_sources_v14_requested5_v13_method_temp_2026_06_05/DCMS_V14_T01_CIRCUIT_1_12V_2A/DCMS_V14_T01_CIRCUIT_1_12V_2A.pdsprj.M_TAHABINZAEEM.tahab.workspace,proteus/experiments/runs/dc_mixed_sources_v14_requested5_v13_method_temp_2026_06_05/DCMS_V14_T01_CIRCUIT_1_12V_2A/DCMS_V14_T01_CIRCUIT_1_12V_2A.pdsprj.M_TAHABINZAEEM.tahab.workspace,c108a21e68207faac6aefd27956f90c6d3c57edd0ce004ba923de8e929bc5cf0,Proteus workspace sidecar,local-only reproducible infrastructure or disposable Proteus state,"preserved on disk, explicitly excluded from Git",*.workspace
experiments/dc_mixed_sources_v14_requested5_v13_method_temp_2026_06_05/DCMS_V14_T02_CIRCUIT_2_TWO_5V_1A/DCMS_V14_T02_CIRCUIT_2_TWO_5V_1A.pdsprj.M_TAHABINZAEEM.tahab.workspace,proteus/experiments/runs/dc_mixed_sources_v14_requested5_v13_method_temp_2026_06_05/DCMS_V14_T02_CIRCUIT_2_TWO_5V_1A/DCMS_V14_T02_CIRCUIT_2_TWO_5V_1A.pdsprj.M_TAHABINZAEEM.tahab.workspace,358bd9e6cdbe3e4d2f59799a5342bc95297df3ece6eb4b8f891cf3ef2418cecc,Proteus workspace sidecar,local-only reproducible infrastructure or disposable Proteus state,"preserved on disk, explicitly excluded from Git",*.workspace
experiments/dc_mixed_sources_v14_requested5_v13_method_temp_2026_06_05/DCMS_V14_T03_CIRCUIT_3_24V_TWO_0A5/DCMS_V14_T03_CIRCUIT_3_24V_TWO_0A5.pdsprj.M_TAHABINZAEEM.tahab.workspace,proteus/experiments/runs/dc_mixed_sources_v14_requested5_v13_method_temp_2026_06_05/DCMS_V14_T03_CIRCUIT_3_24V_TWO_0A5/DCMS_V14_T03_CIRCUIT_3_24V_TWO_0A5.pdsprj.M_TAHABINZAEEM.tahab.workspace,321d0b64a915421637c03d8b01be3bceb06fd1cc3945eba0caeba0faa2a74f37,Proteus workspace sidecar,local-only reproducible infrastructure or disposable Proteus state,"preserved on disk, explicitly excluded from Git",*.workspace
experiments/dc_mixed_sources_v14_requested5_v13_method_temp_2026_06_05/DCMS_V14_T04_CIRCUIT_4_TWO_15V_TWO_3A/DCMS_V14_T04_CIRCUIT_4_TWO_15V_TWO_3A.pdsprj.M_TAHABINZAEEM.tahab.workspace,proteus/experiments/runs/dc_mixed_sources_v14_requested5_v13_method_temp_2026_06_05/DCMS_V14_T04_CIRCUIT_4_TWO_15V_TWO_3A/DCMS_V14_T04_CIRCUIT_4_TWO_15V_TWO_3A.pdsprj.M_TAHABINZAEEM.tahab.workspace,358bd9e6cdbe3e4d2f59799a5342bc95297df3ece6eb4b8f891cf3ef2418cecc,Proteus workspace sidecar,local-only reproducible infrastructure or disposable Proteus state,"preserved on disk, explicitly excluded from Git",*.workspace
experiments/dc_mixed_sources_v14_requested5_v13_method_temp_2026_06_05/DCMS_V14_T05_CIRCUIT_5_THREE_9V_1A5/DCMS_V14_T05_CIRCUIT_5_THREE_9V_1A5.pdsprj.M_TAHABINZAEEM.tahab.workspace,proteus/experiments/runs/dc_mixed_sources_v14_requested5_v13_method_temp_2026_06_05/DCMS_V14_T05_CIRCUIT_5_THREE_9V_1A5/DCMS_V14_T05_CIRCUIT_5_THREE_9V_1A5.pdsprj.M_TAHABINZAEEM.tahab.workspace,0f0d4f7d11d6bec576b2d5af5ede3abb60096b7053c2e3f7a17b442fa1f267ad,Proteus workspace sidecar,local-only reproducible infrastructure or disposable Proteus state,"preserved on disk, explicitly excluded from Git",*.workspace
experiments/dc_mixed_sources_v15_requested5_after_v9_acceptance_temp_2026_06_05/DCMS_V15_T01_CIRCUIT_1_12V_2A/DCMS_V15_T01_CIRCUIT_1_12V_2A.pdsprj.M_TAHABINZAEEM.tahab.workspace,proteus/experiments/runs/dc_mixed_sources_v15_requested5_after_v9_acceptance_temp_2026_06_05/DCMS_V15_T01_CIRCUIT_1_12V_2A/DCMS_V15_T01_CIRCUIT_1_12V_2A.pdsprj.M_TAHABINZAEEM.tahab.workspace,adbfa16cb5e7071eeb7942dce81498b7d3de4afcfbd548d5e9f84b308ba63ce1,Proteus workspace sidecar,local-only reproducible infrastructure or disposable Proteus state,"preserved on disk, explicitly excluded from Git",*.workspace
experiments/dc_mixed_sources_v15_requested5_after_v9_acceptance_temp_2026_06_05/DCMS_V15_T02_CIRCUIT_2_TWO_5V_1A/DCMS_V15_T02_CIRCUIT_2_TWO_5V_1A.pdsprj.M_TAHABINZAEEM.tahab.workspace,proteus/experiments/runs/dc_mixed_sources_v15_requested5_after_v9_acceptance_temp_2026_06_05/DCMS_V15_T02_CIRCUIT_2_TWO_5V_1A/DCMS_V15_T02_CIRCUIT_2_TWO_5V_1A.pdsprj.M_TAHABINZAEEM.tahab.workspace,adbfa16cb5e7071eeb7942dce81498b7d3de4afcfbd548d5e9f84b308ba63ce1,Proteus workspace sidecar,local-only reproducible infrastructure or disposable Proteus state,"preserved on disk, explicitly excluded from Git",*.workspace
experiments/dc_mixed_sources_v15_requested5_after_v9_acceptance_temp_2026_06_05/DCMS_V15_T03_CIRCUIT_3_24V_TWO_0A5/DCMS_V15_T03_CIRCUIT_3_24V_TWO_0A5.pdsprj.M_TAHABINZAEEM.tahab.workspace,proteus/experiments/runs/dc_mixed_sources_v15_requested5_after_v9_acceptance_temp_2026_06_05/DCMS_V15_T03_CIRCUIT_3_24V_TWO_0A5/DCMS_V15_T03_CIRCUIT_3_24V_TWO_0A5.pdsprj.M_TAHABINZAEEM.tahab.workspace,adbfa16cb5e7071eeb7942dce81498b7d3de4afcfbd548d5e9f84b308ba63ce1,Proteus workspace sidecar,local-only reproducible infrastructure or disposable Proteus state,"preserved on disk, explicitly excluded from Git",*.workspace
experiments/dc_mixed_sources_v15_requested5_after_v9_acceptance_temp_2026_06_05/DCMS_V15_T04_CIRCUIT_4_TWO_15V_TWO_3A/DCMS_V15_T04_CIRCUIT_4_TWO_15V_TWO_3A.pdsprj.M_TAHABINZAEEM.tahab.workspace,proteus/experiments/runs/dc_mixed_sources_v15_requested5_after_v9_acceptance_temp_2026_06_05/DCMS_V15_T04_CIRCUIT_4_TWO_15V_TWO_3A/DCMS_V15_T04_CIRCUIT_4_TWO_15V_TWO_3A.pdsprj.M_TAHABINZAEEM.tahab.workspace,adbfa16cb5e7071eeb7942dce81498b7d3de4afcfbd548d5e9f84b308ba63ce1,Proteus workspace sidecar,local-only reproducible infrastructure or disposable Proteus state,"preserved on disk, explicitly excluded from Git",*.workspace
experiments/dc_mixed_sources_v15_requested5_after_v9_acceptance_temp_2026_06_05/DCMS_V15_T05_CIRCUIT_5_THREE_9V_1A5/DCMS_V15_T05_CIRCUIT_5_THREE_9V_1A5.pdsprj.M_TAHABINZAEEM.tahab.workspace,proteus/experiments/runs/dc_mixed_sources_v15_requested5_after_v9_acceptance_temp_2026_06_05/DCMS_V15_T05_CIRCUIT_5_THREE_9V_1A5/DCMS_V15_T05_CIRCUIT_5_THREE_9V_1A5.pdsprj.M_TAHABINZAEEM.tahab.workspace,adbfa16cb5e7071eeb7942dce81498b7d3de4afcfbd548d5e9f84b308ba63ce1,Proteus workspace sidecar,local-only reproducible infrastructure or disposable Proteus state,"preserved on disk, explicitly excluded from Git",*.workspace
experiments/dc_mixed_sources_v7_all3_records_temp_2026_06_04/DCMS_V7_T00_ALL3_DONOR_COPY.pdsprj,proteus/experiments/runs/dc_mixed_sources_v7_all3_records_temp_2026_06_04/DCMS_V7_T00_ALL3_DONOR_COPY.pdsprj,33a80724c2478394382199658e55b1bf5c623e1b6483f99aa7056190699879f2,Disposable Proteus loader copy,local-only reproducible infrastructure or disposable Proteus state,"preserved on disk, explicitly excluded from Git",**/*_COPY.pdsprj or **/*_GATE.pdsprj
experiments/dc_mixed_sources_v7_all3_records_temp_2026_06_04/DCMS_V7_T00_ALL3_DONOR_COPY.pdsprj.M_TAHABINZAEEM.tahab.workspace,proteus/experiments/runs/dc_mixed_sources_v7_all3_records_temp_2026_06_04/DCMS_V7_T00_ALL3_DONOR_COPY.pdsprj.M_TAHABINZAEEM.tahab.workspace,358bd9e6cdbe3e4d2f59799a5342bc95297df3ece6eb4b8f891cf3ef2418cecc,Proteus workspace sidecar,local-only reproducible infrastructure or disposable Proteus state,"preserved on disk, explicitly excluded from Git",*.workspace
experiments/dc_mixed_sources_v7_all3_records_temp_2026_06_04/DCMS_V7_T01_ALL3_TRANSPLANT_E001.pdsprj.M_TAHABINZAEEM.tahab.workspace,proteus/experiments/runs/dc_mixed_sources_v7_all3_records_temp_2026_06_04/DCMS_V7_T01_ALL3_TRANSPLANT_E001.pdsprj.M_TAHABINZAEEM.tahab.workspace,358bd9e6cdbe3e4d2f59799a5342bc95297df3ece6eb4b8f891cf3ef2418cecc,Proteus workspace sidecar,local-only reproducible infrastructure or disposable Proteus state,"preserved on disk, explicitly excluded from Git",*.workspace
experiments/dc_mixed_sources_v7_all3_records_temp_2026_06_04/DCMS_V7_T02_SOURCE_ONLY_PASSIVE_CDB.pdsprj.M_TAHABINZAEEM.tahab.workspace,proteus/experiments/runs/dc_mixed_sources_v7_all3_records_temp_2026_06_04/DCMS_V7_T02_SOURCE_ONLY_PASSIVE_CDB.pdsprj.M_TAHABINZAEEM.tahab.workspace,358bd9e6cdbe3e4d2f59799a5342bc95297df3ece6eb4b8f891cf3ef2418cecc,Proteus workspace sidecar,local-only reproducible infrastructure or disposable Proteus state,"preserved on disk, explicitly excluded from Git",*.workspace
experiments/dc_mixed_sources_v7_all3_records_temp_2026_06_04/DCMS_V7_T03_SOURCE_ONLY_SOURCEPIN_CDB.pdsprj.M_TAHABINZAEEM.tahab.workspace,proteus/experiments/runs/dc_mixed_sources_v7_all3_records_temp_2026_06_04/DCMS_V7_T03_SOURCE_ONLY_SOURCEPIN_CDB.pdsprj.M_TAHABINZAEEM.tahab.workspace,358bd9e6cdbe3e4d2f59799a5342bc95297df3ece6eb4b8f891cf3ef2418cecc,Proteus workspace sidecar,local-only reproducible infrastructure or disposable Proteus state,"preserved on disk, explicitly excluded from Git",*.workspace
experiments/dc_mixed_sources_v9_donor_tail_temp_2026_06_05/DCMS_V9_T00_DONOR_COPY.pdsprj,proteus/experiments/runs/dc_mixed_sources_v9_donor_tail_temp_2026_06_05/DCMS_V9_T00_DONOR_COPY.pdsprj,b25e04c905ccda879c3bc03e62a3d40246f710408e2221d5c9c8fd335e529aff,Disposable Proteus loader copy,local-only reproducible infrastructure or disposable Proteus state,"preserved on disk, explicitly excluded from Git",**/*_COPY.pdsprj or **/*_GATE.pdsprj
experiments/dc_mixed_sources_v9_donor_tail_temp_2026_06_05/DCMS_V9_T00_DONOR_COPY.pdsprj.M_TAHABINZAEEM.tahab.workspace,proteus/experiments/runs/dc_mixed_sources_v9_donor_tail_temp_2026_06_05/DCMS_V9_T00_DONOR_COPY.pdsprj.M_TAHABINZAEEM.tahab.workspace,358bd9e6cdbe3e4d2f59799a5342bc95297df3ece6eb4b8f891cf3ef2418cecc,Proteus workspace sidecar,local-only reproducible infrastructure or disposable Proteus state,"preserved on disk, explicitly excluded from Git",*.workspace
experiments/dc_mixed_sources_v9_donor_tail_temp_2026_06_05/DCMS_V9_T01_DONOR_TRANSPLANT_E001/DCMS_V9_T01_DONOR_TRANSPLANT_E001.pdsprj.M_TAHABINZAEEM.tahab.workspace,proteus/experiments/runs/dc_mixed_sources_v9_donor_tail_temp_2026_06_05/DCMS_V9_T01_DONOR_TRANSPLANT_E001/DCMS_V9_T01_DONOR_TRANSPLANT_E001.pdsprj.M_TAHABINZAEEM.tahab.workspace,358bd9e6cdbe3e4d2f59799a5342bc95297df3ece6eb4b8f891cf3ef2418cecc,Proteus workspace sidecar,local-only reproducible infrastructure or disposable Proteus state,"preserved on disk, explicitly excluded from Git",*.workspace
experiments/dc_mixed_sources_v9_donor_tail_temp_2026_06_05/DCMS_V9_T02_DONOR_LABEL_DVO_TO_D0/DCMS_V9_T02_DONOR_LABEL_DVO_TO_D0.pdsprj.M_TAHABINZAEEM.tahab.workspace,proteus/experiments/runs/dc_mixed_sources_v9_donor_tail_temp_2026_06_05/DCMS_V9_T02_DONOR_LABEL_DVO_TO_D0/DCMS_V9_T02_DONOR_LABEL_DVO_TO_D0.pdsprj.M_TAHABINZAEEM.tahab.workspace,358bd9e6cdbe3e4d2f59799a5342bc95297df3ece6eb4b8f891cf3ef2418cecc,Proteus workspace sidecar,local-only reproducible infrastructure or disposable Proteus state,"preserved on disk, explicitly excluded from Git",*.workspace
experiments/dc_sources_v5_source_net_temp_2026_06_03/DC_SOURCES_V5_SOURCE_NET_TEST_BATCH/DCS_V5_T00_MANUAL_COMBINED_DONOR_IN_E001/DCS_V5_T00_MANUAL_COMBINED_DONOR_IN_E001.pdsprj.M_TAHABINZAEEM.tahab.workspace,proteus/experiments/runs/dc_sources_v5_source_net_temp_2026_06_03/DC_SOURCES_V5_SOURCE_NET_TEST_BATCH/DCS_V5_T00_MANUAL_COMBINED_DONOR_IN_E001/DCS_V5_T00_MANUAL_COMBINED_DONOR_IN_E001.pdsprj.M_TAHABINZAEEM.tahab.workspace,8f05d85ca4982799e7a4e34064247ed9fa9b92ac17e3c76e864a4fc1f15b07fe,Proteus workspace sidecar,local-only reproducible infrastructure or disposable Proteus state,"preserved on disk, explicitly excluded from Git",*.workspace
experiments/dc_sources_v5_source_net_temp_2026_06_03/DC_SOURCES_V5_SOURCE_NET_TEST_BATCH/DCS_V5_T01_MANUAL_LABEL_ONLY_P0_N0/DCS_V5_T01_MANUAL_LABEL_ONLY_P0_N0.pdsprj.M_TAHABINZAEEM.tahab.workspace,proteus/experiments/runs/dc_sources_v5_source_net_temp_2026_06_03/DC_SOURCES_V5_SOURCE_NET_TEST_BATCH/DCS_V5_T01_MANUAL_LABEL_ONLY_P0_N0/DCS_V5_T01_MANUAL_LABEL_ONLY_P0_N0.pdsprj.M_TAHABINZAEEM.tahab.workspace,29caba1a3741e3c4962b0206724065e15dc53390bcaa7461d684593846b0dac9,Proteus workspace sidecar,local-only reproducible infrastructure or disposable Proteus state,"preserved on disk, explicitly excluded from Git",*.workspace
experiments/dc_sources_v5_source_net_temp_2026_06_03/DC_SOURCES_V5_SOURCE_NET_TEST_BATCH/DCS_V5_T02_GENERATED_RCL_SOURCE_NET_NO_SOURCE/DCS_V5_T02_GENERATED_RCL_SOURCE_NET_NO_SOURCE.pdsprj.M_TAHABINZAEEM.tahab.workspace,proteus/experiments/runs/dc_sources_v5_source_net_temp_2026_06_03/DC_SOURCES_V5_SOURCE_NET_TEST_BATCH/DCS_V5_T02_GENERATED_RCL_SOURCE_NET_NO_SOURCE/DCS_V5_T02_GENERATED_RCL_SOURCE_NET_NO_SOURCE.pdsprj.M_TAHABINZAEEM.tahab.workspace,0951fa3e1cb041b5a3de717da678c8682f662fa92f097f0a5b20558dc7200743,Proteus workspace sidecar,local-only reproducible infrastructure or disposable Proteus state,"preserved on disk, explicitly excluded from Git",*.workspace
experiments/dc_sources_v6_source_block_fix_temp_2026_06_03/DC_SOURCES_V6_SOURCE_BLOCK_FIX_TEST_BATCH/DCS_V6_T00_RCL_SOURCE_NET_NO_SOURCE_CONTROL/DCS_V6_T00_RCL_SOURCE_NET_NO_SOURCE_CONTROL.pdsprj.M_TAHABINZAEEM.tahab.workspace,proteus/experiments/runs/dc_sources_v6_source_block_fix_temp_2026_06_03/DC_SOURCES_V6_SOURCE_BLOCK_FIX_TEST_BATCH/DCS_V6_T00_RCL_SOURCE_NET_NO_SOURCE_CONTROL/DCS_V6_T00_RCL_SOURCE_NET_NO_SOURCE_CONTROL.pdsprj.M_TAHABINZAEEM.tahab.workspace,0cbcde30f0c8c1de23a01e4dd50aa48527751efc75791dd942d7babe915e0294,Proteus workspace sidecar,local-only reproducible infrastructure or disposable Proteus state,"preserved on disk, explicitly excluded from Git",*.workspace
experiments/dc_sources_v6_source_block_fix_temp_2026_06_03/DC_SOURCES_V6_SOURCE_BLOCK_FIX_TEST_BATCH/DCS_V6_T01_SOURCE_FIRST_PRESERVE_SUFFIX_TRIM49/DCS_V6_T01_SOURCE_FIRST_PRESERVE_SUFFIX_TRIM49.pdsprj.M_TAHABINZAEEM.tahab.workspace,proteus/experiments/runs/dc_sources_v6_source_block_fix_temp_2026_06_03/DC_SOURCES_V6_SOURCE_BLOCK_FIX_TEST_BATCH/DCS_V6_T01_SOURCE_FIRST_PRESERVE_SUFFIX_TRIM49/DCS_V6_T01_SOURCE_FIRST_PRESERVE_SUFFIX_TRIM49.pdsprj.M_TAHABINZAEEM.tahab.workspace,094f4315d293853cfead66aca44983af61c4d01fde79f9f33c239c591b08dfde,Proteus workspace sidecar,local-only reproducible infrastructure or disposable Proteus state,"preserved on disk, explicitly excluded from Git",*.workspace
experiments/dc_sources_v6_source_block_fix_temp_2026_06_03/DC_SOURCES_V6_SOURCE_BLOCK_FIX_TEST_BATCH/DCS_V6_T03_SOURCE_FIRST_MANUAL_SOURCE_BLOCK/DCS_V6_T03_SOURCE_FIRST_MANUAL_SOURCE_BLOCK.pdsprj.M_TAHABINZAEEM.tahab.workspace,proteus/experiments/runs/dc_sources_v6_source_block_fix_temp_2026_06_03/DC_SOURCES_V6_SOURCE_BLOCK_FIX_TEST_BATCH/DCS_V6_T03_SOURCE_FIRST_MANUAL_SOURCE_BLOCK/DCS_V6_T03_SOURCE_FIRST_MANUAL_SOURCE_BLOCK.pdsprj.M_TAHABINZAEEM.tahab.workspace,320e1012bc75ff51bf0a1be07175eb5f984a27b716ad0cef8144a0f2e470c228,Proteus workspace sidecar,local-only reproducible infrastructure or disposable Proteus state,"preserved on disk, explicitly excluded from Git",*.workspace
experiments/dc_sources_v6_source_block_fix_temp_2026_06_03/DC_SOURCES_V6_SOURCE_BLOCK_FIX_TEST_BATCH/DCS_V6_T05_SOURCE_FIRST_MANUAL_BLOCK_MANUAL_CDB/DCS_V6_T05_SOURCE_FIRST_MANUAL_BLOCK_MANUAL_CDB.pdsprj.M_TAHABINZAEEM.tahab.workspace,proteus/experiments/runs/dc_sources_v6_source_block_fix_temp_2026_06_03/DC_SOURCES_V6_SOURCE_BLOCK_FIX_TEST_BATCH/DCS_V6_T05_SOURCE_FIRST_MANUAL_BLOCK_MANUAL_CDB/DCS_V6_T05_SOURCE_FIRST_MANUAL_BLOCK_MANUAL_CDB.pdsprj.M_TAHABINZAEEM.tahab.workspace,de8a5caeccf9a7c8d42f89eaf042cc2451210d1b30cd1b24e1420c13935b6aa4,Proteus workspace sidecar,local-only reproducible infrastructure or disposable Proteus state,"preserved on disk, explicitly excluded from Git",*.workspace
experiments/dc_sources_v6_source_block_fix_temp_2026_06_03/DC_SOURCES_V6_SOURCE_BLOCK_FIX_TEST_BATCH/DCS_V6_T06_SOURCE_FIRST_MANUAL_WITH_DV_ANCHOR/DCS_V6_T06_SOURCE_FIRST_MANUAL_WITH_DV_ANCHOR.pdsprj.M_TAHABINZAEEM.tahab.workspace,proteus/experiments/runs/dc_sources_v6_source_block_fix_temp_2026_06_03/DC_SOURCES_V6_SOURCE_BLOCK_FIX_TEST_BATCH/DCS_V6_T06_SOURCE_FIRST_MANUAL_WITH_DV_ANCHOR/DCS_V6_T06_SOURCE_FIRST_MANUAL_WITH_DV_ANCHOR.pdsprj.M_TAHABINZAEEM.tahab.workspace,9e9055e5988773d3f2371b97e03c521d300d1c8f3e9197534773e22b4eca820a,Proteus workspace sidecar,local-only reproducible infrastructure or disposable Proteus state,"preserved on disk, explicitly excluded from Git",*.workspace
experiments/dc_sources_v7_accepted_source_first_temp_2026_06_03/DC_SOURCES_V7_ACCEPTED_SOURCE_FIRST_TEST_BATCH/DCS_V7_T01_DCV_6_COMPONENTS_SOURCE_FIRST/DCS_V7_T01_DCV_6_COMPONENTS_SOURCE_FIRST.pdsprj.M_TAHABINZAEEM.tahab.workspace,proteus/experiments/runs/dc_sources_v7_accepted_source_first_temp_2026_06_03/DC_SOURCES_V7_ACCEPTED_SOURCE_FIRST_TEST_BATCH/DCS_V7_T01_DCV_6_COMPONENTS_SOURCE_FIRST/DCS_V7_T01_DCV_6_COMPONENTS_SOURCE_FIRST.pdsprj.M_TAHABINZAEEM.tahab.workspace,7371058b50f31dd43f930b288d02154004aa6a738028ba4e8ddc975bf59374a8,Proteus workspace sidecar,local-only reproducible infrastructure or disposable Proteus state,"preserved on disk, explicitly excluded from Git",*.workspace
experiments/dc_sources_v7_accepted_source_first_temp_2026_06_03/DC_SOURCES_V7_ACCEPTED_SOURCE_FIRST_TEST_BATCH/DCS_V7_T02_DCV_21_RULE_SOURCE_FIRST/DCS_V7_T02_DCV_21_RULE_SOURCE_FIRST.pdsprj.M_TAHABINZAEEM.tahab.workspace,proteus/experiments/runs/dc_sources_v7_accepted_source_first_temp_2026_06_03/DC_SOURCES_V7_ACCEPTED_SOURCE_FIRST_TEST_BATCH/DCS_V7_T02_DCV_21_RULE_SOURCE_FIRST/DCS_V7_T02_DCV_21_RULE_SOURCE_FIRST.pdsprj.M_TAHABINZAEEM.tahab.workspace,5b5e5544787d72315296dbaddb1976fc57a8e7d8a05f8d3c11a8033a65e4b061,Proteus workspace sidecar,local-only reproducible infrastructure or disposable Proteus state,"preserved on disk, explicitly excluded from Git",*.workspace
experiments/dc_sources_v7_accepted_source_first_temp_2026_06_03/DC_SOURCES_V7_ACCEPTED_SOURCE_FIRST_TEST_BATCH/DCS_V7_T03_DCV_21_RULE_MANUAL_SOURCE_BLOCK/DCS_V7_T03_DCV_21_RULE_MANUAL_SOURCE_BLOCK.pdsprj.M_TAHABINZAEEM.tahab.workspace,proteus/experiments/runs/dc_sources_v7_accepted_source_first_temp_2026_06_03/DC_SOURCES_V7_ACCEPTED_SOURCE_FIRST_TEST_BATCH/DCS_V7_T03_DCV_21_RULE_MANUAL_SOURCE_BLOCK/DCS_V7_T03_DCV_21_RULE_MANUAL_SOURCE_BLOCK.pdsprj.M_TAHABINZAEEM.tahab.workspace,e62022747d5cb29624b7632014e5dc206d191b43a99e370450be911b7626163c,Proteus workspace sidecar,local-only reproducible infrastructure or disposable Proteus state,"preserved on disk, explicitly excluded from Git",*.workspace
experiments/dc_sources_v8_15_voltage_15_current_temp_2026_06_03/DC_SOURCES_V8_15_VOLTAGE_15_CURRENT_TEST_BATCH/DCS_V8_DCV_T03_03_PARALLEL_CIRCUIT/DCS_V8_DCV_T03_03_PARALLEL_CIRCUIT.pdsprj.M_TAHABINZAEEM.tahab.workspace,proteus/experiments/runs/dc_sources_v8_15_voltage_15_current_temp_2026_06_03/DC_SOURCES_V8_15_VOLTAGE_15_CURRENT_TEST_BATCH/DCS_V8_DCV_T03_03_PARALLEL_CIRCUIT/DCS_V8_DCV_T03_03_PARALLEL_CIRCUIT.pdsprj.M_TAHABINZAEEM.tahab.workspace,8f05d85ca4982799e7a4e34064247ed9fa9b92ac17e3c76e864a4fc1f15b07fe,Proteus workspace sidecar,local-only reproducible infrastructure or disposable Proteus state,"preserved on disk, explicitly excluded from Git",*.workspace
experiments/dc_sources_v8_15_voltage_15_current_temp_2026_06_03/DC_SOURCES_V8_15_VOLTAGE_15_CURRENT_TEST_BATCH/DCS_V8_DCV_T11_11_WHEATSTONE_BRIDGE/DCS_V8_DCV_T11_11_WHEATSTONE_BRIDGE.pdsprj.M_TAHABINZAEEM.tahab.workspace,proteus/experiments/runs/dc_sources_v8_15_voltage_15_current_temp_2026_06_03/DC_SOURCES_V8_15_VOLTAGE_15_CURRENT_TEST_BATCH/DCS_V8_DCV_T11_11_WHEATSTONE_BRIDGE/DCS_V8_DCV_T11_11_WHEATSTONE_BRIDGE.pdsprj.M_TAHABINZAEEM.tahab.workspace,8f05d85ca4982799e7a4e34064247ed9fa9b92ac17e3c76e864a4fc1f15b07fe,Proteus workspace sidecar,local-only reproducible infrastructure or disposable Proteus state,"preserved on disk, explicitly excluded from Git",*.workspace
experiments/dc_sources_v8_15_voltage_15_current_temp_2026_06_03/DC_SOURCES_V8_15_VOLTAGE_15_CURRENT_TEST_BATCH/DCS_V8_DCV_T14_14_H_BRIDGE_RESISTOR_VERSION/DCS_V8_DCV_T14_14_H_BRIDGE_RESISTOR_VERSION.pdsprj.M_TAHABINZAEEM.tahab.workspace,proteus/experiments/runs/dc_sources_v8_15_voltage_15_current_temp_2026_06_03/DC_SOURCES_V8_15_VOLTAGE_15_CURRENT_TEST_BATCH/DCS_V8_DCV_T14_14_H_BRIDGE_RESISTOR_VERSION/DCS_V8_DCV_T14_14_H_BRIDGE_RESISTOR_VERSION.pdsprj.M_TAHABINZAEEM.tahab.workspace,8f05d85ca4982799e7a4e34064247ed9fa9b92ac17e3c76e864a4fc1f15b07fe,Proteus workspace sidecar,local-only reproducible infrastructure or disposable Proteus state,"preserved on disk, explicitly excluded from Git",*.workspace
experiments/dc_sources_v8_15_voltage_15_current_temp_2026_06_03/DC_SOURCES_V8_15_VOLTAGE_15_CURRENT_TEST_BATCH/DCS_V8_DCV_T15_15_R_2R_LADDER_NETWORK/DCS_V8_DCV_T15_15_R_2R_LADDER_NETWORK.pdsprj.M_TAHABINZAEEM.tahab.workspace,proteus/experiments/runs/dc_sources_v8_15_voltage_15_current_temp_2026_06_03/DC_SOURCES_V8_15_VOLTAGE_15_CURRENT_TEST_BATCH/DCS_V8_DCV_T15_15_R_2R_LADDER_NETWORK/DCS_V8_DCV_T15_15_R_2R_LADDER_NETWORK.pdsprj.M_TAHABINZAEEM.tahab.workspace,8f05d85ca4982799e7a4e34064247ed9fa9b92ac17e3c76e864a4fc1f15b07fe,Proteus workspace sidecar,local-only reproducible infrastructure or disposable Proteus state,"preserved on disk, explicitly excluded from Git",*.workspace
experiments/dc_voltage_v15_15_rcl_topologies_temp_2026_06_05/DCV_V15_15_RCL_TOPOLOGIES_TEST_BATCH/DCV_V15_T01_01_SIMPLE_LOOP/DCV_V15_T01_01_SIMPLE_LOOP.pdsprj.M_TAHABINZAEEM.tahab.workspace,proteus/experiments/runs/dc_voltage_v15_15_rcl_topologies_temp_2026_06_05/DCV_V15_15_RCL_TOPOLOGIES_TEST_BATCH/DCV_V15_T01_01_SIMPLE_LOOP/DCV_V15_T01_01_SIMPLE_LOOP.pdsprj.M_TAHABINZAEEM.tahab.workspace,358bd9e6cdbe3e4d2f59799a5342bc95297df3ece6eb4b8f891cf3ef2418cecc,Proteus workspace sidecar,local-only reproducible infrastructure or disposable Proteus state,"preserved on disk, explicitly excluded from Git",*.workspace
experiments/dc_voltage_v15_15_rcl_topologies_temp_2026_06_05/DCV_V15_15_RCL_TOPOLOGIES_TEST_BATCH/DCV_V15_T09_09_STAR_Y_NETWORK/DCV_V15_T09_09_STAR_Y_NETWORK.pdsprj.M_TAHABINZAEEM.tahab.workspace,proteus/experiments/runs/dc_voltage_v15_15_rcl_topologies_temp_2026_06_05/DCV_V15_15_RCL_TOPOLOGIES_TEST_BATCH/DCV_V15_T09_09_STAR_Y_NETWORK/DCV_V15_T09_09_STAR_Y_NETWORK.pdsprj.M_TAHABINZAEEM.tahab.workspace,467d0bca1e538cdd3139f16323a659d9c33992c2a9b779c8d4b9ca4c69c8684a,Proteus workspace sidecar,local-only reproducible infrastructure or disposable Proteus state,"preserved on disk, explicitly excluded from Git",*.workspace
experiments/dc_voltage_v15_15_rcl_topologies_temp_2026_06_05/DCV_V15_15_RCL_TOPOLOGIES_TEST_BATCH/DCV_V15_T10_10_DELTA_TO_STAR_SETUP/DCV_V15_T10_10_DELTA_TO_STAR_SETUP.pdsprj.M_TAHABINZAEEM.tahab.workspace,proteus/experiments/runs/dc_voltage_v15_15_rcl_topologies_temp_2026_06_05/DCV_V15_15_RCL_TOPOLOGIES_TEST_BATCH/DCV_V15_T10_10_DELTA_TO_STAR_SETUP/DCV_V15_T10_10_DELTA_TO_STAR_SETUP.pdsprj.M_TAHABINZAEEM.tahab.workspace,358bd9e6cdbe3e4d2f59799a5342bc95297df3ece6eb4b8f891cf3ef2418cecc,Proteus workspace sidecar,local-only reproducible infrastructure or disposable Proteus state,"preserved on disk, explicitly excluded from Git",*.workspace
experiments/dc_voltage_v15_15_rcl_topologies_temp_2026_06_05/DCV_V15_15_RCL_TOPOLOGIES_TEST_BATCH/DCV_V15_T11_11_WHEATSTONE_BRIDGE/DCV_V15_T11_11_WHEATSTONE_BRIDGE.pdsprj.M_TAHABINZAEEM.tahab.workspace,proteus/experiments/runs/dc_voltage_v15_15_rcl_topologies_temp_2026_06_05/DCV_V15_15_RCL_TOPOLOGIES_TEST_BATCH/DCV_V15_T11_11_WHEATSTONE_BRIDGE/DCV_V15_T11_11_WHEATSTONE_BRIDGE.pdsprj.M_TAHABINZAEEM.tahab.workspace,d719008fad0324d4210fc76aa654ec2899b25aa62eb6052193ef0150e21b9682,Proteus workspace sidecar,local-only reproducible infrastructure or disposable Proteus state,"preserved on disk, explicitly excluded from Git",*.workspace
experiments/dc_voltage_v15_15_rcl_topologies_temp_2026_06_05/DCV_V15_15_RCL_TOPOLOGIES_TEST_BATCH/DCV_V15_T13_13_UNBALANCED_WHEATSTONE_BRIDGE/DCV_V15_T13_13_UNBALANCED_WHEATSTONE_BRIDGE.pdsprj.M_TAHABINZAEEM.tahab.workspace,proteus/experiments/runs/dc_voltage_v15_15_rcl_topologies_temp_2026_06_05/DCV_V15_15_RCL_TOPOLOGIES_TEST_BATCH/DCV_V15_T13_13_UNBALANCED_WHEATSTONE_BRIDGE/DCV_V15_T13_13_UNBALANCED_WHEATSTONE_BRIDGE.pdsprj.M_TAHABINZAEEM.tahab.workspace,ddc83d920b1941f3c79e83cd3297ae1a9a0c55336c184925b75a503f2427c337,Proteus workspace sidecar,local-only reproducible infrastructure or disposable Proteus state,"preserved on disk, explicitly excluded from Git",*.workspace
experiments/dc_voltage_v15_15_rcl_topologies_temp_2026_06_05/DCV_V15_15_RCL_TOPOLOGIES_TEST_BATCH/DCV_V15_T15_15_R_2R_LADDER_NETWORK/DCV_V15_T15_15_R_2R_LADDER_NETWORK.pdsprj.M_TAHABINZAEEM.tahab.workspace,proteus/experiments/runs/dc_voltage_v15_15_rcl_topologies_temp_2026_06_05/DCV_V15_15_RCL_TOPOLOGIES_TEST_BATCH/DCV_V15_T15_15_R_2R_LADDER_NETWORK/DCV_V15_T15_15_R_2R_LADDER_NETWORK.pdsprj.M_TAHABINZAEEM.tahab.workspace,467ba6875c557bc5f43d6b82eac17a5da8747397641257d439da70642ef0e439,Proteus workspace sidecar,local-only reproducible infrastructure or disposable Proteus state,"preserved on disk, explicitly excluded from Git",*.workspace
new during reorganization,proteus/experiments/runs/dil14_counter_7490_terminal_v1_temp_2026_07_14/01_solo_1x/C02_7490_NATIVE_PIN_CONTACT_sa_GATE_COPY.pdsprj,66ca7fbbf4192921799883cf4cbfb61aa98559e4a3da28bd6d7b76616625d80d,Disposable Proteus loader copy,local-only reproducible infrastructure or disposable Proteus state,"preserved on disk, explicitly excluded from Git",**/*_COPY.pdsprj or **/*_GATE.pdsprj
new during reorganization,proteus/experiments/runs/dil14_counter_7490_terminal_v1_temp_2026_07_14/01_solo_1x/C03_7490_GRID_CONTACT_sa_GATE_COPY.pdsprj,ddb8ccd5b5b7d0a4d837fc877e23ee9b6a57a07adb1bd34b69ac12a384545bd2,Disposable Proteus loader copy,local-only reproducible infrastructure or disposable Proteus state,"preserved on disk, explicitly excluded from Git",**/*_COPY.pdsprj or **/*_GATE.pdsprj
new during reorganization,proteus/experiments/runs/dil14_counter_7490_terminal_v1_temp_2026_07_14/01_solo_1x/C04_7490_CATALOGUE_TERMINAL_sa_GATE_COPY.pdsprj,ddb8ccd5b5b7d0a4d837fc877e23ee9b6a57a07adb1bd34b69ac12a384545bd2,Disposable Proteus loader copy,local-only reproducible infrastructure or disposable Proteus state,"preserved on disk, explicitly excluded from Git",**/*_COPY.pdsprj or **/*_GATE.pdsprj
new during reorganization,proteus/experiments/runs/dil14_counter_7490_terminal_v1_temp_2026_07_14/03_scale_9x_15x/S09_7490_9X_COMPLETE_GATE_COPY.pdsprj,419aca6a3e56e8b7441f22fc1c7c8d3c6913d59cefa5d7184d59f462002616de,Disposable Proteus loader copy,local-only reproducible infrastructure or disposable Proteus state,"preserved on disk, explicitly excluded from Git",**/*_COPY.pdsprj or **/*_GATE.pdsprj
new during reorganization,proteus/experiments/runs/dil14_counter_7490_terminal_v1_temp_2026_07_14/03_scale_9x_15x/S15_7490_15X_COMPLETE_GATE_COPY.pdsprj,cac21f416eda4dfc92252b3f0c2de6fdaad0a2cd7843f74d6cede9c9bf9b222b,Disposable Proteus loader copy,local-only reproducible infrastructure or disposable Proteus state,"preserved on disk, explicitly excluded from Git",**/*_COPY.pdsprj or **/*_GATE.pdsprj
new during reorganization,proteus/experiments/runs/dil14_dual_d_ff_74hc74_terminal_v4_temp_2026_07_14/01_solo_1x/C01_74HC74_LOCKED_MEGA_NO_TERMINAL_GATE_COPY.pdsprj,58e71f17e81492ea6578c02cc06e615691257ca73a063f4bf71d1da0e2eeea35,Disposable Proteus loader copy,local-only reproducible infrastructure or disposable Proteus state,"preserved on disk, explicitly excluded from Git",**/*_COPY.pdsprj or **/*_GATE.pdsprj
new during reorganization,proteus/experiments/runs/dil14_dual_d_ff_74hc74_terminal_v4_temp_2026_07_14/01_solo_1x/C02_74HC74_NATIVE_PIN_CONTACT_sa_ACTIVE_GATE_COPY.pdsprj,e7b6b81a7bc0fb5364cc3d0604f6d52da45d38c86692f401b73fed1e237c59b0,Disposable Proteus loader copy,local-only reproducible infrastructure or disposable Proteus state,"preserved on disk, explicitly excluded from Git",**/*_COPY.pdsprj or **/*_GATE.pdsprj
new during reorganization,proteus/experiments/runs/dil14_dual_d_ff_74hc74_terminal_v4_temp_2026_07_14/01_solo_1x/C02_74HC74_NATIVE_PIN_CONTACT_sa_GATE_COPY.pdsprj,fd9a787e877981216f63dae1a57f1d94facf6778cc8da3889923e2528be4e808,Disposable Proteus loader copy,local-only reproducible infrastructure or disposable Proteus state,"preserved on disk, explicitly excluded from Git",**/*_COPY.pdsprj or **/*_GATE.pdsprj
experiments/dil14_dual_d_ff_74hc74_terminal_v4_temp_2026_07_14/01_solo_1x/C03_74HC74_GRID_CONTACT_DIAGNOSTIC_COPY.pdsprj,proteus/experiments/runs/dil14_dual_d_ff_74hc74_terminal_v4_temp_2026_07_14/01_solo_1x/C03_74HC74_GRID_CONTACT_DIAGNOSTIC_COPY.pdsprj,b5ec9766b3c8f70829757382a7d4e160681a1527fe93028a07afd044b7ae42a5,Disposable Proteus loader copy,local-only reproducible infrastructure or disposable Proteus state,"preserved on disk, explicitly excluded from Git",**/*_COPY.pdsprj or **/*_GATE.pdsprj
new during reorganization,proteus/experiments/runs/dil14_dual_d_ff_74hc74_terminal_v4_temp_2026_07_14/01_solo_1x/C03_74HC74_GRID_CONTACT_sa_ACTIVE_GATE_COPY.pdsprj,4ac7c290bbf92f5ac627743910984f9819ae8b7a55431423e1c7a67dcb733242,Disposable Proteus loader copy,local-only reproducible infrastructure or disposable Proteus state,"preserved on disk, explicitly excluded from Git",**/*_COPY.pdsprj or **/*_GATE.pdsprj
new during reorganization,proteus/experiments/runs/dil14_dual_d_ff_74hc74_terminal_v4_temp_2026_07_14/01_solo_1x/C03_74HC74_GRID_CONTACT_sa_GATE_COPY.pdsprj,b5ec9766b3c8f70829757382a7d4e160681a1527fe93028a07afd044b7ae42a5,Disposable Proteus loader copy,local-only reproducible infrastructure or disposable Proteus state,"preserved on disk, explicitly excluded from Git",**/*_COPY.pdsprj or **/*_GATE.pdsprj
new during reorganization,proteus/experiments/runs/dil14_dual_d_ff_74hc74_terminal_v4_temp_2026_07_14/01_solo_1x/C04_74HC74_CATALOGUE_TERMINAL_COLD_sa_ACTIVE_GATE_COPY.pdsprj,4ac7c290bbf92f5ac627743910984f9819ae8b7a55431423e1c7a67dcb733242,Disposable Proteus loader copy,local-only reproducible infrastructure or disposable Proteus state,"preserved on disk, explicitly excluded from Git",**/*_COPY.pdsprj or **/*_GATE.pdsprj
new during reorganization,proteus/experiments/runs/dil14_dual_d_ff_74hc74_terminal_v4_temp_2026_07_14/01_solo_1x/C04_74HC74_CATALOGUE_TERMINAL_COLD_sa_GATE_COPY.pdsprj,4ac7c290bbf92f5ac627743910984f9819ae8b7a55431423e1c7a67dcb733242,Disposable Proteus loader copy,local-only reproducible infrastructure or disposable Proteus state,"preserved on disk, explicitly excluded from Git",**/*_COPY.pdsprj or **/*_GATE.pdsprj
new during reorganization,proteus/experiments/runs/dil14_dual_d_ff_74hc74_terminal_v4_temp_2026_07_14/01_solo_1x/C04_74HC74_CATALOGUE_TERMINAL_sa_ACTIVE_GATE_COPY.pdsprj,4ac7c290bbf92f5ac627743910984f9819ae8b7a55431423e1c7a67dcb733242,Disposable Proteus loader copy,local-only reproducible infrastructure or disposable Proteus state,"preserved on disk, explicitly excluded from Git",**/*_COPY.pdsprj or **/*_GATE.pdsprj
new during reorganization,proteus/experiments/runs/dil14_dual_d_ff_74hc74_terminal_v4_temp_2026_07_14/01_solo_1x/C04_74HC74_CATALOGUE_TERMINAL_sa_GATE_COPY.pdsprj,4ac7c290bbf92f5ac627743910984f9819ae8b7a55431423e1c7a67dcb733242,Disposable Proteus loader copy,local-only reproducible infrastructure or disposable Proteus state,"preserved on disk, explicitly excluded from Git",**/*_COPY.pdsprj or **/*_GATE.pdsprj
new during reorganization,proteus/experiments/runs/dil14_dual_d_ff_74hc74_terminal_v4_temp_2026_07_14/01_solo_1x/D00_74HC74_ACCEPTED_DONOR_GATE_COPY.pdsprj,4586a951bbfd986c6c10e629d0a6ae8e1723a50139cdebf10fb6d383c2ee07cc,Disposable Proteus loader copy,local-only reproducible infrastructure or disposable Proteus state,"preserved on disk, explicitly excluded from Git",**/*_COPY.pdsprj or **/*_GATE.pdsprj
new during reorganization,proteus/experiments/runs/dil14_dual_d_ff_74hc74_terminal_v4_temp_2026_07_14/03_scale_9x_15x/S09_74HC74_9X_COMPLETE_COLD_COPY.pdsprj,dec0fab095e4fc06696e13092c30d7d98b7bb9f8f3b2fd1193ec5f94ecc8b1b5,Disposable Proteus loader copy,local-only reproducible infrastructure or disposable Proteus state,"preserved on disk, explicitly excluded from Git",**/*_COPY.pdsprj or **/*_GATE.pdsprj
new during reorganization,proteus/experiments/runs/dil14_dual_d_ff_74hc74_terminal_v4_temp_2026_07_14/03_scale_9x_15x/S09_74HC74_9X_COMPLETE_NORMAL_COPY.pdsprj,dec0fab095e4fc06696e13092c30d7d98b7bb9f8f3b2fd1193ec5f94ecc8b1b5,Disposable Proteus loader copy,local-only reproducible infrastructure or disposable Proteus state,"preserved on disk, explicitly excluded from Git",**/*_COPY.pdsprj or **/*_GATE.pdsprj
new during reorganization,proteus/experiments/runs/dil14_dual_d_ff_74hc74_terminal_v4_temp_2026_07_14/03_scale_9x_15x/S15_74HC74_15X_COMPLETE_COLD_COPY.pdsprj,35933d2f9ec7d35413bd07424cefa3ec7f179d9d948ef5acae0d2271e30b50ba,Disposable Proteus loader copy,local-only reproducible infrastructure or disposable Proteus state,"preserved on disk, explicitly excluded from Git",**/*_COPY.pdsprj or **/*_GATE.pdsprj
new during reorganization,proteus/experiments/runs/dil14_dual_d_ff_74hc74_terminal_v4_temp_2026_07_14/03_scale_9x_15x/S15_74HC74_15X_COMPLETE_NORMAL_COPY.pdsprj,35933d2f9ec7d35413bd07424cefa3ec7f179d9d948ef5acae0d2271e30b50ba,Disposable Proteus loader copy,local-only reproducible infrastructure or disposable Proteus state,"preserved on disk, explicitly excluded from Git",**/*_COPY.pdsprj or **/*_GATE.pdsprj
new during reorganization,proteus/experiments/runs/dil14_dual_d_ff_terminal_v1_temp_2026_07_13/01_solo_1x/S01_74HC74_1X/S01_74HC74_1X_CATALOGUE_TERMINAL_sa.pdsprj.Vincero.Empty.workspace,9dd1057fe9b35a47adfdedabfdcf603620979a8c3011b6ea1409381da06c09c8,Proteus workspace sidecar,local-only reproducible infrastructure or disposable Proteus state,"preserved on disk, explicitly excluded from Git",*.workspace
new during reorganization,proteus/experiments/runs/dil14_dual_d_ff_terminal_v1_temp_2026_07_13/03_solo_15x/S01_74HC74_15X/S01_74HC74_15X_CATALOGUE_TERMINAL_sa.pdsprj.Vincero.Empty.workspace,886d1ec79cd4a5367660467a3c8d5baa597fe0f191e2a4c259548fc78be62402,Proteus workspace sidecar,local-only reproducible infrastructure or disposable Proteus state,"preserved on disk, explicitly excluded from Git",*.workspace
new during reorganization,proteus/experiments/runs/dil14_dual_d_ff_terminal_v1_temp_2026_07_13/04_mixed_accepted_two_pin_terminalized_dil14_bare_1x/M001_ACCEPTED_TWO_PIN_TERMINALIZED_DIL14_BARE_1X_sa.pdsprj.Vincero.Empty.workspace,66837f0da74463aed3eff848b50227314b37efe0e0347a2b03ac3c89a7f03f36,Proteus workspace sidecar,local-only reproducible infrastructure or disposable Proteus state,"preserved on disk, explicitly excluded from Git",*.workspace
new during reorganization,proteus/experiments/runs/dil14_hex_inverter_74hc04_terminal_v2_temp_2026_07_14/01_solo_1x/C01_74HC04_LOCKED_MEGA_NO_TERMINAL_GATE_COPY.pdsprj,c262a3952fe8788b8ef55268cc19e94a13d4fd4f77229f95f7bd653ee5693ae9,Disposable Proteus loader copy,local-only reproducible infrastructure or disposable Proteus state,"preserved on disk, explicitly excluded from Git",**/*_COPY.pdsprj or **/*_GATE.pdsprj
new during reorganization,proteus/experiments/runs/dil14_hex_inverter_74hc04_terminal_v2_temp_2026_07_14/01_solo_1x/C02_74HC04_NATIVE_PIN_CONTACT_sa_GATE_COPY.pdsprj,56120e95ed369789f08d92e1b07609dc7babe0ade901708c46d9c9a20a21581f,Disposable Proteus loader copy,local-only reproducible infrastructure or disposable Proteus state,"preserved on disk, explicitly excluded from Git",**/*_COPY.pdsprj or **/*_GATE.pdsprj
new during reorganization,proteus/experiments/runs/dil14_hex_inverter_74hc04_terminal_v2_temp_2026_07_14/01_solo_1x/C03_74HC04_GRID_CONTACT_sa_GATE_COPY.pdsprj,406b1eee88a123d7231b8dd945b0308fc0ec0228fc0f8c7abe66a6090b049c79,Disposable Proteus loader copy,local-only reproducible infrastructure or disposable Proteus state,"preserved on disk, explicitly excluded from Git",**/*_COPY.pdsprj or **/*_GATE.pdsprj
new during reorganization,proteus/experiments/runs/dil14_hex_inverter_74hc04_terminal_v2_temp_2026_07_14/01_solo_1x/C04_74HC04_CATALOGUE_TERMINAL_sa_GATE_COPY.pdsprj,fb4f2c858b1eda82f5db3d12b5f7247623f10304e5d99ec09a571eeb9e1c6bf9,Disposable Proteus loader copy,local-only reproducible infrastructure or disposable Proteus state,"preserved on disk, explicitly excluded from Git",**/*_COPY.pdsprj or **/*_GATE.pdsprj
new during reorganization,proteus/experiments/runs/dil14_hex_inverter_74hc04_terminal_v2_temp_2026_07_14/04_local_proteus_scale_gate/G01_S09_74HC04_9X_COMPLETE_COPY.pdsprj,094f4db7bbac4e9fbc2dc7660a4c0cab4043c79d548952b6f2732137edcdf5bd,Disposable Proteus loader copy,local-only reproducible infrastructure or disposable Proteus state,"preserved on disk, explicitly excluded from Git",**/*_COPY.pdsprj or **/*_GATE.pdsprj
new during reorganization,proteus/experiments/runs/dil14_hex_inverter_74hc04_terminal_v2_temp_2026_07_14/04_local_proteus_scale_gate/G02_S09_74HC04_9X_COMPLETE_COLD_REOPEN_COPY.pdsprj,094f4db7bbac4e9fbc2dc7660a4c0cab4043c79d548952b6f2732137edcdf5bd,Disposable Proteus loader copy,local-only reproducible infrastructure or disposable Proteus state,"preserved on disk, explicitly excluded from Git",**/*_COPY.pdsprj or **/*_GATE.pdsprj
new during reorganization,proteus/experiments/runs/dil14_hex_inverter_74hc04_terminal_v2_temp_2026_07_14/04_local_proteus_scale_gate/G03_S15_74HC04_15X_COMPLETE_COPY.pdsprj,9fbedfbef8caabf47f319a87590fa0bc9a35aced5e6dbf3f04f58e367b8253ba,Disposable Proteus loader copy,local-only reproducible infrastructure or disposable Proteus state,"preserved on disk, explicitly excluded from Git",**/*_COPY.pdsprj or **/*_GATE.pdsprj
new during reorganization,proteus/experiments/runs/dil14_hex_inverter_74hc04_terminal_v2_temp_2026_07_14/04_local_proteus_scale_gate/G04_S15_74HC04_15X_COMPLETE_COLD_REOPEN_COPY.pdsprj,9fbedfbef8caabf47f319a87590fa0bc9a35aced5e6dbf3f04f58e367b8253ba,Disposable Proteus loader copy,local-only reproducible infrastructure or disposable Proteus state,"preserved on disk, explicitly excluded from Git",**/*_COPY.pdsprj or **/*_GATE.pdsprj
new during reorganization,proteus/experiments/runs/dil14_hex_inverter_terminal_v1_temp_2026_07_13/04_mixed_accepted_two_pin_terminalized_dil14_bare_1x/M001_ACCEPTED_TWO_PIN_TERMINALIZED_DIL14_BARE_1X_sa.pdsprj.Vincero.Empty.workspace,bd59eea6773dba29373e44e5d3db5f9b0bb8d07792da0f1aa533febc3b57adab,Proteus workspace sidecar,local-only reproducible infrastructure or disposable Proteus state,"preserved on disk, explicitly excluded from Git",*.workspace
new during reorganization,proteus/experiments/runs/dil14_quad_2input_logic_74hc00_terminal_v2_temp_2026_07_14/02_local_proteus_gate/G01_C01_74HC00_LOCKED_MEGA_NO_TERMINAL_COPY.pdsprj,ec0f5cbebb7458a6503337fe448b169e8717a98eba4be6cc8b40724858fe20cf,Disposable Proteus loader copy,local-only reproducible infrastructure or disposable Proteus state,"preserved on disk, explicitly excluded from Git",**/*_COPY.pdsprj or **/*_GATE.pdsprj
new during reorganization,proteus/experiments/runs/dil14_quad_2input_logic_74hc00_terminal_v2_temp_2026_07_14/02_local_proteus_gate/G02_C02_74HC00_NATIVE_PIN_CONTACT_COPY.pdsprj,76181975f920cab6aa59c9b0ee72868ba745a6a7ef85405f3f42eebc6c82782d,Disposable Proteus loader copy,local-only reproducible infrastructure or disposable Proteus state,"preserved on disk, explicitly excluded from Git",**/*_COPY.pdsprj or **/*_GATE.pdsprj
new during reorganization,proteus/experiments/runs/dil14_quad_2input_logic_74hc00_terminal_v2_temp_2026_07_14/02_local_proteus_gate/G03_C03_74HC00_GRID_CONTACT_COPY.pdsprj,85ca361c917be8fed1cfa869bec08ea3adb4933901c2436c32aa93e29ecf4e35,Disposable Proteus loader copy,local-only reproducible infrastructure or disposable Proteus state,"preserved on disk, explicitly excluded from Git",**/*_COPY.pdsprj or **/*_GATE.pdsprj
new during reorganization,proteus/experiments/runs/dil14_quad_2input_logic_74hc00_terminal_v2_temp_2026_07_14/02_local_proteus_gate/G04_C04_74HC00_COMPLETE_COPY.pdsprj,1d15afaa67e4a43bca52a3c8910bfb9a2c8eb83d935184e0f846627bf680defe,Disposable Proteus loader copy,local-only reproducible infrastructure or disposable Proteus state,"preserved on disk, explicitly excluded from Git",**/*_COPY.pdsprj or **/*_GATE.pdsprj
new during reorganization,proteus/experiments/runs/dil14_quad_2input_logic_74hc00_terminal_v2_temp_2026_07_14/02_local_proteus_gate/G05_C04_74HC00_COMPLETE_COPY.pdsprj,1d15afaa67e4a43bca52a3c8910bfb9a2c8eb83d935184e0f846627bf680defe,Disposable Proteus loader copy,local-only reproducible infrastructure or disposable Proteus state,"preserved on disk, explicitly excluded from Git",**/*_COPY.pdsprj or **/*_GATE.pdsprj
new during reorganization,proteus/experiments/runs/dil14_quad_2input_logic_74hc00_terminal_v2_temp_2026_07_14/04_local_proteus_scale_gate/G06_74HC00_8X_COMPLETE_COPY.pdsprj,4ad9da828e66e98525a074d446d654f988ea2203e3ac785e024bf8e22389c45d,Disposable Proteus loader copy,local-only reproducible infrastructure or disposable Proteus state,"preserved on disk, explicitly excluded from Git",**/*_COPY.pdsprj or **/*_GATE.pdsprj
new during reorganization,proteus/experiments/runs/dil14_quad_2input_logic_74hc00_terminal_v2_temp_2026_07_14/04_local_proteus_scale_gate/G07_74HC00_8X_COMPLETE_COPY.pdsprj,4ad9da828e66e98525a074d446d654f988ea2203e3ac785e024bf8e22389c45d,Disposable Proteus loader copy,local-only reproducible infrastructure or disposable Proteus state,"preserved on disk, explicitly excluded from Git",**/*_COPY.pdsprj or **/*_GATE.pdsprj
new during reorganization,proteus/experiments/runs/dil14_quad_2input_logic_74hc02_terminal_v2_temp_2026_07_14/02_local_proteus_gate/G01_C01_74HC02_LOCKED_MEGA_NO_TERMINAL_COPY.pdsprj,5a54a8b2a91a28e008ca374cfbce2ce04ee6b90f9ed1eca5ef6c9d3991c9a331,Disposable Proteus loader copy,local-only reproducible infrastructure or disposable Proteus state,"preserved on disk, explicitly excluded from Git",**/*_COPY.pdsprj or **/*_GATE.pdsprj
new during reorganization,proteus/experiments/runs/dil14_quad_2input_logic_74hc02_terminal_v2_temp_2026_07_14/02_local_proteus_gate/G02_C02_74HC02_NATIVE_PIN_CONTACT_COPY.pdsprj,749e8ab0baba0132af809b3d4228b1140645a8d67647ffd830b2fc26c472ae83,Disposable Proteus loader copy,local-only reproducible infrastructure or disposable Proteus state,"preserved on disk, explicitly excluded from Git",**/*_COPY.pdsprj or **/*_GATE.pdsprj
new during reorganization,proteus/experiments/runs/dil14_quad_2input_logic_74hc02_terminal_v2_temp_2026_07_14/02_local_proteus_gate/G03_C03_74HC02_GRID_CONTACT_COPY.pdsprj,ae5004b38bf7411bcbb59309a2f05b0d5777c4ed56d5b2ff5c8f9fe077037fbd,Disposable Proteus loader copy,local-only reproducible infrastructure or disposable Proteus state,"preserved on disk, explicitly excluded from Git",**/*_COPY.pdsprj or **/*_GATE.pdsprj
new during reorganization,proteus/experiments/runs/dil14_quad_2input_logic_74hc02_terminal_v2_temp_2026_07_14/02_local_proteus_gate/G04_C04_74HC02_COMPLETE_COPY.pdsprj,210246e3179ec9a9fcae32bd7a0f6c9a3a02e54ab1334fcad8ea6ca539f6c3f1,Disposable Proteus loader copy,local-only reproducible infrastructure or disposable Proteus state,"preserved on disk, explicitly excluded from Git",**/*_COPY.pdsprj or **/*_GATE.pdsprj
new during reorganization,proteus/experiments/runs/dil14_quad_2input_logic_74hc02_terminal_v2_temp_2026_07_14/02_local_proteus_gate/G05_C04_74HC02_COMPLETE_COPY.pdsprj,210246e3179ec9a9fcae32bd7a0f6c9a3a02e54ab1334fcad8ea6ca539f6c3f1,Disposable Proteus loader copy,local-only reproducible infrastructure or disposable Proteus state,"preserved on disk, explicitly excluded from Git",**/*_COPY.pdsprj or **/*_GATE.pdsprj
new during reorganization,proteus/experiments/runs/dil14_quad_2input_logic_74hc02_terminal_v2_temp_2026_07_14/04_local_proteus_scale_gate/G06_S01_74HC02_9X_COMPLETE_COPY.pdsprj,c9c442e396f59b6a2f76bb1cc8661a0d5a1e0761c675eefaa9e734719942c4bd,Disposable Proteus loader copy,local-only reproducible infrastructure or disposable Proteus state,"preserved on disk, explicitly excluded from Git",**/*_COPY.pdsprj or **/*_GATE.pdsprj
new during reorganization,proteus/experiments/runs/dil14_quad_2input_logic_74hc02_terminal_v2_temp_2026_07_14/04_local_proteus_scale_gate/G07_S01_74HC02_9X_COMPLETE_COPY.pdsprj,c9c442e396f59b6a2f76bb1cc8661a0d5a1e0761c675eefaa9e734719942c4bd,Disposable Proteus loader copy,local-only reproducible infrastructure or disposable Proteus state,"preserved on disk, explicitly excluded from Git",**/*_COPY.pdsprj or **/*_GATE.pdsprj
new during reorganization,proteus/experiments/runs/dil14_quad_2input_logic_74hc02_terminal_v2_temp_2026_07_14/04_local_proteus_scale_gate/G08_S03_74HC02_12X_COMPLETE_COPY.pdsprj,f810a7122b20304a523075b20fc9da6e77741994002e12f2a02de4f2fa95e701,Disposable Proteus loader copy,local-only reproducible infrastructure or disposable Proteus state,"preserved on disk, explicitly excluded from Git",**/*_COPY.pdsprj or **/*_GATE.pdsprj
new during reorganization,proteus/experiments/runs/dil14_quad_2input_logic_74hc02_terminal_v2_temp_2026_07_14/04_local_proteus_scale_gate/G09_S03_74HC02_12X_COMPLETE_COPY.pdsprj,f810a7122b20304a523075b20fc9da6e77741994002e12f2a02de4f2fa95e701,Disposable Proteus loader copy,local-only reproducible infrastructure or disposable Proteus state,"preserved on disk, explicitly excluded from Git",**/*_COPY.pdsprj or **/*_GATE.pdsprj
new during reorganization,proteus/experiments/runs/dil14_quad_2input_logic_74hc08_terminal_v2_temp_2026_07_14/02_local_proteus_gate/G01_C01_74HC08_LOCKED_MEGA_NO_TERMINAL_COPY.pdsprj,667f849f09b86834f39b92420665597b211726e461b88c803e6e92f5918fb3b1,Disposable Proteus loader copy,local-only reproducible infrastructure or disposable Proteus state,"preserved on disk, explicitly excluded from Git",**/*_COPY.pdsprj or **/*_GATE.pdsprj
new during reorganization,proteus/experiments/runs/dil14_quad_2input_logic_74hc08_terminal_v2_temp_2026_07_14/02_local_proteus_gate/G02_C02_74HC08_NATIVE_PIN_CONTACT_COPY.pdsprj,a74a940e71eababed69bf82869275499a8784e23f55e7213632382fd7a462fc4,Disposable Proteus loader copy,local-only reproducible infrastructure or disposable Proteus state,"preserved on disk, explicitly excluded from Git",**/*_COPY.pdsprj or **/*_GATE.pdsprj
new during reorganization,proteus/experiments/runs/dil14_quad_2input_logic_74hc08_terminal_v2_temp_2026_07_14/02_local_proteus_gate/G03_C03_74HC08_GRID_CONTACT_COPY.pdsprj,d10c7a6e048878b49452a42baa35151f5ca83f0924d703420e7690d6e64437d4,Disposable Proteus loader copy,local-only reproducible infrastructure or disposable Proteus state,"preserved on disk, explicitly excluded from Git",**/*_COPY.pdsprj or **/*_GATE.pdsprj
new during reorganization,proteus/experiments/runs/dil14_quad_2input_logic_74hc08_terminal_v2_temp_2026_07_14/02_local_proteus_gate/G04_C04_74HC08_COMPLETE_COPY.pdsprj,f9c8fd9e761ad6b17b698950a79153fec1a4d8527b24a436f525e9a0b85ac1cc,Disposable Proteus loader copy,local-only reproducible infrastructure or disposable Proteus state,"preserved on disk, explicitly excluded from Git",**/*_COPY.pdsprj or **/*_GATE.pdsprj
new during reorganization,proteus/experiments/runs/dil14_quad_2input_logic_74hc08_terminal_v2_temp_2026_07_14/02_local_proteus_gate/G05_C04_74HC08_COMPLETE_COPY.pdsprj,f9c8fd9e761ad6b17b698950a79153fec1a4d8527b24a436f525e9a0b85ac1cc,Disposable Proteus loader copy,local-only reproducible infrastructure or disposable Proteus state,"preserved on disk, explicitly excluded from Git",**/*_COPY.pdsprj or **/*_GATE.pdsprj
new during reorganization,proteus/experiments/runs/dil14_quad_2input_logic_74hc08_terminal_v2_temp_2026_07_14/04_local_proteus_scale_gate/G01_S09_74HC08_9X_COMPLETE_COPY.pdsprj,8c18ff22af5fc7b851fc49d2468ca438f5613e1728b3785eb8db86eff89d3828,Disposable Proteus loader copy,local-only reproducible infrastructure or disposable Proteus state,"preserved on disk, explicitly excluded from Git",**/*_COPY.pdsprj or **/*_GATE.pdsprj
new during reorganization,proteus/experiments/runs/dil14_quad_2input_logic_74hc08_terminal_v2_temp_2026_07_14/04_local_proteus_scale_gate/G02_S09_74HC08_9X_COMPLETE_COLD_REOPEN_COPY.pdsprj,8c18ff22af5fc7b851fc49d2468ca438f5613e1728b3785eb8db86eff89d3828,Disposable Proteus loader copy,local-only reproducible infrastructure or disposable Proteus state,"preserved on disk, explicitly excluded from Git",**/*_COPY.pdsprj or **/*_GATE.pdsprj
new during reorganization,proteus/experiments/runs/dil14_quad_2input_logic_74hc08_terminal_v2_temp_2026_07_14/04_local_proteus_scale_gate/G03_S15_74HC08_15X_COMPLETE_COPY.pdsprj,84cc1f777be1c0d1f0714c2b7d730805d7e6a683d9d3e11456cbde67e36d1542,Disposable Proteus loader copy,local-only reproducible infrastructure or disposable Proteus state,"preserved on disk, explicitly excluded from Git",**/*_COPY.pdsprj or **/*_GATE.pdsprj
new during reorganization,proteus/experiments/runs/dil14_quad_2input_logic_74hc08_terminal_v2_temp_2026_07_14/04_local_proteus_scale_gate/G04_S15_74HC08_15X_COMPLETE_COLD_REOPEN_COPY.pdsprj,84cc1f777be1c0d1f0714c2b7d730805d7e6a683d9d3e11456cbde67e36d1542,Disposable Proteus loader copy,local-only reproducible infrastructure or disposable Proteus state,"preserved on disk, explicitly excluded from Git",**/*_COPY.pdsprj or **/*_GATE.pdsprj
new during reorganization,proteus/experiments/runs/dil14_quad_2input_logic_74hc266_terminal_v2_temp_2026_07_14/02_local_proteus_gate/G01_C01_74HC266_LOCKED_MEGA_NO_TERMINAL_COPY.pdsprj,27bf3924631ecc02f53b7df09c92cff976b8618236f594ffb5fd3f4e0703c86c,Disposable Proteus loader copy,local-only reproducible infrastructure or disposable Proteus state,"preserved on disk, explicitly excluded from Git",**/*_COPY.pdsprj or **/*_GATE.pdsprj
new during reorganization,proteus/experiments/runs/dil14_quad_2input_logic_74hc266_terminal_v2_temp_2026_07_14/02_local_proteus_gate/G02_C02_74HC266_NATIVE_PIN_CONTACT_COPY.pdsprj,5db9a878aca387f1672006b8d1d39f12e2f200cfba4e28b0d155a948470ec7be,Disposable Proteus loader copy,local-only reproducible infrastructure or disposable Proteus state,"preserved on disk, explicitly excluded from Git",**/*_COPY.pdsprj or **/*_GATE.pdsprj
new during reorganization,proteus/experiments/runs/dil14_quad_2input_logic_74hc266_terminal_v2_temp_2026_07_14/02_local_proteus_gate/G03_C03_74HC266_GRID_CONTACT_COPY.pdsprj,fe0a113a0fb25e4c92e5e4a3cba92421106120fb6566c54bb4ee50a737bbacb5,Disposable Proteus loader copy,local-only reproducible infrastructure or disposable Proteus state,"preserved on disk, explicitly excluded from Git",**/*_COPY.pdsprj or **/*_GATE.pdsprj
new during reorganization,proteus/experiments/runs/dil14_quad_2input_logic_74hc266_terminal_v2_temp_2026_07_14/02_local_proteus_gate/G04_C04_74HC266_COMPLETE_COPY.pdsprj,3e004a923ec3e4021ba0fae8c7edef5d168b367c9cf778ec5caaf583a5eb406b,Disposable Proteus loader copy,local-only reproducible infrastructure or disposable Proteus state,"preserved on disk, explicitly excluded from Git",**/*_COPY.pdsprj or **/*_GATE.pdsprj
new during reorganization,proteus/experiments/runs/dil14_quad_2input_logic_74hc266_terminal_v2_temp_2026_07_14/02_local_proteus_gate/G05_C04_74HC266_COMPLETE_COPY.pdsprj,3e004a923ec3e4021ba0fae8c7edef5d168b367c9cf778ec5caaf583a5eb406b,Disposable Proteus loader copy,local-only reproducible infrastructure or disposable Proteus state,"preserved on disk, explicitly excluded from Git",**/*_COPY.pdsprj or **/*_GATE.pdsprj
new during reorganization,proteus/experiments/runs/dil14_quad_2input_logic_74hc266_terminal_v2_temp_2026_07_14/04_local_proteus_scale_gate/G01_S09_74HC266_9X_COMPLETE_COPY.pdsprj,f8d5e8018b8902a27c5d64227eb217d56f46a3e0846a6a0336f29ff39afed11c,Disposable Proteus loader copy,local-only reproducible infrastructure or disposable Proteus state,"preserved on disk, explicitly excluded from Git",**/*_COPY.pdsprj or **/*_GATE.pdsprj
new during reorganization,proteus/experiments/runs/dil14_quad_2input_logic_74hc266_terminal_v2_temp_2026_07_14/04_local_proteus_scale_gate/G02_S09_74HC266_9X_COMPLETE_COPY.pdsprj,f8d5e8018b8902a27c5d64227eb217d56f46a3e0846a6a0336f29ff39afed11c,Disposable Proteus loader copy,local-only reproducible infrastructure or disposable Proteus state,"preserved on disk, explicitly excluded from Git",**/*_COPY.pdsprj or **/*_GATE.pdsprj
new during reorganization,proteus/experiments/runs/dil14_quad_2input_logic_74hc266_terminal_v2_temp_2026_07_14/04_local_proteus_scale_gate/G03_S15_74HC266_15X_COMPLETE_COPY.pdsprj,7a7f4853b590b590747dca728e27186719de971026e1c8f8ec21db62bf9f5c83,Disposable Proteus loader copy,local-only reproducible infrastructure or disposable Proteus state,"preserved on disk, explicitly excluded from Git",**/*_COPY.pdsprj or **/*_GATE.pdsprj
new during reorganization,proteus/experiments/runs/dil14_quad_2input_logic_74hc266_terminal_v2_temp_2026_07_14/04_local_proteus_scale_gate/G04_S15_74HC266_15X_COMPLETE_COPY.pdsprj,7a7f4853b590b590747dca728e27186719de971026e1c8f8ec21db62bf9f5c83,Disposable Proteus loader copy,local-only reproducible infrastructure or disposable Proteus state,"preserved on disk, explicitly excluded from Git",**/*_COPY.pdsprj or **/*_GATE.pdsprj
new during reorganization,proteus/experiments/runs/dil14_quad_2input_logic_74hc32_terminal_v2_temp_2026_07_14/02_local_proteus_gate/G01_C01_74HC32_LOCKED_MEGA_NO_TERMINAL_COPY.pdsprj,7bda046148c05fd6878327e640546be9e9c1e2ff53043290e0feea047f06c385,Disposable Proteus loader copy,local-only reproducible infrastructure or disposable Proteus state,"preserved on disk, explicitly excluded from Git",**/*_COPY.pdsprj or **/*_GATE.pdsprj
new during reorganization,proteus/experiments/runs/dil14_quad_2input_logic_74hc32_terminal_v2_temp_2026_07_14/02_local_proteus_gate/G02_C02_74HC32_NATIVE_PIN_CONTACT_COPY.pdsprj,895b46dfe731a0d649db218d7cc7bfeee9875859653d4f8a11506c514130fb2b,Disposable Proteus loader copy,local-only reproducible infrastructure or disposable Proteus state,"preserved on disk, explicitly excluded from Git",**/*_COPY.pdsprj or **/*_GATE.pdsprj
new during reorganization,proteus/experiments/runs/dil14_quad_2input_logic_74hc32_terminal_v2_temp_2026_07_14/02_local_proteus_gate/G03_C03_74HC32_GRID_CONTACT_COPY.pdsprj,cfd2ba123107477a083da47638314a207cec33c341e224a8391086952db377a2,Disposable Proteus loader copy,local-only reproducible infrastructure or disposable Proteus state,"preserved on disk, explicitly excluded from Git",**/*_COPY.pdsprj or **/*_GATE.pdsprj
new during reorganization,proteus/experiments/runs/dil14_quad_2input_logic_74hc32_terminal_v2_temp_2026_07_14/02_local_proteus_gate/G04_C04_74HC32_COMPLETE_COPY.pdsprj,bfe8b65e9f9600248090c73a606bdbf16990d3a3e528e39078a00ca2ed53a99b,Disposable Proteus loader copy,local-only reproducible infrastructure or disposable Proteus state,"preserved on disk, explicitly excluded from Git",**/*_COPY.pdsprj or **/*_GATE.pdsprj
new during reorganization,proteus/experiments/runs/dil14_quad_2input_logic_74hc32_terminal_v2_temp_2026_07_14/02_local_proteus_gate/G05_C04_74HC32_COMPLETE_COLD_REOPEN_COPY.pdsprj,bfe8b65e9f9600248090c73a606bdbf16990d3a3e528e39078a00ca2ed53a99b,Disposable Proteus loader copy,local-only reproducible infrastructure or disposable Proteus state,"preserved on disk, explicitly excluded from Git",**/*_COPY.pdsprj or **/*_GATE.pdsprj
new during reorganization,proteus/experiments/runs/dil14_quad_2input_logic_74hc32_terminal_v2_temp_2026_07_14/04_local_proteus_scale_gate/G01_S09_74HC32_9X_COMPLETE_COPY.pdsprj,2618a017fb8b266a1871507ca81b2e29228e4ad3fc258f8b60e0b66a87b1a755,Disposable Proteus loader copy,local-only reproducible infrastructure or disposable Proteus state,"preserved on disk, explicitly excluded from Git",**/*_COPY.pdsprj or **/*_GATE.pdsprj
new during reorganization,proteus/experiments/runs/dil14_quad_2input_logic_74hc32_terminal_v2_temp_2026_07_14/04_local_proteus_scale_gate/G02_S09_74HC32_9X_COMPLETE_COLD_REOPEN_COPY.pdsprj,2618a017fb8b266a1871507ca81b2e29228e4ad3fc258f8b60e0b66a87b1a755,Disposable Proteus loader copy,local-only reproducible infrastructure or disposable Proteus state,"preserved on disk, explicitly excluded from Git",**/*_COPY.pdsprj or **/*_GATE.pdsprj
new during reorganization,proteus/experiments/runs/dil14_quad_2input_logic_74hc32_terminal_v2_temp_2026_07_14/04_local_proteus_scale_gate/G03_S15_74HC32_15X_COMPLETE_COPY.pdsprj,508072c7b3009e2668f3a0909eeeb77e7f166a6451a95ba6db7b79b9aa33f587,Disposable Proteus loader copy,local-only reproducible infrastructure or disposable Proteus state,"preserved on disk, explicitly excluded from Git",**/*_COPY.pdsprj or **/*_GATE.pdsprj
new during reorganization,proteus/experiments/runs/dil14_quad_2input_logic_74hc32_terminal_v2_temp_2026_07_14/04_local_proteus_scale_gate/G04_S15_74HC32_15X_COMPLETE_COLD_REOPEN_COPY.pdsprj,508072c7b3009e2668f3a0909eeeb77e7f166a6451a95ba6db7b79b9aa33f587,Disposable Proteus loader copy,local-only reproducible infrastructure or disposable Proteus state,"preserved on disk, explicitly excluded from Git",**/*_COPY.pdsprj or **/*_GATE.pdsprj
new during reorganization,proteus/experiments/runs/dil14_quad_2input_logic_74hc86_terminal_v2_temp_2026_07_14/02_local_proteus_gate/G01_C01_74HC86_LOCKED_MEGA_NO_TERMINAL_COPY.pdsprj,2c13abef178b80e802636a8370c6b18f6b40218a42abaf5c8c5483b23e7ee1ee,Disposable Proteus loader copy,local-only reproducible infrastructure or disposable Proteus state,"preserved on disk, explicitly excluded from Git",**/*_COPY.pdsprj or **/*_GATE.pdsprj
new during reorganization,proteus/experiments/runs/dil14_quad_2input_logic_74hc86_terminal_v2_temp_2026_07_14/02_local_proteus_gate/G02_C02_74HC86_NATIVE_PIN_CONTACT_COPY.pdsprj,cedf38ef8828a148ede583367af7faac9cd16ee7995614f31eb2eb2eeea093ec,Disposable Proteus loader copy,local-only reproducible infrastructure or disposable Proteus state,"preserved on disk, explicitly excluded from Git",**/*_COPY.pdsprj or **/*_GATE.pdsprj
new during reorganization,proteus/experiments/runs/dil14_quad_2input_logic_74hc86_terminal_v2_temp_2026_07_14/02_local_proteus_gate/G03_C03_74HC86_GRID_CONTACT_COPY.pdsprj,c56134f89e0693bb23c89f45411b3157ecaa0519e9f9ee3626364ed2c96fdf1f,Disposable Proteus loader copy,local-only reproducible infrastructure or disposable Proteus state,"preserved on disk, explicitly excluded from Git",**/*_COPY.pdsprj or **/*_GATE.pdsprj
new during reorganization,proteus/experiments/runs/dil14_quad_2input_logic_74hc86_terminal_v2_temp_2026_07_14/02_local_proteus_gate/G04_C04_74HC86_COMPLETE_COPY.pdsprj,ca43452f2cc053fe28f276a0a596acd793b4470c639e0e5f82e85057e74b48e6,Disposable Proteus loader copy,local-only reproducible infrastructure or disposable Proteus state,"preserved on disk, explicitly excluded from Git",**/*_COPY.pdsprj or **/*_GATE.pdsprj
new during reorganization,proteus/experiments/runs/dil14_quad_2input_logic_74hc86_terminal_v2_temp_2026_07_14/02_local_proteus_gate/G05_C04_74HC86_COMPLETE_COLD_REOPEN_COPY.pdsprj,ca43452f2cc053fe28f276a0a596acd793b4470c639e0e5f82e85057e74b48e6,Disposable Proteus loader copy,local-only reproducible infrastructure or disposable Proteus state,"preserved on disk, explicitly excluded from Git",**/*_COPY.pdsprj or **/*_GATE.pdsprj
new during reorganization,proteus/experiments/runs/dil14_quad_2input_logic_74hc86_terminal_v2_temp_2026_07_14/04_local_proteus_scale_gate/G01_S09_74HC86_9X_COMPLETE_COPY.pdsprj,f69760072f007c1c5776e93afecfea7bb5b9d6c7b399a2480b664a3d6904946b,Disposable Proteus loader copy,local-only reproducible infrastructure or disposable Proteus state,"preserved on disk, explicitly excluded from Git",**/*_COPY.pdsprj or **/*_GATE.pdsprj
new during reorganization,proteus/experiments/runs/dil14_quad_2input_logic_74hc86_terminal_v2_temp_2026_07_14/04_local_proteus_scale_gate/G02_S09_74HC86_9X_COMPLETE_COLD_REOPEN_COPY.pdsprj,f69760072f007c1c5776e93afecfea7bb5b9d6c7b399a2480b664a3d6904946b,Disposable Proteus loader copy,local-only reproducible infrastructure or disposable Proteus state,"preserved on disk, explicitly excluded from Git",**/*_COPY.pdsprj or **/*_GATE.pdsprj
new during reorganization,proteus/experiments/runs/dil14_quad_2input_logic_74hc86_terminal_v2_temp_2026_07_14/04_local_proteus_scale_gate/G03_S15_74HC86_15X_COMPLETE_COPY.pdsprj,e00e8e2479fcee7257da0cc76ed9d608a490a97c0d9483cc60ec39e641498686,Disposable Proteus loader copy,local-only reproducible infrastructure or disposable Proteus state,"preserved on disk, explicitly excluded from Git",**/*_COPY.pdsprj or **/*_GATE.pdsprj
new during reorganization,proteus/experiments/runs/dil14_quad_2input_logic_74hc86_terminal_v2_temp_2026_07_14/04_local_proteus_scale_gate/G04_S15_74HC86_15X_COMPLETE_COLD_REOPEN_COPY.pdsprj,e00e8e2479fcee7257da0cc76ed9d608a490a97c0d9483cc60ec39e641498686,Disposable Proteus loader copy,local-only reproducible infrastructure or disposable Proteus state,"preserved on disk, explicitly excluded from Git",**/*_COPY.pdsprj or **/*_GATE.pdsprj
new during reorganization,proteus/experiments/runs/dil14_quad_2input_logic_terminal_v1_temp_2026_07_13/03_solo_15x/S01_74HC00_8X_CAPPED_FROM_15X_REQUEST/S01_74HC00_8X_CAPPED_FROM_15X_REQUEST_CATALOGUE_TERMINAL_sa.pdsprj.Vincero.Empty.workspace,f2daa7ea7bb15c958acda42d066680f2986e3111dd924c0398eb28b2584ed452,Proteus workspace sidecar,local-only reproducible infrastructure or disposable Proteus state,"preserved on disk, explicitly excluded from Git",*.workspace
new during reorganization,proteus/experiments/runs/dil14_quad_2input_logic_terminal_v1_temp_2026_07_13/03_solo_15x/S02_74HC02_12X_CAPPED_FROM_15X_REQUEST/S02_74HC02_12X_CAPPED_FROM_15X_REQUEST_CATALOGUE_TERMINAL_sa.pdsprj.Vincero.Empty.workspace,8482a208eb4b13c93b28a26f82736585ada9659d4f42720ae3f6164558a0a023,Proteus workspace sidecar,local-only reproducible infrastructure or disposable Proteus state,"preserved on disk, explicitly excluded from Git",*.workspace
new during reorganization,proteus/experiments/runs/dil14_quad_2input_logic_terminal_v1_temp_2026_07_13/03_solo_15x/S06_74HC266_15X/S06_74HC266_15X_CATALOGUE_TERMINAL_sa.pdsprj.Vincero.Empty.workspace,b1cf3649d16e52b08e44fe9efa6e9edc9e08c8bd658c635073185b2f63aba80b,Proteus workspace sidecar,local-only reproducible infrastructure or disposable Proteus state,"preserved on disk, explicitly excluded from Git",*.workspace
new during reorganization,proteus/experiments/runs/dil14_quad_2input_logic_terminal_v1_temp_2026_07_13/04_mixed_accepted_two_pin_terminalized_dil14_bare_1x/M001_ACCEPTED_TWO_PIN_TERMINALIZED_DIL14_BARE_1X_NO_TERMINAL.pdsprj.Vincero.Empty.workspace,e101b6cd836489b768d4c694d34dd9ea112e8b967f68c3fd429b1214e40ecb7c,Proteus workspace sidecar,local-only reproducible infrastructure or disposable Proteus state,"preserved on disk, explicitly excluded from Git",*.workspace
new during reorganization,proteus/experiments/runs/dil14_quad_2input_logic_terminal_v1_temp_2026_07_13/04_mixed_accepted_two_pin_terminalized_dil14_bare_1x/M001_ACCEPTED_TWO_PIN_TERMINALIZED_DIL14_BARE_1X_sa.pdsprj.Vincero.Empty.workspace,9416cf5d61117eab24573073ab5a913081de8b1d42eb0f3f1848ee371c128191,Proteus workspace sidecar,local-only reproducible infrastructure or disposable Proteus state,"preserved on disk, explicitly excluded from Git",*.workspace
new during reorganization,proteus/experiments/runs/dil14_quad_2input_logic_terminal_v1_temp_2026_07_13/local_proteus_gate/G01_DIL14_1X_BAD_RECORD_SAVE_COPY.pdsprj,c6357e5e8075d0934ee1118c9b757305977b7486aef746f98d34ff65eff1917b,Disposable Proteus loader copy,local-only reproducible infrastructure or disposable Proteus state,"preserved on disk, explicitly excluded from Git",**/*_COPY.pdsprj or **/*_GATE.pdsprj
new during reorganization,proteus/experiments/runs/dil14_quad_2input_logic_terminal_v1_temp_2026_07_13/local_proteus_gate/G02_74HC08_1X_BAD_RECORD_SAVE_COPY.pdsprj,ad8afec7415a8b304ba9da28456f84f5032d6a482e8e54c3877e03e5438505ad,Disposable Proteus loader copy,local-only reproducible infrastructure or disposable Proteus state,"preserved on disk, explicitly excluded from Git",**/*_COPY.pdsprj or **/*_GATE.pdsprj
new during reorganization,proteus/experiments/runs/dil14_quad_2input_logic_terminal_v1_temp_2026_07_13/local_proteus_gate/G03_74HC00_1X_GATE_COPY.pdsprj,26e74ff1d0e35a4e959ddc027abe43b38ff1238a63d220da3a076f3d3a6f7b6a,Disposable Proteus loader copy,local-only reproducible infrastructure or disposable Proteus state,"preserved on disk, explicitly excluded from Git",**/*_COPY.pdsprj or **/*_GATE.pdsprj
new during reorganization,proteus/experiments/runs/dil14_quad_2input_logic_terminal_v1_temp_2026_07_13/local_proteus_gate/G04_74HC02_1X_GATE_COPY.pdsprj,9bad34486bccfb6eaefb97040d261a7855969944bafbb98799ebf74d127f4584,Disposable Proteus loader copy,local-only reproducible infrastructure or disposable Proteus state,"preserved on disk, explicitly excluded from Git",**/*_COPY.pdsprj or **/*_GATE.pdsprj
new during reorganization,proteus/experiments/runs/dil14_quad_2input_logic_terminal_v1_temp_2026_07_13/local_proteus_gate/G05_74HC00_1X_DIAGNOSTIC_COPY.pdsprj,26e74ff1d0e35a4e959ddc027abe43b38ff1238a63d220da3a076f3d3a6f7b6a,Disposable Proteus loader copy,local-only reproducible infrastructure or disposable Proteus state,"preserved on disk, explicitly excluded from Git",**/*_COPY.pdsprj or **/*_GATE.pdsprj
new during reorganization,proteus/experiments/runs/dil14_quad_2input_logic_terminal_v1_temp_2026_07_13/local_proteus_gate/G06_74HC00_1X_NO_TERMINAL_RETRY.pdsprj,ec0f5cbebb7458a6503337fe448b169e8717a98eba4be6cc8b40724858fe20cf,Disposable Proteus loader copy,local-only reproducible infrastructure or disposable Proteus state,"preserved on disk, explicitly excluded from Git",**/*local*gate*/**/*.pdsprj
new during reorganization,proteus/experiments/runs/dil14_quad_2input_logic_terminal_v1_temp_2026_07_13/local_proteus_gate/G07_74HC00_1X_TERMINAL_RETRY.pdsprj,26e74ff1d0e35a4e959ddc027abe43b38ff1238a63d220da3a076f3d3a6f7b6a,Disposable Proteus loader copy,local-only reproducible infrastructure or disposable Proteus state,"preserved on disk, explicitly excluded from Git",**/*local*gate*/**/*.pdsprj
new during reorganization,"proteus/experiments/runs/dil14_quad_2input_logic_terminal_v1_temp_2026_07_13/local_proteus_gate/Project Backups/G01_DIL14_1X_BAD_RECORD_SAVE_COPY [20260713, 01-17-52].pdsprj",317004ed6fac36fb688dc4c47df3e98bc48d04a742274820784362b4813a4dec,Disposable Proteus loader copy,local-only reproducible infrastructure or disposable Proteus state,"preserved on disk, explicitly excluded from Git",**/*local*gate*/**/*.pdsprj
new during reorganization,proteus/experiments/runs/dil16_arithmetic_74hc283_terminal_v3_temp_2026_07_15/01_solo_1x/C02_74HC283_1X_NATIVE_CONTACT_sa_GATE_COLD_COPY.pdsprj,cfa35e8b3862c1cb69768e498067db28e3990132583c4d99cbeed15fe7eabd5a,Disposable Proteus loader copy,local-only reproducible infrastructure or disposable Proteus state,"preserved on disk, explicitly excluded from Git",**/*_COPY.pdsprj or **/*_GATE.pdsprj
new during reorganization,proteus/experiments/runs/dil16_arithmetic_74hc283_terminal_v3_temp_2026_07_15/01_solo_1x/C02_74HC283_1X_NATIVE_CONTACT_sa_GATE_NORMAL_COPY.pdsprj,cfa35e8b3862c1cb69768e498067db28e3990132583c4d99cbeed15fe7eabd5a,Disposable Proteus loader copy,local-only reproducible infrastructure or disposable Proteus state,"preserved on disk, explicitly excluded from Git",**/*_COPY.pdsprj or **/*_GATE.pdsprj
new during reorganization,proteus/experiments/runs/dil16_arithmetic_74hc283_terminal_v3_temp_2026_07_15/01_solo_1x/C03_74HC283_1X_GRID_CONTACT_sa_GATE_COLD_COPY.pdsprj,b826b47b7b309d6036414e37e59769844862342ef031ec2dda022de37566d59f,Disposable Proteus loader copy,local-only reproducible infrastructure or disposable Proteus state,"preserved on disk, explicitly excluded from Git",**/*_COPY.pdsprj or **/*_GATE.pdsprj
new during reorganization,proteus/experiments/runs/dil16_arithmetic_74hc283_terminal_v3_temp_2026_07_15/01_solo_1x/C03_74HC283_1X_GRID_CONTACT_sa_GATE_NORMAL_COPY.pdsprj,b826b47b7b309d6036414e37e59769844862342ef031ec2dda022de37566d59f,Disposable Proteus loader copy,local-only reproducible infrastructure or disposable Proteus state,"preserved on disk, explicitly excluded from Git",**/*_COPY.pdsprj or **/*_GATE.pdsprj
new during reorganization,proteus/experiments/runs/dil16_arithmetic_74hc283_terminal_v3_temp_2026_07_15/01_solo_1x/C04_74HC283_1X_COMPLETE_sa_GATE_COLD_COPY.pdsprj,16cb241526869b84545e400350b9b88200fe19d072bb4aaffd89493f27517f14,Disposable Proteus loader copy,local-only reproducible infrastructure or disposable Proteus state,"preserved on disk, explicitly excluded from Git",**/*_COPY.pdsprj or **/*_GATE.pdsprj
new during reorganization,proteus/experiments/runs/dil16_arithmetic_74hc283_terminal_v3_temp_2026_07_15/01_solo_1x/C04_74HC283_1X_COMPLETE_sa_GATE_NORMAL_COPY.pdsprj,16cb241526869b84545e400350b9b88200fe19d072bb4aaffd89493f27517f14,Disposable Proteus loader copy,local-only reproducible infrastructure or disposable Proteus state,"preserved on disk, explicitly excluded from Git",**/*_COPY.pdsprj or **/*_GATE.pdsprj
new during reorganization,proteus/experiments/runs/dil16_arithmetic_74hc283_terminal_v3_temp_2026_07_15/03_scale_9x_15x/S09_74HC283_9X_COMPLETE_sa_GATE_COLD_COPY.pdsprj,af33f5bb1d90cfff9dcc316119ee23f232af2312a819fc9b400d0cb04866751a,Disposable Proteus loader copy,local-only reproducible infrastructure or disposable Proteus state,"preserved on disk, explicitly excluded from Git",**/*_COPY.pdsprj or **/*_GATE.pdsprj
new during reorganization,proteus/experiments/runs/dil16_arithmetic_74hc283_terminal_v3_temp_2026_07_15/03_scale_9x_15x/S09_74HC283_9X_COMPLETE_sa_GATE_NORMAL_COPY.pdsprj,af33f5bb1d90cfff9dcc316119ee23f232af2312a819fc9b400d0cb04866751a,Disposable Proteus loader copy,local-only reproducible infrastructure or disposable Proteus state,"preserved on disk, explicitly excluded from Git",**/*_COPY.pdsprj or **/*_GATE.pdsprj
new during reorganization,proteus/experiments/runs/dil16_arithmetic_74hc283_terminal_v3_temp_2026_07_15/03_scale_9x_15x/S15_74HC283_15X_COMPLETE_sa_GATE_COLD_COPY.pdsprj,7dd0a57330a48eaa3e604530fa2fe2fca747fd52234dcda194b9df48f60ff049,Disposable Proteus loader copy,local-only reproducible infrastructure or disposable Proteus state,"preserved on disk, explicitly excluded from Git",**/*_COPY.pdsprj or **/*_GATE.pdsprj
new during reorganization,proteus/experiments/runs/dil16_arithmetic_74hc283_terminal_v3_temp_2026_07_15/03_scale_9x_15x/S15_74HC283_15X_COMPLETE_sa_GATE_NORMAL_COPY.pdsprj,7dd0a57330a48eaa3e604530fa2fe2fca747fd52234dcda194b9df48f60ff049,Disposable Proteus loader copy,local-only reproducible infrastructure or disposable Proteus state,"preserved on disk, explicitly excluded from Git",**/*_COPY.pdsprj or **/*_GATE.pdsprj
new during reorganization,proteus/experiments/runs/dil16_compare_74hc85_terminal_v3_temp_2026_07_15/01_solo_1x/C02_74HC85_1X_NATIVE_CONTACT_sa_GATE_COLD_COPY.pdsprj,64f0b95c38af56ab1feaa06c35799e0056c8d6f765ede8d0a51b7e845384ba13,Disposable Proteus loader copy,local-only reproducible infrastructure or disposable Proteus state,"preserved on disk, explicitly excluded from Git",**/*_COPY.pdsprj or **/*_GATE.pdsprj
new during reorganization,proteus/experiments/runs/dil16_compare_74hc85_terminal_v3_temp_2026_07_15/01_solo_1x/C02_74HC85_1X_NATIVE_CONTACT_sa_GATE_NORMAL_COPY.pdsprj,64f0b95c38af56ab1feaa06c35799e0056c8d6f765ede8d0a51b7e845384ba13,Disposable Proteus loader copy,local-only reproducible infrastructure or disposable Proteus state,"preserved on disk, explicitly excluded from Git",**/*_COPY.pdsprj or **/*_GATE.pdsprj
new during reorganization,proteus/experiments/runs/dil16_compare_74hc85_terminal_v3_temp_2026_07_15/01_solo_1x/C03_74HC85_1X_GRID_CONTACT_sa_GATE_COLD_COPY.pdsprj,22e73d234ca11692ffbfd032b0c56f4c2592dea835b0a69113184b71cca31509,Disposable Proteus loader copy,local-only reproducible infrastructure or disposable Proteus state,"preserved on disk, explicitly excluded from Git",**/*_COPY.pdsprj or **/*_GATE.pdsprj
new during reorganization,proteus/experiments/runs/dil16_compare_74hc85_terminal_v3_temp_2026_07_15/01_solo_1x/C03_74HC85_1X_GRID_CONTACT_sa_GATE_NORMAL_COPY.pdsprj,22e73d234ca11692ffbfd032b0c56f4c2592dea835b0a69113184b71cca31509,Disposable Proteus loader copy,local-only reproducible infrastructure or disposable Proteus state,"preserved on disk, explicitly excluded from Git",**/*_COPY.pdsprj or **/*_GATE.pdsprj
new during reorganization,proteus/experiments/runs/dil16_compare_74hc85_terminal_v3_temp_2026_07_15/01_solo_1x/C04_74HC85_1X_COMPLETE_sa_GATE_COLD_COPY.pdsprj,a9a7d00f6343694263d7afc407dd91f2cdf398fe90b5301aa527e1015dfd7821,Disposable Proteus loader copy,local-only reproducible infrastructure or disposable Proteus state,"preserved on disk, explicitly excluded from Git",**/*_COPY.pdsprj or **/*_GATE.pdsprj
new during reorganization,proteus/experiments/runs/dil16_compare_74hc85_terminal_v3_temp_2026_07_15/01_solo_1x/C04_74HC85_1X_COMPLETE_sa_GATE_NORMAL_COPY.pdsprj,a9a7d00f6343694263d7afc407dd91f2cdf398fe90b5301aa527e1015dfd7821,Disposable Proteus loader copy,local-only reproducible infrastructure or disposable Proteus state,"preserved on disk, explicitly excluded from Git",**/*_COPY.pdsprj or **/*_GATE.pdsprj
new during reorganization,proteus/experiments/runs/dil16_compare_74hc85_terminal_v3_temp_2026_07_15/03_scale_9x_15x/S09_74HC85_9X_COMPLETE_sa_GATE_COLD_COPY.pdsprj,b2fa0b01f75bdfc39619c8e6b78844c2ce9f1971d51d00eff61668eec293f3d2,Disposable Proteus loader copy,local-only reproducible infrastructure or disposable Proteus state,"preserved on disk, explicitly excluded from Git",**/*_COPY.pdsprj or **/*_GATE.pdsprj
new during reorganization,proteus/experiments/runs/dil16_compare_74hc85_terminal_v3_temp_2026_07_15/03_scale_9x_15x/S09_74HC85_9X_COMPLETE_sa_GATE_NORMAL_COPY.pdsprj,b2fa0b01f75bdfc39619c8e6b78844c2ce9f1971d51d00eff61668eec293f3d2,Disposable Proteus loader copy,local-only reproducible infrastructure or disposable Proteus state,"preserved on disk, explicitly excluded from Git",**/*_COPY.pdsprj or **/*_GATE.pdsprj
new during reorganization,proteus/experiments/runs/dil16_compare_74hc85_terminal_v3_temp_2026_07_15/03_scale_9x_15x/S15_74HC85_15X_COMPLETE_sa_GATE_COLD_COPY.pdsprj,de1214ac956cea89a1c5bd4dc6ef6df505a3f585ce09de6e4c32c697e5751c4e,Disposable Proteus loader copy,local-only reproducible infrastructure or disposable Proteus state,"preserved on disk, explicitly excluded from Git",**/*_COPY.pdsprj or **/*_GATE.pdsprj
new during reorganization,proteus/experiments/runs/dil16_compare_74hc85_terminal_v3_temp_2026_07_15/03_scale_9x_15x/S15_74HC85_15X_COMPLETE_sa_GATE_NORMAL_COPY.pdsprj,de1214ac956cea89a1c5bd4dc6ef6df505a3f585ce09de6e4c32c697e5751c4e,Disposable Proteus loader copy,local-only reproducible infrastructure or disposable Proteus state,"preserved on disk, explicitly excluded from Git",**/*_COPY.pdsprj or **/*_GATE.pdsprj
new during reorganization,proteus/experiments/runs/dil16_counter_74hc160_terminal_v3_temp_2026_07_15/01_solo_1x/C02_74HC160_NATIVE_PIN_CONTACT_sa_GATE_COLD_COPY.pdsprj,0955e2ceebcecc3af08874a3a202c41fb791e5dad324d851fd683128fbd10372,Disposable Proteus loader copy,local-only reproducible infrastructure or disposable Proteus state,"preserved on disk, explicitly excluded from Git",**/*_COPY.pdsprj or **/*_GATE.pdsprj
new during reorganization,proteus/experiments/runs/dil16_counter_74hc160_terminal_v3_temp_2026_07_15/01_solo_1x/C02_74HC160_NATIVE_PIN_CONTACT_sa_GATE_NORMAL_COPY.pdsprj,0955e2ceebcecc3af08874a3a202c41fb791e5dad324d851fd683128fbd10372,Disposable Proteus loader copy,local-only reproducible infrastructure or disposable Proteus state,"preserved on disk, explicitly excluded from Git",**/*_COPY.pdsprj or **/*_GATE.pdsprj
new during reorganization,proteus/experiments/runs/dil16_counter_74hc160_terminal_v3_temp_2026_07_15/01_solo_1x/C03_74HC160_GRID_CONTACT_sa_GATE_COLD_COPY.pdsprj,c615836a5af14d5735c933bc7272aecc2ba592fd0b0ebbe55329cdc29536e059,Disposable Proteus loader copy,local-only reproducible infrastructure or disposable Proteus state,"preserved on disk, explicitly excluded from Git",**/*_COPY.pdsprj or **/*_GATE.pdsprj
new during reorganization,proteus/experiments/runs/dil16_counter_74hc160_terminal_v3_temp_2026_07_15/01_solo_1x/C03_74HC160_GRID_CONTACT_sa_GATE_NORMAL_COPY.pdsprj,c615836a5af14d5735c933bc7272aecc2ba592fd0b0ebbe55329cdc29536e059,Disposable Proteus loader copy,local-only reproducible infrastructure or disposable Proteus state,"preserved on disk, explicitly excluded from Git",**/*_COPY.pdsprj or **/*_GATE.pdsprj
new during reorganization,proteus/experiments/runs/dil16_counter_74hc160_terminal_v3_temp_2026_07_15/01_solo_1x/C04_74HC160_CATALOGUE_TERMINAL_sa_GATE_COLD_COPY.pdsprj,003291730eb120146f1bdbe081ab4b8e31fcda7de4b8c9e6ff3ccf65a4e27258,Disposable Proteus loader copy,local-only reproducible infrastructure or disposable Proteus state,"preserved on disk, explicitly excluded from Git",**/*_COPY.pdsprj or **/*_GATE.pdsprj
new during reorganization,proteus/experiments/runs/dil16_counter_74hc160_terminal_v3_temp_2026_07_15/01_solo_1x/C04_74HC160_CATALOGUE_TERMINAL_sa_GATE_NORMAL_COPY.pdsprj,003291730eb120146f1bdbe081ab4b8e31fcda7de4b8c9e6ff3ccf65a4e27258,Disposable Proteus loader copy,local-only reproducible infrastructure or disposable Proteus state,"preserved on disk, explicitly excluded from Git",**/*_COPY.pdsprj or **/*_GATE.pdsprj
new during reorganization,proteus/experiments/runs/dil16_counter_74hc160_terminal_v3_temp_2026_07_15/03_scale_9x_15x/S09_74HC160_9X_COMPLETE_sa_GATE_COLD_COPY.pdsprj,7f7351b335f6cf4d229adc2db03095078796d55e37b5dbd684a8a3803ef1abd1,Disposable Proteus loader copy,local-only reproducible infrastructure or disposable Proteus state,"preserved on disk, explicitly excluded from Git",**/*_COPY.pdsprj or **/*_GATE.pdsprj
new during reorganization,proteus/experiments/runs/dil16_counter_74hc160_terminal_v3_temp_2026_07_15/03_scale_9x_15x/S09_74HC160_9X_COMPLETE_sa_GATE_NORMAL_COPY.pdsprj,7f7351b335f6cf4d229adc2db03095078796d55e37b5dbd684a8a3803ef1abd1,Disposable Proteus loader copy,local-only reproducible infrastructure or disposable Proteus state,"preserved on disk, explicitly excluded from Git",**/*_COPY.pdsprj or **/*_GATE.pdsprj
new during reorganization,proteus/experiments/runs/dil16_counter_74hc160_terminal_v3_temp_2026_07_15/03_scale_9x_15x/S15_74HC160_15X_COMPLETE_sa_GATE_COLD_COPY.pdsprj,035c894d2708efd93a178da382dcb8bac1d59d0b6f14fc714900dceee28dee5e,Disposable Proteus loader copy,local-only reproducible infrastructure or disposable Proteus state,"preserved on disk, explicitly excluded from Git",**/*_COPY.pdsprj or **/*_GATE.pdsprj
new during reorganization,proteus/experiments/runs/dil16_counter_74hc160_terminal_v3_temp_2026_07_15/03_scale_9x_15x/S15_74HC160_15X_COMPLETE_sa_GATE_NORMAL_COPY.pdsprj,035c894d2708efd93a178da382dcb8bac1d59d0b6f14fc714900dceee28dee5e,Disposable Proteus loader copy,local-only reproducible infrastructure or disposable Proteus state,"preserved on disk, explicitly excluded from Git",**/*_COPY.pdsprj or **/*_GATE.pdsprj
new during reorganization,proteus/experiments/runs/dil16_counter_74hc192_terminal_v3_temp_2026_07_15/01_solo_1x/C02_74HC192_1X_NATIVE_CONTACT_sa_GATE_COLD_COPY.pdsprj,185c9e99e301c82de3cab77b0441c7e0d88bad3876c55aa3f6cb635fe8a99c0d,Disposable Proteus loader copy,local-only reproducible infrastructure or disposable Proteus state,"preserved on disk, explicitly excluded from Git",**/*_COPY.pdsprj or **/*_GATE.pdsprj
new during reorganization,proteus/experiments/runs/dil16_counter_74hc192_terminal_v3_temp_2026_07_15/01_solo_1x/C02_74HC192_1X_NATIVE_CONTACT_sa_GATE_NORMAL_COPY.pdsprj,185c9e99e301c82de3cab77b0441c7e0d88bad3876c55aa3f6cb635fe8a99c0d,Disposable Proteus loader copy,local-only reproducible infrastructure or disposable Proteus state,"preserved on disk, explicitly excluded from Git",**/*_COPY.pdsprj or **/*_GATE.pdsprj
new during reorganization,proteus/experiments/runs/dil16_counter_74hc192_terminal_v3_temp_2026_07_15/01_solo_1x/C03_74HC192_1X_GRID_CONTACT_sa_GATE_COLD_COPY.pdsprj,00d3061bd496ecc294471369ca83982a8dab29a9a2f6ab8cd6c7a257f0ba6282,Disposable Proteus loader copy,local-only reproducible infrastructure or disposable Proteus state,"preserved on disk, explicitly excluded from Git",**/*_COPY.pdsprj or **/*_GATE.pdsprj
new during reorganization,proteus/experiments/runs/dil16_counter_74hc192_terminal_v3_temp_2026_07_15/01_solo_1x/C03_74HC192_1X_GRID_CONTACT_sa_GATE_NORMAL_COPY.pdsprj,00d3061bd496ecc294471369ca83982a8dab29a9a2f6ab8cd6c7a257f0ba6282,Disposable Proteus loader copy,local-only reproducible infrastructure or disposable Proteus state,"preserved on disk, explicitly excluded from Git",**/*_COPY.pdsprj or **/*_GATE.pdsprj
new during reorganization,proteus/experiments/runs/dil16_counter_74hc192_terminal_v3_temp_2026_07_15/01_solo_1x/C04_74HC192_1X_COMPLETE_sa_GATE_COLD_COPY.pdsprj,7c1c3a8a1af6c3a7f08c622973e2194f55651aa28abdc4e3a14ca354df1f1f0d,Disposable Proteus loader copy,local-only reproducible infrastructure or disposable Proteus state,"preserved on disk, explicitly excluded from Git",**/*_COPY.pdsprj or **/*_GATE.pdsprj
new during reorganization,proteus/experiments/runs/dil16_counter_74hc192_terminal_v3_temp_2026_07_15/01_solo_1x/C04_74HC192_1X_COMPLETE_sa_GATE_NORMAL_COPY.pdsprj,7c1c3a8a1af6c3a7f08c622973e2194f55651aa28abdc4e3a14ca354df1f1f0d,Disposable Proteus loader copy,local-only reproducible infrastructure or disposable Proteus state,"preserved on disk, explicitly excluded from Git",**/*_COPY.pdsprj or **/*_GATE.pdsprj
new during reorganization,proteus/experiments/runs/dil16_counter_74hc192_terminal_v3_temp_2026_07_15/03_scale_9x_15x/S09_74HC192_9X_COMPLETE_sa_GATE_COLD_COPY.pdsprj,6914e5caf9db8f372ac0c83c30396d09a82a5a2f8c3abc29af54e0fc07123633,Disposable Proteus loader copy,local-only reproducible infrastructure or disposable Proteus state,"preserved on disk, explicitly excluded from Git",**/*_COPY.pdsprj or **/*_GATE.pdsprj
new during reorganization,proteus/experiments/runs/dil16_counter_74hc192_terminal_v3_temp_2026_07_15/03_scale_9x_15x/S09_74HC192_9X_COMPLETE_sa_GATE_NORMAL_COPY.pdsprj,6914e5caf9db8f372ac0c83c30396d09a82a5a2f8c3abc29af54e0fc07123633,Disposable Proteus loader copy,local-only reproducible infrastructure or disposable Proteus state,"preserved on disk, explicitly excluded from Git",**/*_COPY.pdsprj or **/*_GATE.pdsprj
new during reorganization,proteus/experiments/runs/dil16_counter_74hc192_terminal_v3_temp_2026_07_15/03_scale_9x_15x/S15_74HC192_15X_COMPLETE_sa_GATE_COLD_COPY.pdsprj,6dd8df3a464176c63f0f1a736ae301b0c28addfe750d771c19f4dc6918f1da0d,Disposable Proteus loader copy,local-only reproducible infrastructure or disposable Proteus state,"preserved on disk, explicitly excluded from Git",**/*_COPY.pdsprj or **/*_GATE.pdsprj
new during reorganization,proteus/experiments/runs/dil16_counter_74hc192_terminal_v3_temp_2026_07_15/03_scale_9x_15x/S15_74HC192_15X_COMPLETE_sa_GATE_NORMAL_COPY.pdsprj,6dd8df3a464176c63f0f1a736ae301b0c28addfe750d771c19f4dc6918f1da0d,Disposable Proteus loader copy,local-only reproducible infrastructure or disposable Proteus state,"preserved on disk, explicitly excluded from Git",**/*_COPY.pdsprj or **/*_GATE.pdsprj
new during reorganization,proteus/experiments/runs/dil16_decoder_4511_terminal_v3_temp_2026_07_15/01_solo_1x/C02_4511_NATIVE_PIN_CONTACT_sa_GATE_COLD_COPY.pdsprj,4de9d3dbe4d51a43ca305c887317a6bfc7960da94f513992f9f884fa5b9505bf,Disposable Proteus loader copy,local-only reproducible infrastructure or disposable Proteus state,"preserved on disk, explicitly excluded from Git",**/*_COPY.pdsprj or **/*_GATE.pdsprj
new during reorganization,proteus/experiments/runs/dil16_decoder_4511_terminal_v3_temp_2026_07_15/01_solo_1x/C02_4511_NATIVE_PIN_CONTACT_sa_GATE_NORMAL_COPY.pdsprj,4de9d3dbe4d51a43ca305c887317a6bfc7960da94f513992f9f884fa5b9505bf,Disposable Proteus loader copy,local-only reproducible infrastructure or disposable Proteus state,"preserved on disk, explicitly excluded from Git",**/*_COPY.pdsprj or **/*_GATE.pdsprj
new during reorganization,proteus/experiments/runs/dil16_decoder_4511_terminal_v3_temp_2026_07_15/01_solo_1x/C03_4511_GRID_CONTACT_sa_GATE_COLD_COPY.pdsprj,c341b8eef27f812f4c99923e4ed2a56a9245b516debebd7c97825cb3b032db21,Disposable Proteus loader copy,local-only reproducible infrastructure or disposable Proteus state,"preserved on disk, explicitly excluded from Git",**/*_COPY.pdsprj or **/*_GATE.pdsprj
new during reorganization,proteus/experiments/runs/dil16_decoder_4511_terminal_v3_temp_2026_07_15/01_solo_1x/C03_4511_GRID_CONTACT_sa_GATE_NORMAL_COPY.pdsprj,c341b8eef27f812f4c99923e4ed2a56a9245b516debebd7c97825cb3b032db21,Disposable Proteus loader copy,local-only reproducible infrastructure or disposable Proteus state,"preserved on disk, explicitly excluded from Git",**/*_COPY.pdsprj or **/*_GATE.pdsprj
new during reorganization,proteus/experiments/runs/dil16_decoder_4511_terminal_v3_temp_2026_07_15/01_solo_1x/C04_4511_CATALOGUE_TERMINAL_sa_GATE_COLD_COPY.pdsprj,9d00ecb907ba1e668cc1d1638552e3df28de7eec25ee6f55e672e3531914f108,Disposable Proteus loader copy,local-only reproducible infrastructure or disposable Proteus state,"preserved on disk, explicitly excluded from Git",**/*_COPY.pdsprj or **/*_GATE.pdsprj
new during reorganization,proteus/experiments/runs/dil16_decoder_4511_terminal_v3_temp_2026_07_15/01_solo_1x/C04_4511_CATALOGUE_TERMINAL_sa_GATE_NORMAL_COPY.pdsprj,9d00ecb907ba1e668cc1d1638552e3df28de7eec25ee6f55e672e3531914f108,Disposable Proteus loader copy,local-only reproducible infrastructure or disposable Proteus state,"preserved on disk, explicitly excluded from Git",**/*_COPY.pdsprj or **/*_GATE.pdsprj
new during reorganization,proteus/experiments/runs/dil16_decoder_4511_terminal_v3_temp_2026_07_15/03_scale_9x_15x/S09_4511_9X_COMPLETE_sa_GATE_COLD_COPY.pdsprj,3034d95f354fc3a999f24a1fca10d10fd2565fca892dd3085c0f0818b336b852,Disposable Proteus loader copy,local-only reproducible infrastructure or disposable Proteus state,"preserved on disk, explicitly excluded from Git",**/*_COPY.pdsprj or **/*_GATE.pdsprj
new during reorganization,proteus/experiments/runs/dil16_decoder_4511_terminal_v3_temp_2026_07_15/03_scale_9x_15x/S09_4511_9X_COMPLETE_sa_GATE_NORMAL_COPY.pdsprj,3034d95f354fc3a999f24a1fca10d10fd2565fca892dd3085c0f0818b336b852,Disposable Proteus loader copy,local-only reproducible infrastructure or disposable Proteus state,"preserved on disk, explicitly excluded from Git",**/*_COPY.pdsprj or **/*_GATE.pdsprj
new during reorganization,proteus/experiments/runs/dil16_decoder_4511_terminal_v3_temp_2026_07_15/03_scale_9x_15x/S15_4511_15X_COMPLETE_sa_GATE_COLD_COPY.pdsprj,4cc7b22527fe296268d05635ceff715e35155346ad9ec20627babd7b1c125c8c,Disposable Proteus loader copy,local-only reproducible infrastructure or disposable Proteus state,"preserved on disk, explicitly excluded from Git",**/*_COPY.pdsprj or **/*_GATE.pdsprj
new during reorganization,proteus/experiments/runs/dil16_decoder_4511_terminal_v3_temp_2026_07_15/03_scale_9x_15x/S15_4511_15X_COMPLETE_sa_GATE_NORMAL_COPY.pdsprj,4cc7b22527fe296268d05635ceff715e35155346ad9ec20627babd7b1c125c8c,Disposable Proteus loader copy,local-only reproducible infrastructure or disposable Proteus state,"preserved on disk, explicitly excluded from Git",**/*_COPY.pdsprj or **/*_GATE.pdsprj
new during reorganization,proteus/experiments/runs/dil16_decoder_7447_terminal_v3_temp_2026_07_15/01_solo_1x/C02_7447_NATIVE_PIN_CONTACT_sa_GATE_COLD_COPY.pdsprj,a9599efcef9f9e934608912e84afcf228a9176c73948db6e95f1e153b462351c,Disposable Proteus loader copy,local-only reproducible infrastructure or disposable Proteus state,"preserved on disk, explicitly excluded from Git",**/*_COPY.pdsprj or **/*_GATE.pdsprj
new during reorganization,proteus/experiments/runs/dil16_decoder_7447_terminal_v3_temp_2026_07_15/01_solo_1x/C02_7447_NATIVE_PIN_CONTACT_sa_GATE_NORMAL_COPY.pdsprj,a9599efcef9f9e934608912e84afcf228a9176c73948db6e95f1e153b462351c,Disposable Proteus loader copy,local-only reproducible infrastructure or disposable Proteus state,"preserved on disk, explicitly excluded from Git",**/*_COPY.pdsprj or **/*_GATE.pdsprj
new during reorganization,proteus/experiments/runs/dil16_decoder_7447_terminal_v3_temp_2026_07_15/01_solo_1x/C03_7447_GRID_CONTACT_sa_GATE_COLD_COPY.pdsprj,fb76f396cd94262f593b70c9b9700c48f2aac2a931d21646d0ae09f497202f29,Disposable Proteus loader copy,local-only reproducible infrastructure or disposable Proteus state,"preserved on disk, explicitly excluded from Git",**/*_COPY.pdsprj or **/*_GATE.pdsprj
new during reorganization,proteus/experiments/runs/dil16_decoder_7447_terminal_v3_temp_2026_07_15/01_solo_1x/C03_7447_GRID_CONTACT_sa_GATE_NORMAL_COPY.pdsprj,fb76f396cd94262f593b70c9b9700c48f2aac2a931d21646d0ae09f497202f29,Disposable Proteus loader copy,local-only reproducible infrastructure or disposable Proteus state,"preserved on disk, explicitly excluded from Git",**/*_COPY.pdsprj or **/*_GATE.pdsprj
new during reorganization,proteus/experiments/runs/dil16_decoder_7447_terminal_v3_temp_2026_07_15/01_solo_1x/C04_7447_CATALOGUE_TERMINAL_sa_GATE_COLD_COPY.pdsprj,608dd824e9d76a16c106d4dfc8300eff77be2102964beb6ffaecae3c3dbd668e,Disposable Proteus loader copy,local-only reproducible infrastructure or disposable Proteus state,"preserved on disk, explicitly excluded from Git",**/*_COPY.pdsprj or **/*_GATE.pdsprj
new during reorganization,proteus/experiments/runs/dil16_decoder_7447_terminal_v3_temp_2026_07_15/01_solo_1x/C04_7447_CATALOGUE_TERMINAL_sa_GATE_NORMAL_COPY.pdsprj,608dd824e9d76a16c106d4dfc8300eff77be2102964beb6ffaecae3c3dbd668e,Disposable Proteus loader copy,local-only reproducible infrastructure or disposable Proteus state,"preserved on disk, explicitly excluded from Git",**/*_COPY.pdsprj or **/*_GATE.pdsprj
new during reorganization,proteus/experiments/runs/dil16_decoder_7447_terminal_v3_temp_2026_07_15/03_scale_9x_15x/S09_7447_9X_COMPLETE_sa_GATE_COLD_COPY.pdsprj,6d6a868e3f0221fd9c45776f8f6d998727fa30f61f95e6639b0082104c1a4e2a,Disposable Proteus loader copy,local-only reproducible infrastructure or disposable Proteus state,"preserved on disk, explicitly excluded from Git",**/*_COPY.pdsprj or **/*_GATE.pdsprj
new during reorganization,proteus/experiments/runs/dil16_decoder_7447_terminal_v3_temp_2026_07_15/03_scale_9x_15x/S09_7447_9X_COMPLETE_sa_GATE_NORMAL_COPY.pdsprj,6d6a868e3f0221fd9c45776f8f6d998727fa30f61f95e6639b0082104c1a4e2a,Disposable Proteus loader copy,local-only reproducible infrastructure or disposable Proteus state,"preserved on disk, explicitly excluded from Git",**/*_COPY.pdsprj or **/*_GATE.pdsprj
new during reorganization,proteus/experiments/runs/dil16_decoder_7447_terminal_v3_temp_2026_07_15/03_scale_9x_15x/S15_7447_15X_COMPLETE_sa_GATE_COLD_COPY.pdsprj,023cdda2973f13f63972667cfbd1cbbdecfdb654e3f25f4134eaaee0d1df174a,Disposable Proteus loader copy,local-only reproducible infrastructure or disposable Proteus state,"preserved on disk, explicitly excluded from Git",**/*_COPY.pdsprj or **/*_GATE.pdsprj
new during reorganization,proteus/experiments/runs/dil16_decoder_7447_terminal_v3_temp_2026_07_15/03_scale_9x_15x/S15_7447_15X_COMPLETE_sa_GATE_NORMAL_COPY.pdsprj,023cdda2973f13f63972667cfbd1cbbdecfdb654e3f25f4134eaaee0d1df174a,Disposable Proteus loader copy,local-only reproducible infrastructure or disposable Proteus state,"preserved on disk, explicitly excluded from Git",**/*_COPY.pdsprj or **/*_GATE.pdsprj
new during reorganization,proteus/experiments/runs/dil16_decoder_driver_4511_terminal_v2_temp_2026_07_14/02_local_proteus_gate/C01_4511_LOCKED_MEGA_NO_TERMINAL_COPY.pdsprj,20bc474dcd0430534bac2920d4ea4d2d413ae4f44db95611b9ef5e360fefbf4a,Disposable Proteus loader copy,local-only reproducible infrastructure or disposable Proteus state,"preserved on disk, explicitly excluded from Git",**/*_COPY.pdsprj or **/*_GATE.pdsprj
new during reorganization,proteus/experiments/runs/dil16_decoder_driver_4511_terminal_v2_temp_2026_07_14/02_local_proteus_gate/C02_4511_NATIVE_PIN_CONTACT_COPY.pdsprj,4de9d3dbe4d51a43ca305c887317a6bfc7960da94f513992f9f884fa5b9505bf,Disposable Proteus loader copy,local-only reproducible infrastructure or disposable Proteus state,"preserved on disk, explicitly excluded from Git",**/*_COPY.pdsprj or **/*_GATE.pdsprj
new during reorganization,proteus/experiments/runs/dil16_decoder_driver_4511_terminal_v2_temp_2026_07_14/02_local_proteus_gate/C03_4511_GRID_CONTACT_COPY.pdsprj,c341b8eef27f812f4c99923e4ed2a56a9245b516debebd7c97825cb3b032db21,Disposable Proteus loader copy,local-only reproducible infrastructure or disposable Proteus state,"preserved on disk, explicitly excluded from Git",**/*_COPY.pdsprj or **/*_GATE.pdsprj
new during reorganization,proteus/experiments/runs/dil16_decoder_driver_4511_terminal_v2_temp_2026_07_14/02_local_proteus_gate/C04_4511_COMPLETE_ACTIVE_COPY.pdsprj,9d00ecb907ba1e668cc1d1638552e3df28de7eec25ee6f55e672e3531914f108,Disposable Proteus loader copy,local-only reproducible infrastructure or disposable Proteus state,"preserved on disk, explicitly excluded from Git",**/*_COPY.pdsprj or **/*_GATE.pdsprj
new during reorganization,proteus/experiments/runs/dil16_decoder_driver_4511_terminal_v2_temp_2026_07_14/02_local_proteus_gate/C05_4511_COMPLETE_ACTIVE_COLD_REOPEN_COPY.pdsprj,9d00ecb907ba1e668cc1d1638552e3df28de7eec25ee6f55e672e3531914f108,Disposable Proteus loader copy,local-only reproducible infrastructure or disposable Proteus state,"preserved on disk, explicitly excluded from Git",**/*_COPY.pdsprj or **/*_GATE.pdsprj
new during reorganization,proteus/experiments/runs/dil16_decoder_driver_4511_terminal_v2_temp_2026_07_14/04_local_proteus_gate/G01_4511_9X_COPY.pdsprj,3034d95f354fc3a999f24a1fca10d10fd2565fca892dd3085c0f0818b336b852,Disposable Proteus loader copy,local-only reproducible infrastructure or disposable Proteus state,"preserved on disk, explicitly excluded from Git",**/*_COPY.pdsprj or **/*_GATE.pdsprj
new during reorganization,proteus/experiments/runs/dil16_decoder_driver_4511_terminal_v2_temp_2026_07_14/04_local_proteus_gate/G02_4511_9X_COLD_REOPEN_COPY.pdsprj,3034d95f354fc3a999f24a1fca10d10fd2565fca892dd3085c0f0818b336b852,Disposable Proteus loader copy,local-only reproducible infrastructure or disposable Proteus state,"preserved on disk, explicitly excluded from Git",**/*_COPY.pdsprj or **/*_GATE.pdsprj
new during reorganization,proteus/experiments/runs/dil16_decoder_driver_4511_terminal_v2_temp_2026_07_14/04_local_proteus_gate/G03_4511_15X_COPY.pdsprj,4cc7b22527fe296268d05635ceff715e35155346ad9ec20627babd7b1c125c8c,Disposable Proteus loader copy,local-only reproducible infrastructure or disposable Proteus state,"preserved on disk, explicitly excluded from Git",**/*_COPY.pdsprj or **/*_GATE.pdsprj
new during reorganization,proteus/experiments/runs/dil16_decoder_driver_4511_terminal_v2_temp_2026_07_14/04_local_proteus_gate/G04_4511_15X_COLD_REOPEN_COPY.pdsprj,4cc7b22527fe296268d05635ceff715e35155346ad9ec20627babd7b1c125c8c,Disposable Proteus loader copy,local-only reproducible infrastructure or disposable Proteus state,"preserved on disk, explicitly excluded from Git",**/*_COPY.pdsprj or **/*_GATE.pdsprj
new during reorganization,proteus/experiments/runs/dil16_decoder_driver_7447_terminal_v2_temp_2026_07_14/02_local_proteus_gate/C01_7447_LOCKED_MEGA_NO_TERMINAL_COPY.pdsprj,2af0c4c60b642aef71b845fd6ed9d457e05cbcf3c795e57d0ce40ef8f04ef45a,Disposable Proteus loader copy,local-only reproducible infrastructure or disposable Proteus state,"preserved on disk, explicitly excluded from Git",**/*_COPY.pdsprj or **/*_GATE.pdsprj
new during reorganization,proteus/experiments/runs/dil16_decoder_driver_7447_terminal_v2_temp_2026_07_14/02_local_proteus_gate/C02_7447_NATIVE_PIN_CONTACT_COPY.pdsprj,a9599efcef9f9e934608912e84afcf228a9176c73948db6e95f1e153b462351c,Disposable Proteus loader copy,local-only reproducible infrastructure or disposable Proteus state,"preserved on disk, explicitly excluded from Git",**/*_COPY.pdsprj or **/*_GATE.pdsprj
new during reorganization,proteus/experiments/runs/dil16_decoder_driver_7447_terminal_v2_temp_2026_07_14/02_local_proteus_gate/C03_7447_GRID_CONTACT_COPY.pdsprj,fb76f396cd94262f593b70c9b9700c48f2aac2a931d21646d0ae09f497202f29,Disposable Proteus loader copy,local-only reproducible infrastructure or disposable Proteus state,"preserved on disk, explicitly excluded from Git",**/*_COPY.pdsprj or **/*_GATE.pdsprj
new during reorganization,proteus/experiments/runs/dil16_decoder_driver_7447_terminal_v2_temp_2026_07_14/02_local_proteus_gate/C04_7447_COMPLETE_ACTIVE_COPY.pdsprj,608dd824e9d76a16c106d4dfc8300eff77be2102964beb6ffaecae3c3dbd668e,Disposable Proteus loader copy,local-only reproducible infrastructure or disposable Proteus state,"preserved on disk, explicitly excluded from Git",**/*_COPY.pdsprj or **/*_GATE.pdsprj
new during reorganization,proteus/experiments/runs/dil16_decoder_driver_7447_terminal_v2_temp_2026_07_14/02_local_proteus_gate/C05_7447_COMPLETE_ACTIVE_COLD_REOPEN_COPY.pdsprj,608dd824e9d76a16c106d4dfc8300eff77be2102964beb6ffaecae3c3dbd668e,Disposable Proteus loader copy,local-only reproducible infrastructure or disposable Proteus state,"preserved on disk, explicitly excluded from Git",**/*_COPY.pdsprj or **/*_GATE.pdsprj
new during reorganization,proteus/experiments/runs/dil16_decoder_driver_7447_terminal_v2_temp_2026_07_14/04_local_proteus_gate/G01_7447_9X_COPY.pdsprj,6d6a868e3f0221fd9c45776f8f6d998727fa30f61f95e6639b0082104c1a4e2a,Disposable Proteus loader copy,local-only reproducible infrastructure or disposable Proteus state,"preserved on disk, explicitly excluded from Git",**/*_COPY.pdsprj or **/*_GATE.pdsprj
new during reorganization,proteus/experiments/runs/dil16_decoder_driver_7447_terminal_v2_temp_2026_07_14/04_local_proteus_gate/G02_7447_9X_COLD_REOPEN_COPY.pdsprj,6d6a868e3f0221fd9c45776f8f6d998727fa30f61f95e6639b0082104c1a4e2a,Disposable Proteus loader copy,local-only reproducible infrastructure or disposable Proteus state,"preserved on disk, explicitly excluded from Git",**/*_COPY.pdsprj or **/*_GATE.pdsprj
new during reorganization,proteus/experiments/runs/dil16_decoder_driver_7447_terminal_v2_temp_2026_07_14/04_local_proteus_gate/G03_7447_15X_COPY.pdsprj,023cdda2973f13f63972667cfbd1cbbdecfdb654e3f25f4134eaaee0d1df174a,Disposable Proteus loader copy,local-only reproducible infrastructure or disposable Proteus state,"preserved on disk, explicitly excluded from Git",**/*_COPY.pdsprj or **/*_GATE.pdsprj
new during reorganization,proteus/experiments/runs/dil16_decoder_driver_7447_terminal_v2_temp_2026_07_14/04_local_proteus_gate/G04_7447_15X_COLD_REOPEN_COPY.pdsprj,023cdda2973f13f63972667cfbd1cbbdecfdb654e3f25f4134eaaee0d1df174a,Disposable Proteus loader copy,local-only reproducible infrastructure or disposable Proteus state,"preserved on disk, explicitly excluded from Git",**/*_COPY.pdsprj or **/*_GATE.pdsprj
new during reorganization,proteus/experiments/runs/dil16_decoder_driver_terminal_v1_temp_2026_07_13/01_4511_staged_1x/local_proteus_gate/G01_4511_NATIVE_CONTACT_STAGE_COPY.pdsprj,4de9d3dbe4d51a43ca305c887317a6bfc7960da94f513992f9f884fa5b9505bf,Disposable Proteus loader copy,local-only reproducible infrastructure or disposable Proteus state,"preserved on disk, explicitly excluded from Git",**/*_COPY.pdsprj or **/*_GATE.pdsprj
new during reorganization,proteus/experiments/runs/dil16_decoder_driver_terminal_v1_temp_2026_07_13/01_4511_staged_1x/local_proteus_gate/G02_4511_GRID_CONTACT_STAGE_COPY.pdsprj,c341b8eef27f812f4c99923e4ed2a56a9245b516debebd7c97825cb3b032db21,Disposable Proteus loader copy,local-only reproducible infrastructure or disposable Proteus state,"preserved on disk, explicitly excluded from Git",**/*_COPY.pdsprj or **/*_GATE.pdsprj
new during reorganization,proteus/experiments/runs/dil16_decoder_driver_terminal_v1_temp_2026_07_13/01_4511_staged_1x/local_proteus_gate/G03_4511_COMPLETE_ACTIVE_COPY.pdsprj,9d00ecb907ba1e668cc1d1638552e3df28de7eec25ee6f55e672e3531914f108,Disposable Proteus loader copy,local-only reproducible infrastructure or disposable Proteus state,"preserved on disk, explicitly excluded from Git",**/*_COPY.pdsprj or **/*_GATE.pdsprj
new during reorganization,proteus/experiments/runs/dil16_decoder_driver_terminal_v1_temp_2026_07_13/02_4511_scale_9x_15x/S03_4511_15X_CATALOGUE_TERMINAL_sa.pdsprj.Vincero.Empty.workspace,9d86eeb9f3151fb648fdf6ef4f72260886d7b62b147cfd9eeadb74fd3460cb9c,Proteus workspace sidecar,local-only reproducible infrastructure or disposable Proteus state,"preserved on disk, explicitly excluded from Git",*.workspace
new during reorganization,proteus/experiments/runs/dil16_decoder_driver_terminal_v1_temp_2026_07_13/02_4511_scale_9x_15x/local_proteus_gate/G04_4511_9X_COPY.pdsprj,05b32e9f52c3e5a324ee463b68547f2a84bf0d9f04561484771b4295cd40ccec,Disposable Proteus loader copy,local-only reproducible infrastructure or disposable Proteus state,"preserved on disk, explicitly excluded from Git",**/*_COPY.pdsprj or **/*_GATE.pdsprj
new during reorganization,proteus/experiments/runs/dil16_decoder_driver_terminal_v1_temp_2026_07_13/02_4511_scale_9x_15x/local_proteus_gate/G05_4511_15X_COPY.pdsprj,2d0e205943685f017be11dd13d1a5bfa9c4ca1485ba08acaddf6918828776a91,Disposable Proteus loader copy,local-only reproducible infrastructure or disposable Proteus state,"preserved on disk, explicitly excluded from Git",**/*_COPY.pdsprj or **/*_GATE.pdsprj
new during reorganization,proteus/experiments/runs/dil16_decoder_driver_terminal_v1_temp_2026_07_13/03_7447_staged_1x/S02_7447_1X_CATALOGUE_TERMINAL_sa.pdsprj.Vincero.Empty.workspace,d2f76159bafb096769ec592bf3d8980cbd6e6b0ebd800fcfd88b4667528ad28e,Proteus workspace sidecar,local-only reproducible infrastructure or disposable Proteus state,"preserved on disk, explicitly excluded from Git",*.workspace
new during reorganization,proteus/experiments/runs/dil16_decoder_driver_terminal_v1_temp_2026_07_13/03_7447_staged_1x/local_proteus_gate/G01_7447_NATIVE_CONTACT_STAGE_COPY.pdsprj,a9599efcef9f9e934608912e84afcf228a9176c73948db6e95f1e153b462351c,Disposable Proteus loader copy,local-only reproducible infrastructure or disposable Proteus state,"preserved on disk, explicitly excluded from Git",**/*_COPY.pdsprj or **/*_GATE.pdsprj
new during reorganization,proteus/experiments/runs/dil16_decoder_driver_terminal_v1_temp_2026_07_13/03_7447_staged_1x/local_proteus_gate/G02_7447_GRID_CONTACT_STAGE_COPY.pdsprj,fb76f396cd94262f593b70c9b9700c48f2aac2a931d21646d0ae09f497202f29,Disposable Proteus loader copy,local-only reproducible infrastructure or disposable Proteus state,"preserved on disk, explicitly excluded from Git",**/*_COPY.pdsprj or **/*_GATE.pdsprj
new during reorganization,proteus/experiments/runs/dil16_decoder_driver_terminal_v1_temp_2026_07_13/03_7447_staged_1x/local_proteus_gate/G03_7447_COMPLETE_ACTIVE_COPY.pdsprj,608dd824e9d76a16c106d4dfc8300eff77be2102964beb6ffaecae3c3dbd668e,Disposable Proteus loader copy,local-only reproducible infrastructure or disposable Proteus state,"preserved on disk, explicitly excluded from Git",**/*_COPY.pdsprj or **/*_GATE.pdsprj
new during reorganization,proteus/experiments/runs/dil16_decoder_driver_terminal_v1_temp_2026_07_13/04_7447_scale_9x_15x/local_proteus_gate/G04_7447_9X_COPY.pdsprj,e67ef80c4724756e92282125883c2f3d4ad9c1bda218e7252723fc9594c0bed8,Disposable Proteus loader copy,local-only reproducible infrastructure or disposable Proteus state,"preserved on disk, explicitly excluded from Git",**/*_COPY.pdsprj or **/*_GATE.pdsprj
new during reorganization,proteus/experiments/runs/dil16_decoder_driver_terminal_v1_temp_2026_07_13/04_7447_scale_9x_15x/local_proteus_gate/G05_7447_15X_COPY.pdsprj,c1f6dd4680bbbc7a96fa23a69ae2844e34e9758e645d1985cf64351886ca0b97,Disposable Proteus loader copy,local-only reproducible infrastructure or disposable Proteus state,"preserved on disk, explicitly excluded from Git",**/*_COPY.pdsprj or **/*_GATE.pdsprj
new during reorganization,proteus/experiments/runs/dil16_dual_jk_ff_4027_terminal_v3_temp_2026_07_14/02_local_proteus_gate/G01_4027_LOCKED_MEGA_NO_TERMINAL_COPY.pdsprj,190a55e8b3369e285b41ce4d9abcb73be5942b1f63cfb9f966f3e37717fcd38c,Disposable Proteus loader copy,local-only reproducible infrastructure or disposable Proteus state,"preserved on disk, explicitly excluded from Git",**/*_COPY.pdsprj or **/*_GATE.pdsprj
new during reorganization,proteus/experiments/runs/dil16_dual_jk_ff_4027_terminal_v3_temp_2026_07_14/02_local_proteus_gate/G02_4027_AUTHORITATIVE_DONOR_COPY.pdsprj,360d9647a4a6a018642efb714ac7d11fa348f202c19837ef088e51c2d55f6e19,Disposable Proteus loader copy,local-only reproducible infrastructure or disposable Proteus state,"preserved on disk, explicitly excluded from Git",**/*_COPY.pdsprj or **/*_GATE.pdsprj
new during reorganization,proteus/experiments/runs/dil16_dual_jk_ff_4027_terminal_v3_temp_2026_07_14/02_local_proteus_gate/G03_4027_NATIVE_CONTACT_COPY.pdsprj,feef41d36c637420afbf490b379b4717e68df8199c5ea000ab5764a822deecb3,Disposable Proteus loader copy,local-only reproducible infrastructure or disposable Proteus state,"preserved on disk, explicitly excluded from Git",**/*_COPY.pdsprj or **/*_GATE.pdsprj
new during reorganization,proteus/experiments/runs/dil16_dual_jk_ff_4027_terminal_v3_temp_2026_07_14/02_local_proteus_gate/G04_4027_GRID_CONTACT_COPY.pdsprj,feef41d36c637420afbf490b379b4717e68df8199c5ea000ab5764a822deecb3,Disposable Proteus loader copy,local-only reproducible infrastructure or disposable Proteus state,"preserved on disk, explicitly excluded from Git",**/*_COPY.pdsprj or **/*_GATE.pdsprj
new during reorganization,proteus/experiments/runs/dil16_dual_jk_ff_4027_terminal_v3_temp_2026_07_14/02_local_proteus_gate/G05_4027_COMPLETE_ACTIVE_COPY.pdsprj,37fa193b0cbbe988fcb7ad2bf2d6187d81f7297e2b241965e1ec7c03a7b53d9d,Disposable Proteus loader copy,local-only reproducible infrastructure or disposable Proteus state,"preserved on disk, explicitly excluded from Git",**/*_COPY.pdsprj or **/*_GATE.pdsprj
new during reorganization,proteus/experiments/runs/dil16_dual_jk_ff_4027_terminal_v3_temp_2026_07_14/02_local_proteus_gate/G06_4027_COMPLETE_ACTIVE_COLD_REOPEN_COPY.pdsprj,37fa193b0cbbe988fcb7ad2bf2d6187d81f7297e2b241965e1ec7c03a7b53d9d,Disposable Proteus loader copy,local-only reproducible infrastructure or disposable Proteus state,"preserved on disk, explicitly excluded from Git",**/*_COPY.pdsprj or **/*_GATE.pdsprj
new during reorganization,proteus/experiments/runs/dil16_dual_jk_ff_4027_terminal_v3_temp_2026_07_14/04_local_proteus_gate/G07_4027_9X_COPY.pdsprj,18ec1b5cf115e7ba625edd5735bd95bf40bb29f8b0cc0e4a8e324166b800bb0e,Disposable Proteus loader copy,local-only reproducible infrastructure or disposable Proteus state,"preserved on disk, explicitly excluded from Git",**/*_COPY.pdsprj or **/*_GATE.pdsprj
new during reorganization,proteus/experiments/runs/dil16_dual_jk_ff_4027_terminal_v3_temp_2026_07_14/04_local_proteus_gate/G08_4027_9X_COLD_REOPEN_COPY.pdsprj,18ec1b5cf115e7ba625edd5735bd95bf40bb29f8b0cc0e4a8e324166b800bb0e,Disposable Proteus loader copy,local-only reproducible infrastructure or disposable Proteus state,"preserved on disk, explicitly excluded from Git",**/*_COPY.pdsprj or **/*_GATE.pdsprj
new during reorganization,proteus/experiments/runs/dil16_dual_jk_ff_4027_terminal_v3_temp_2026_07_14/04_local_proteus_gate/G09_4027_15X_COPY.pdsprj,2daac06cd1b55590bdc84c2c8f0447e0066f27faa3872659b625865369d1e558,Disposable Proteus loader copy,local-only reproducible infrastructure or disposable Proteus state,"preserved on disk, explicitly excluded from Git",**/*_COPY.pdsprj or **/*_GATE.pdsprj
new during reorganization,proteus/experiments/runs/dil16_dual_jk_ff_4027_terminal_v3_temp_2026_07_14/04_local_proteus_gate/G10_4027_15X_COLD_REOPEN_COPY.pdsprj,2daac06cd1b55590bdc84c2c8f0447e0066f27faa3872659b625865369d1e558,Disposable Proteus loader copy,local-only reproducible infrastructure or disposable Proteus state,"preserved on disk, explicitly excluded from Git",**/*_COPY.pdsprj or **/*_GATE.pdsprj
new during reorganization,proteus/experiments/runs/dil16_dual_jk_ff_4027_terminal_v4_temp_2026_07_14/01_solo_1x/C02_4027_NATIVE_PIN_CONTACT_sa_GATE_COPY.pdsprj,37fa193b0cbbe988fcb7ad2bf2d6187d81f7297e2b241965e1ec7c03a7b53d9d,Disposable Proteus loader copy,local-only reproducible infrastructure or disposable Proteus state,"preserved on disk, explicitly excluded from Git",**/*_COPY.pdsprj or **/*_GATE.pdsprj
new during reorganization,proteus/experiments/runs/dil16_dual_jk_ff_4027_terminal_v4_temp_2026_07_14/01_solo_1x/C02_4027_NATIVE_PIN_CONTACT_sa_GATE_COPY.pdsprj.Vincero.Empty.workspace,42abbac13b3b00e03f91b6fae21a2e12fe5fe27a96ad0063832e97c6e541cd34,Proteus workspace sidecar,local-only reproducible infrastructure or disposable Proteus state,"preserved on disk, explicitly excluded from Git",*.workspace
new during reorganization,proteus/experiments/runs/dil16_dual_jk_ff_4027_terminal_v4_temp_2026_07_14/01_solo_1x/C03_4027_GRID_CONTACT_sa_GATE_COPY.pdsprj,513cc825456ccb1e5d375db5ed6d3084b9a072d06bb72ba19293d4dd0ce64f31,Disposable Proteus loader copy,local-only reproducible infrastructure or disposable Proteus state,"preserved on disk, explicitly excluded from Git",**/*_COPY.pdsprj or **/*_GATE.pdsprj
new during reorganization,proteus/experiments/runs/dil16_dual_jk_ff_4027_terminal_v4_temp_2026_07_14/01_solo_1x/C03_4027_GRID_CONTACT_sa_GATE_COPY.pdsprj.Vincero.Empty.workspace,42abbac13b3b00e03f91b6fae21a2e12fe5fe27a96ad0063832e97c6e541cd34,Proteus workspace sidecar,local-only reproducible infrastructure or disposable Proteus state,"preserved on disk, explicitly excluded from Git",*.workspace
new during reorganization,proteus/experiments/runs/dil16_dual_jk_ff_4027_terminal_v4_temp_2026_07_14/01_solo_1x/C04_4027_CATALOGUE_TERMINAL_sa_GATE_COPY.pdsprj,513cc825456ccb1e5d375db5ed6d3084b9a072d06bb72ba19293d4dd0ce64f31,Disposable Proteus loader copy,local-only reproducible infrastructure or disposable Proteus state,"preserved on disk, explicitly excluded from Git",**/*_COPY.pdsprj or **/*_GATE.pdsprj
new during reorganization,proteus/experiments/runs/dil16_dual_jk_ff_4027_terminal_v4_temp_2026_07_14/01_solo_1x/C04_4027_CATALOGUE_TERMINAL_sa_GATE_COPY.pdsprj.Vincero.Empty.workspace,42abbac13b3b00e03f91b6fae21a2e12fe5fe27a96ad0063832e97c6e541cd34,Proteus workspace sidecar,local-only reproducible infrastructure or disposable Proteus state,"preserved on disk, explicitly excluded from Git",*.workspace
new during reorganization,proteus/experiments/runs/dil16_dual_jk_ff_4027_terminal_v4_temp_2026_07_14/03_scale_9x_15x/S09_4027_9X_COMPLETE_GATE_COPY.pdsprj,2fff0c73b0774a70ccc95712b8d72c52b15433ac33b86f78c620a55a0e4887a4,Disposable Proteus loader copy,local-only reproducible infrastructure or disposable Proteus state,"preserved on disk, explicitly excluded from Git",**/*_COPY.pdsprj or **/*_GATE.pdsprj
new during reorganization,proteus/experiments/runs/dil16_dual_jk_ff_4027_terminal_v4_temp_2026_07_14/03_scale_9x_15x/S09_4027_9X_COMPLETE_GATE_COPY.pdsprj.Vincero.Empty.workspace,42abbac13b3b00e03f91b6fae21a2e12fe5fe27a96ad0063832e97c6e541cd34,Proteus workspace sidecar,local-only reproducible infrastructure or disposable Proteus state,"preserved on disk, explicitly excluded from Git",*.workspace
new during reorganization,proteus/experiments/runs/dil16_dual_jk_ff_4027_terminal_v4_temp_2026_07_14/03_scale_9x_15x/S15_4027_15X_COMPLETE_GATE_COPY.pdsprj,aaa8281100f0656fc2aecf73a23782e020ad748298e45b99e4938d9cfae7fc94,Disposable Proteus loader copy,local-only reproducible infrastructure or disposable Proteus state,"preserved on disk, explicitly excluded from Git",**/*_COPY.pdsprj or **/*_GATE.pdsprj
new during reorganization,proteus/experiments/runs/dil16_dual_jk_ff_4027_terminal_v4_temp_2026_07_14/03_scale_9x_15x/S15_4027_15X_COMPLETE_GATE_COPY.pdsprj.Vincero.Empty.workspace,42abbac13b3b00e03f91b6fae21a2e12fe5fe27a96ad0063832e97c6e541cd34,Proteus workspace sidecar,local-only reproducible infrastructure or disposable Proteus state,"preserved on disk, explicitly excluded from Git",*.workspace
new during reorganization,proteus/experiments/runs/dil16_dual_jk_ff_74hc76_terminal_v3_temp_2026_07_14/02_local_proteus_gate/C01_74HC76_LOCKED_MEGA_NO_TERMINAL_COPY.pdsprj,e29b8ac7bdbd6e4a5efa54377d1a581a6af4c3b35fd8fa5924cd0ffbc0b95f4d,Disposable Proteus loader copy,local-only reproducible infrastructure or disposable Proteus state,"preserved on disk, explicitly excluded from Git",**/*_COPY.pdsprj or **/*_GATE.pdsprj
new during reorganization,proteus/experiments/runs/dil16_dual_jk_ff_74hc76_terminal_v3_temp_2026_07_14/02_local_proteus_gate/C02_74HC76_AUTHORITATIVE_DONOR_COPY.pdsprj,11bdd4b0ec440ed0b49aab82606c1b5f55a3d3b30a74acd63290f4733840b6a8,Disposable Proteus loader copy,local-only reproducible infrastructure or disposable Proteus state,"preserved on disk, explicitly excluded from Git",**/*_COPY.pdsprj or **/*_GATE.pdsprj
new during reorganization,proteus/experiments/runs/dil16_dual_jk_ff_74hc76_terminal_v3_temp_2026_07_14/02_local_proteus_gate/C03_74HC76_COMPLETE_ACTIVE_COPY.pdsprj,4861e173a6f914008ee445bf25cdc8038b31950aa607423e7b4f43f9a3e8df0d,Disposable Proteus loader copy,local-only reproducible infrastructure or disposable Proteus state,"preserved on disk, explicitly excluded from Git",**/*_COPY.pdsprj or **/*_GATE.pdsprj
new during reorganization,proteus/experiments/runs/dil16_dual_jk_ff_74hc76_terminal_v3_temp_2026_07_14/04_local_proteus_gate/G01_74HC76_9X_COPY.pdsprj,9937bf8c4dc1e82e369b356c00b6807656f2bb68808da0b67d4aa626d2526a39,Disposable Proteus loader copy,local-only reproducible infrastructure or disposable Proteus state,"preserved on disk, explicitly excluded from Git",**/*_COPY.pdsprj or **/*_GATE.pdsprj
new during reorganization,proteus/experiments/runs/dil16_dual_jk_ff_74hc76_terminal_v3_temp_2026_07_14/04_local_proteus_gate/G02_74HC76_9X_COLD_REOPEN_COPY.pdsprj,9937bf8c4dc1e82e369b356c00b6807656f2bb68808da0b67d4aa626d2526a39,Disposable Proteus loader copy,local-only reproducible infrastructure or disposable Proteus state,"preserved on disk, explicitly excluded from Git",**/*_COPY.pdsprj or **/*_GATE.pdsprj
new during reorganization,proteus/experiments/runs/dil16_dual_jk_ff_74hc76_terminal_v3_temp_2026_07_14/04_local_proteus_gate/G03_74HC76_15X_COPY.pdsprj,d415d4329163b76f2dcfa9e36bdb44afe6ee084dfab5f6e7e2575480ac491354,Disposable Proteus loader copy,local-only reproducible infrastructure or disposable Proteus state,"preserved on disk, explicitly excluded from Git",**/*_COPY.pdsprj or **/*_GATE.pdsprj
new during reorganization,proteus/experiments/runs/dil16_dual_jk_ff_74hc76_terminal_v3_temp_2026_07_14/04_local_proteus_gate/G04_74HC76_15X_COLD_REOPEN_COPY.pdsprj,d415d4329163b76f2dcfa9e36bdb44afe6ee084dfab5f6e7e2575480ac491354,Disposable Proteus loader copy,local-only reproducible infrastructure or disposable Proteus state,"preserved on disk, explicitly excluded from Git",**/*_COPY.pdsprj or **/*_GATE.pdsprj
new during reorganization,proteus/experiments/runs/dil16_dual_jk_ff_74hc76_terminal_v4_temp_2026_07_15/01_solo_1x/C02_74HC76_NATIVE_PIN_CONTACT_sa_GATE_COPY.pdsprj,930143f2813c745b22d2ca0a7007e213245ae37347f7efe58607afa38caeb270,Disposable Proteus loader copy,local-only reproducible infrastructure or disposable Proteus state,"preserved on disk, explicitly excluded from Git",**/*_COPY.pdsprj or **/*_GATE.pdsprj
new during reorganization,proteus/experiments/runs/dil16_dual_jk_ff_74hc76_terminal_v4_temp_2026_07_15/01_solo_1x/C02_74HC76_NATIVE_PIN_CONTACT_sa_GATE_COPY.pdsprj.Vincero.Empty.workspace,42abbac13b3b00e03f91b6fae21a2e12fe5fe27a96ad0063832e97c6e541cd34,Proteus workspace sidecar,local-only reproducible infrastructure or disposable Proteus state,"preserved on disk, explicitly excluded from Git",*.workspace
new during reorganization,proteus/experiments/runs/dil16_dual_jk_ff_74hc76_terminal_v4_temp_2026_07_15/01_solo_1x/C03_74HC76_GRID_CONTACT_sa_GATE_COPY.pdsprj,12aca8628a121ac7f108c80921ff13a81112ce4a3ec6f62807e2d2fe0d38c84f,Disposable Proteus loader copy,local-only reproducible infrastructure or disposable Proteus state,"preserved on disk, explicitly excluded from Git",**/*_COPY.pdsprj or **/*_GATE.pdsprj
new during reorganization,proteus/experiments/runs/dil16_dual_jk_ff_74hc76_terminal_v4_temp_2026_07_15/01_solo_1x/C03_74HC76_GRID_CONTACT_sa_GATE_COPY.pdsprj.Vincero.Empty.workspace,42abbac13b3b00e03f91b6fae21a2e12fe5fe27a96ad0063832e97c6e541cd34,Proteus workspace sidecar,local-only reproducible infrastructure or disposable Proteus state,"preserved on disk, explicitly excluded from Git",*.workspace
new during reorganization,proteus/experiments/runs/dil16_dual_jk_ff_74hc76_terminal_v4_temp_2026_07_15/01_solo_1x/C04_74HC76_CATALOGUE_TERMINAL_sa_GATE_COPY.pdsprj,12aca8628a121ac7f108c80921ff13a81112ce4a3ec6f62807e2d2fe0d38c84f,Disposable Proteus loader copy,local-only reproducible infrastructure or disposable Proteus state,"preserved on disk, explicitly excluded from Git",**/*_COPY.pdsprj or **/*_GATE.pdsprj
new during reorganization,proteus/experiments/runs/dil16_dual_jk_ff_74hc76_terminal_v4_temp_2026_07_15/01_solo_1x/C04_74HC76_CATALOGUE_TERMINAL_sa_GATE_COPY.pdsprj.Vincero.Empty.workspace,42abbac13b3b00e03f91b6fae21a2e12fe5fe27a96ad0063832e97c6e541cd34,Proteus workspace sidecar,local-only reproducible infrastructure or disposable Proteus state,"preserved on disk, explicitly excluded from Git",*.workspace
new during reorganization,proteus/experiments/runs/dil16_dual_jk_ff_74hc76_terminal_v4_temp_2026_07_15/03_scale_9x_15x/S09_74HC76_9X_COMPLETE_GATE_COPY.pdsprj,f1b467f845547251ad408fce61f1fe42a41d18015d2b7fe86607942198e933e1,Disposable Proteus loader copy,local-only reproducible infrastructure or disposable Proteus state,"preserved on disk, explicitly excluded from Git",**/*_COPY.pdsprj or **/*_GATE.pdsprj
new during reorganization,proteus/experiments/runs/dil16_dual_jk_ff_74hc76_terminal_v4_temp_2026_07_15/03_scale_9x_15x/S09_74HC76_9X_COMPLETE_GATE_COPY.pdsprj.Vincero.Empty.workspace,42abbac13b3b00e03f91b6fae21a2e12fe5fe27a96ad0063832e97c6e541cd34,Proteus workspace sidecar,local-only reproducible infrastructure or disposable Proteus state,"preserved on disk, explicitly excluded from Git",*.workspace
new during reorganization,proteus/experiments/runs/dil16_dual_jk_ff_74hc76_terminal_v4_temp_2026_07_15/03_scale_9x_15x/S15_74HC76_15X_COMPLETE_GATE_COPY.pdsprj,362640631ba21a9b8acdc6b3fcc4677c99d7d2154b1d444a4f5d1528a76d47d4,Disposable Proteus loader copy,local-only reproducible infrastructure or disposable Proteus state,"preserved on disk, explicitly excluded from Git",**/*_COPY.pdsprj or **/*_GATE.pdsprj
new during reorganization,proteus/experiments/runs/dil16_dual_jk_ff_74hc76_terminal_v4_temp_2026_07_15/03_scale_9x_15x/S15_74HC76_15X_COMPLETE_GATE_COPY.pdsprj.Vincero.Empty.workspace,42abbac13b3b00e03f91b6fae21a2e12fe5fe27a96ad0063832e97c6e541cd34,Proteus workspace sidecar,local-only reproducible infrastructure or disposable Proteus state,"preserved on disk, explicitly excluded from Git",*.workspace
new during reorganization,proteus/experiments/runs/dil16_dual_jk_ff_terminal_v1_temp_2026_07_13/03_solo_15x/S01_74HC76_15X/S01_74HC76_15X_CATALOGUE_TERMINAL_sa.pdsprj.Vincero.Empty.workspace,301f7350d184880531081ebc2237e2effdd286ac98777664acb580dd21c99f6b,Proteus workspace sidecar,local-only reproducible infrastructure or disposable Proteus state,"preserved on disk, explicitly excluded from Git",*.workspace
new during reorganization,proteus/experiments/runs/dil16_dual_jk_ff_terminal_v2_temp_2026_07_13/00_staged_loader_diagnostics/S02_4027_STAGE3_ACTIVE_LINK.pdsprj.Vincero.Empty.workspace,2d966425e72ded37476030a93d485fa5be6b3bfe9f9f0218759cdef0907020ea,Proteus workspace sidecar,local-only reproducible infrastructure or disposable Proteus state,"preserved on disk, explicitly excluded from Git",*.workspace
new during reorganization,proteus/experiments/runs/dil16_dual_jk_ff_terminal_v2_temp_2026_07_13/01_solo_1x/S02_4027_1X/S02_4027_1X_CATALOGUE_TERMINAL_sa.pdsprj.Vincero.Empty.workspace,a3c32c34b5674edeca6adfddb396a4a85e6deaab0c0d2aea4300d311b1c7c646,Proteus workspace sidecar,local-only reproducible infrastructure or disposable Proteus state,"preserved on disk, explicitly excluded from Git",*.workspace
new during reorganization,proteus/experiments/runs/dil16_dual_jk_ff_terminal_v2_temp_2026_07_13/01_solo_1x/S02_4027_1X/fixS02_4027_1X_CATALOGUE_TERMINAL_sa.pdsprj.Vincero.Empty.workspace,4f0d45f8f26103912b47b5a7b14712f30e5742d1f4c1496c1b9c802e572ad045,Proteus workspace sidecar,local-only reproducible infrastructure or disposable Proteus state,"preserved on disk, explicitly excluded from Git",*.workspace
new during reorganization,proteus/experiments/runs/dil16_dual_jk_ff_terminal_v2_temp_2026_07_13/06_local_proteus_gate/G01_4027_1X_COLD_OPEN_COPY.pdsprj,b69b059e7e5c5927880d8393d7291d7b701172f208add8587d13ec385bc8146e,Disposable Proteus loader copy,local-only reproducible infrastructure or disposable Proteus state,"preserved on disk, explicitly excluded from Git",**/*_COPY.pdsprj or **/*_GATE.pdsprj
new during reorganization,proteus/experiments/runs/dil16_dual_jk_ff_terminal_v2_temp_2026_07_13/06_local_proteus_gate/G02_4027_1X_BAD_OBJECT_SAVE_COPY.pdsprj,ad84b26857c78633fe5b3ba9da66123517d1d1d54b17d6dbd6e973cf414460a5,Disposable Proteus loader copy,local-only reproducible infrastructure or disposable Proteus state,"preserved on disk, explicitly excluded from Git",**/*_COPY.pdsprj or **/*_GATE.pdsprj
new during reorganization,proteus/experiments/runs/dil16_dual_jk_ff_terminal_v2_temp_2026_07_13/06_local_proteus_gate/G03_4027_1X_STAGE1_NATIVE_CONTACT_COPY.pdsprj,feef41d36c637420afbf490b379b4717e68df8199c5ea000ab5764a822deecb3,Disposable Proteus loader copy,local-only reproducible infrastructure or disposable Proteus state,"preserved on disk, explicitly excluded from Git",**/*_COPY.pdsprj or **/*_GATE.pdsprj
new during reorganization,proteus/experiments/runs/dil16_dual_jk_ff_terminal_v2_temp_2026_07_13/06_local_proteus_gate/G04_4027_1X_NO_TERMINAL_CONTROL_COPY.pdsprj,190a55e8b3369e285b41ce4d9abcb73be5942b1f63cfb9f966f3e37717fcd38c,Disposable Proteus loader copy,local-only reproducible infrastructure or disposable Proteus state,"preserved on disk, explicitly excluded from Git",**/*_COPY.pdsprj or **/*_GATE.pdsprj
new during reorganization,proteus/experiments/runs/dil16_dual_jk_ff_terminal_v2_temp_2026_07_13/06_local_proteus_gate/G05_4027_1X_DONOR_CONTACT_COPY.pdsprj,96f0a98ab60ce2d047db37361971e901b1c9d73ce6af8fa43ec80124c1c7a39f,Disposable Proteus loader copy,local-only reproducible infrastructure or disposable Proteus state,"preserved on disk, explicitly excluded from Git",**/*_COPY.pdsprj or **/*_GATE.pdsprj
experiments/dil16_dual_jk_ff_terminal_v2_temp_2026_07_13/06_local_proteus_gate/G06_4027_1X_DONOR_CONTACT_VISIBLE_COPY.pdsprj,proteus/experiments/runs/dil16_dual_jk_ff_terminal_v2_temp_2026_07_13/06_local_proteus_gate/G06_4027_1X_DONOR_CONTACT_VISIBLE_COPY.pdsprj,96f0a98ab60ce2d047db37361971e901b1c9d73ce6af8fa43ec80124c1c7a39f,Disposable Proteus loader copy,local-only reproducible infrastructure or disposable Proteus state,"preserved on disk, explicitly excluded from Git",**/*_COPY.pdsprj or **/*_GATE.pdsprj
experiments/dil16_dual_jk_ff_terminal_v2_temp_2026_07_13/06_local_proteus_gate/G07_4027_ACCEPTED_DONOR_VISIBLE_COPY.pdsprj,proteus/experiments/runs/dil16_dual_jk_ff_terminal_v2_temp_2026_07_13/06_local_proteus_gate/G07_4027_ACCEPTED_DONOR_VISIBLE_COPY.pdsprj,360d9647a4a6a018642efb714ac7d11fa348f202c19837ef088e51c2d55f6e19,Disposable Proteus loader copy,local-only reproducible infrastructure or disposable Proteus state,"preserved on disk, explicitly excluded from Git",**/*_COPY.pdsprj or **/*_GATE.pdsprj
experiments/dil16_dual_jk_ff_terminal_v2_temp_2026_07_13/06_local_proteus_gate/G08_4027_1X_DONOR_CONTACT_BOR_SAVE_COPY.pdsprj,proteus/experiments/runs/dil16_dual_jk_ff_terminal_v2_temp_2026_07_13/06_local_proteus_gate/G08_4027_1X_DONOR_CONTACT_BOR_SAVE_COPY.pdsprj,48b1879462b2744f7fdd1d28dbf127fcae92fff73db8cdc76cd7dbf02d5ed9e4,Disposable Proteus loader copy,local-only reproducible infrastructure or disposable Proteus state,"preserved on disk, explicitly excluded from Git",**/*_COPY.pdsprj or **/*_GATE.pdsprj
new during reorganization,"proteus/experiments/runs/dil16_dual_jk_ff_terminal_v2_temp_2026_07_13/06_local_proteus_gate/Project Backups/G02_4027_1X_BAD_OBJECT_SAVE_COPY [20260713, 17-20-25].pdsprj",b69b059e7e5c5927880d8393d7291d7b701172f208add8587d13ec385bc8146e,Disposable Proteus loader copy,local-only reproducible infrastructure or disposable Proteus state,"preserved on disk, explicitly excluded from Git",**/*local*gate*/**/*.pdsprj
new during reorganization,"proteus/experiments/runs/dil16_dual_jk_ff_terminal_v2_temp_2026_07_13/06_local_proteus_gate/Project Backups/G08_4027_1X_DONOR_CONTACT_BOR_SAVE_COPY [20260713, 17-51-48].pdsprj",96f0a98ab60ce2d047db37361971e901b1c9d73ce6af8fa43ec80124c1c7a39f,Disposable Proteus loader copy,local-only reproducible infrastructure or disposable Proteus state,"preserved on disk, explicitly excluded from Git",**/*local*gate*/**/*.pdsprj
new during reorganization,proteus/experiments/runs/dil16_mux_74hc151_terminal_v2_temp_2026_07_14/02_local_proteus_gate/C01_74HC151_LOCKED_MEGA_NO_TERMINAL_COPY.pdsprj,6132fca9e22177efc0eff14e9e2815190374d1fb4e83efb988cf5eae64755458,Disposable Proteus loader copy,local-only reproducible infrastructure or disposable Proteus state,"preserved on disk, explicitly excluded from Git",**/*_COPY.pdsprj or **/*_GATE.pdsprj
new during reorganization,proteus/experiments/runs/dil16_mux_74hc151_terminal_v2_temp_2026_07_14/02_local_proteus_gate/C02_74HC151_NATIVE_PIN_CONTACT_COPY.pdsprj,957382a6a0db77d475cffb16618b8d20bc18c51efef89fefef1b3e83f5dd6d8a,Disposable Proteus loader copy,local-only reproducible infrastructure or disposable Proteus state,"preserved on disk, explicitly excluded from Git",**/*_COPY.pdsprj or **/*_GATE.pdsprj
new during reorganization,proteus/experiments/runs/dil16_mux_74hc151_terminal_v2_temp_2026_07_14/02_local_proteus_gate/C03_74HC151_GRID_CONTACT_COPY.pdsprj,23e90f4752dc322ebdec913d2066701b49f0b5a9726d71d4ab357f6e9e973b1c,Disposable Proteus loader copy,local-only reproducible infrastructure or disposable Proteus state,"preserved on disk, explicitly excluded from Git",**/*_COPY.pdsprj or **/*_GATE.pdsprj
new during reorganization,proteus/experiments/runs/dil16_mux_74hc151_terminal_v2_temp_2026_07_14/02_local_proteus_gate/C04_74HC151_COMPLETE_ACTIVE_COPY.pdsprj,5db9eeafb5ac6a56d9a895c52fed335876b12236c3d0c616f883449809bc7ce8,Disposable Proteus loader copy,local-only reproducible infrastructure or disposable Proteus state,"preserved on disk, explicitly excluded from Git",**/*_COPY.pdsprj or **/*_GATE.pdsprj
new during reorganization,proteus/experiments/runs/dil16_mux_74hc151_terminal_v2_temp_2026_07_14/02_local_proteus_gate/C05_74HC151_COMPLETE_ACTIVE_COLD_REOPEN_COPY.pdsprj,5db9eeafb5ac6a56d9a895c52fed335876b12236c3d0c616f883449809bc7ce8,Disposable Proteus loader copy,local-only reproducible infrastructure or disposable Proteus state,"preserved on disk, explicitly excluded from Git",**/*_COPY.pdsprj or **/*_GATE.pdsprj
new during reorganization,proteus/experiments/runs/dil16_mux_74hc151_terminal_v2_temp_2026_07_14/04_local_proteus_gate/G01_74HC151_9X_COPY.pdsprj,093908f8dd515d6cdf125f119033233c9fcc2d153a5364f266f109acfbf127e2,Disposable Proteus loader copy,local-only reproducible infrastructure or disposable Proteus state,"preserved on disk, explicitly excluded from Git",**/*_COPY.pdsprj or **/*_GATE.pdsprj
new during reorganization,proteus/experiments/runs/dil16_mux_74hc151_terminal_v2_temp_2026_07_14/04_local_proteus_gate/G02_74HC151_9X_COLD_REOPEN_COPY.pdsprj,093908f8dd515d6cdf125f119033233c9fcc2d153a5364f266f109acfbf127e2,Disposable Proteus loader copy,local-only reproducible infrastructure or disposable Proteus state,"preserved on disk, explicitly excluded from Git",**/*_COPY.pdsprj or **/*_GATE.pdsprj
new during reorganization,proteus/experiments/runs/dil16_mux_74hc151_terminal_v2_temp_2026_07_14/04_local_proteus_gate/G03_74HC151_15X_COPY.pdsprj,05631739d777f23f05a023e5e99b2e65736401d61f3a5ae222fb5c4b843e764b,Disposable Proteus loader copy,local-only reproducible infrastructure or disposable Proteus state,"preserved on disk, explicitly excluded from Git",**/*_COPY.pdsprj or **/*_GATE.pdsprj
new during reorganization,proteus/experiments/runs/dil16_mux_74hc151_terminal_v2_temp_2026_07_14/04_local_proteus_gate/G04_74HC151_15X_COLD_REOPEN_COPY.pdsprj,05631739d777f23f05a023e5e99b2e65736401d61f3a5ae222fb5c4b843e764b,Disposable Proteus loader copy,local-only reproducible infrastructure or disposable Proteus state,"preserved on disk, explicitly excluded from Git",**/*_COPY.pdsprj or **/*_GATE.pdsprj
new during reorganization,proteus/experiments/runs/dil16_mux_74hc151_terminal_v3_temp_2026_07_15/01_solo_1x/C02_74HC151_NATIVE_PIN_CONTACT_sa_GATE_COLD_COPY.pdsprj,957382a6a0db77d475cffb16618b8d20bc18c51efef89fefef1b3e83f5dd6d8a,Disposable Proteus loader copy,local-only reproducible infrastructure or disposable Proteus state,"preserved on disk, explicitly excluded from Git",**/*_COPY.pdsprj or **/*_GATE.pdsprj
new during reorganization,proteus/experiments/runs/dil16_mux_74hc151_terminal_v3_temp_2026_07_15/01_solo_1x/C02_74HC151_NATIVE_PIN_CONTACT_sa_GATE_NORMAL_COPY.pdsprj,957382a6a0db77d475cffb16618b8d20bc18c51efef89fefef1b3e83f5dd6d8a,Disposable Proteus loader copy,local-only reproducible infrastructure or disposable Proteus state,"preserved on disk, explicitly excluded from Git",**/*_COPY.pdsprj or **/*_GATE.pdsprj
new during reorganization,proteus/experiments/runs/dil16_mux_74hc151_terminal_v3_temp_2026_07_15/01_solo_1x/C03_74HC151_GRID_CONTACT_sa_GATE_COLD_COPY.pdsprj,23e90f4752dc322ebdec913d2066701b49f0b5a9726d71d4ab357f6e9e973b1c,Disposable Proteus loader copy,local-only reproducible infrastructure or disposable Proteus state,"preserved on disk, explicitly excluded from Git",**/*_COPY.pdsprj or **/*_GATE.pdsprj
new during reorganization,proteus/experiments/runs/dil16_mux_74hc151_terminal_v3_temp_2026_07_15/01_solo_1x/C03_74HC151_GRID_CONTACT_sa_GATE_NORMAL_COPY.pdsprj,23e90f4752dc322ebdec913d2066701b49f0b5a9726d71d4ab357f6e9e973b1c,Disposable Proteus loader copy,local-only reproducible infrastructure or disposable Proteus state,"preserved on disk, explicitly excluded from Git",**/*_COPY.pdsprj or **/*_GATE.pdsprj
new during reorganization,proteus/experiments/runs/dil16_mux_74hc151_terminal_v3_temp_2026_07_15/01_solo_1x/C04_74HC151_CATALOGUE_TERMINAL_sa_GATE_COLD_COPY.pdsprj,5374888ed4fe40aab37f26a7be612c058c7484c5393b2cf3c705ecbc1222cc2f,Disposable Proteus loader copy,local-only reproducible infrastructure or disposable Proteus state,"preserved on disk, explicitly excluded from Git",**/*_COPY.pdsprj or **/*_GATE.pdsprj
new during reorganization,proteus/experiments/runs/dil16_mux_74hc151_terminal_v3_temp_2026_07_15/01_solo_1x/C04_74HC151_CATALOGUE_TERMINAL_sa_GATE_NORMAL_COPY.pdsprj,5374888ed4fe40aab37f26a7be612c058c7484c5393b2cf3c705ecbc1222cc2f,Disposable Proteus loader copy,local-only reproducible infrastructure or disposable Proteus state,"preserved on disk, explicitly excluded from Git",**/*_COPY.pdsprj or **/*_GATE.pdsprj
new during reorganization,proteus/experiments/runs/dil16_mux_74hc151_terminal_v3_temp_2026_07_15/03_scale_9x_15x/S09_74HC151_9X_COMPLETE_sa_GATE_COLD_COPY.pdsprj,d702a3c21c6fa7b140d71177fc00e5547d8739fd1afc4e09cb5bc97dadffd16f,Disposable Proteus loader copy,local-only reproducible infrastructure or disposable Proteus state,"preserved on disk, explicitly excluded from Git",**/*_COPY.pdsprj or **/*_GATE.pdsprj
new during reorganization,proteus/experiments/runs/dil16_mux_74hc151_terminal_v3_temp_2026_07_15/03_scale_9x_15x/S09_74HC151_9X_COMPLETE_sa_GATE_NORMAL_COPY.pdsprj,d702a3c21c6fa7b140d71177fc00e5547d8739fd1afc4e09cb5bc97dadffd16f,Disposable Proteus loader copy,local-only reproducible infrastructure or disposable Proteus state,"preserved on disk, explicitly excluded from Git",**/*_COPY.pdsprj or **/*_GATE.pdsprj
new during reorganization,proteus/experiments/runs/dil16_mux_74hc151_terminal_v3_temp_2026_07_15/03_scale_9x_15x/S15_74HC151_15X_COMPLETE_sa_GATE_COLD_COPY.pdsprj,349df739fb767183f6983fec859c0e8772c8d94ffb2dbfd3a7b3ae6169c542fe,Disposable Proteus loader copy,local-only reproducible infrastructure or disposable Proteus state,"preserved on disk, explicitly excluded from Git",**/*_COPY.pdsprj or **/*_GATE.pdsprj
new during reorganization,proteus/experiments/runs/dil16_mux_74hc151_terminal_v3_temp_2026_07_15/03_scale_9x_15x/S15_74HC151_15X_COMPLETE_sa_GATE_NORMAL_COPY.pdsprj,349df739fb767183f6983fec859c0e8772c8d94ffb2dbfd3a7b3ae6169c542fe,Disposable Proteus loader copy,local-only reproducible infrastructure or disposable Proteus state,"preserved on disk, explicitly excluded from Git",**/*_COPY.pdsprj or **/*_GATE.pdsprj
new during reorganization,proteus/experiments/runs/dil16_mux_74hc157_terminal_v2_temp_2026_07_14/02_local_proteus_gate/C01_74HC157_LOCKED_MEGA_NO_TERMINAL_COPY.pdsprj,fa064b6398da5100b3fa204b9663eb8f10e85080f3bd9990f5ae7e75b0337630,Disposable Proteus loader copy,local-only reproducible infrastructure or disposable Proteus state,"preserved on disk, explicitly excluded from Git",**/*_COPY.pdsprj or **/*_GATE.pdsprj
new during reorganization,proteus/experiments/runs/dil16_mux_74hc157_terminal_v2_temp_2026_07_14/02_local_proteus_gate/C02_74HC157_NATIVE_PIN_CONTACT_COPY.pdsprj,a29209c3b35984e90fa187d5e7f54acd2f2eb2cbd7f3d63232e661fcdcc5a04f,Disposable Proteus loader copy,local-only reproducible infrastructure or disposable Proteus state,"preserved on disk, explicitly excluded from Git",**/*_COPY.pdsprj or **/*_GATE.pdsprj
new during reorganization,proteus/experiments/runs/dil16_mux_74hc157_terminal_v2_temp_2026_07_14/02_local_proteus_gate/C03_74HC157_GRID_CONTACT_COPY.pdsprj,3ea3c2cb243b184252adaf6b364eb0ab58e04f3ded1d318f28d042ab736e6b64,Disposable Proteus loader copy,local-only reproducible infrastructure or disposable Proteus state,"preserved on disk, explicitly excluded from Git",**/*_COPY.pdsprj or **/*_GATE.pdsprj
new during reorganization,proteus/experiments/runs/dil16_mux_74hc157_terminal_v2_temp_2026_07_14/02_local_proteus_gate/C04_74HC157_COMPLETE_ACTIVE_COPY.pdsprj,d97ab3cf99a9b1c558c54d488afce24ae71b207984d4bc7a78ec5a139134c64c,Disposable Proteus loader copy,local-only reproducible infrastructure or disposable Proteus state,"preserved on disk, explicitly excluded from Git",**/*_COPY.pdsprj or **/*_GATE.pdsprj
new during reorganization,proteus/experiments/runs/dil16_mux_74hc157_terminal_v2_temp_2026_07_14/02_local_proteus_gate/C05_74HC157_COMPLETE_ACTIVE_COLD_REOPEN_COPY.pdsprj,d97ab3cf99a9b1c558c54d488afce24ae71b207984d4bc7a78ec5a139134c64c,Disposable Proteus loader copy,local-only reproducible infrastructure or disposable Proteus state,"preserved on disk, explicitly excluded from Git",**/*_COPY.pdsprj or **/*_GATE.pdsprj
new during reorganization,proteus/experiments/runs/dil16_mux_74hc157_terminal_v2_temp_2026_07_14/04_local_proteus_gate/G01_74HC157_9X_COPY.pdsprj,be2af0f2825660d5b7dcd427929fcb52c0ed96e1f3c9705681e9760ce9bd64be,Disposable Proteus loader copy,local-only reproducible infrastructure or disposable Proteus state,"preserved on disk, explicitly excluded from Git",**/*_COPY.pdsprj or **/*_GATE.pdsprj
new during reorganization,proteus/experiments/runs/dil16_mux_74hc157_terminal_v2_temp_2026_07_14/04_local_proteus_gate/G02_74HC157_9X_COLD_REOPEN_COPY.pdsprj,be2af0f2825660d5b7dcd427929fcb52c0ed96e1f3c9705681e9760ce9bd64be,Disposable Proteus loader copy,local-only reproducible infrastructure or disposable Proteus state,"preserved on disk, explicitly excluded from Git",**/*_COPY.pdsprj or **/*_GATE.pdsprj
new during reorganization,proteus/experiments/runs/dil16_mux_74hc157_terminal_v2_temp_2026_07_14/04_local_proteus_gate/G03_74HC157_15X_COPY.pdsprj,5f8aec8c2f070e86d3f9b88edb2873484870fdd02525f5f2c9f4abf75df8e698,Disposable Proteus loader copy,local-only reproducible infrastructure or disposable Proteus state,"preserved on disk, explicitly excluded from Git",**/*_COPY.pdsprj or **/*_GATE.pdsprj
new during reorganization,proteus/experiments/runs/dil16_mux_74hc157_terminal_v2_temp_2026_07_14/04_local_proteus_gate/G04_74HC157_15X_COLD_REOPEN_COPY.pdsprj,5f8aec8c2f070e86d3f9b88edb2873484870fdd02525f5f2c9f4abf75df8e698,Disposable Proteus loader copy,local-only reproducible infrastructure or disposable Proteus state,"preserved on disk, explicitly excluded from Git",**/*_COPY.pdsprj or **/*_GATE.pdsprj
new during reorganization,proteus/experiments/runs/dil16_mux_74hc157_terminal_v3_temp_2026_07_15/01_solo_1x/C02_74HC157_NATIVE_PIN_CONTACT_sa_GATE_COLD_COPY.pdsprj,a29209c3b35984e90fa187d5e7f54acd2f2eb2cbd7f3d63232e661fcdcc5a04f,Disposable Proteus loader copy,local-only reproducible infrastructure or disposable Proteus state,"preserved on disk, explicitly excluded from Git",**/*_COPY.pdsprj or **/*_GATE.pdsprj
new during reorganization,proteus/experiments/runs/dil16_mux_74hc157_terminal_v3_temp_2026_07_15/01_solo_1x/C02_74HC157_NATIVE_PIN_CONTACT_sa_GATE_NORMAL_COPY.pdsprj,a29209c3b35984e90fa187d5e7f54acd2f2eb2cbd7f3d63232e661fcdcc5a04f,Disposable Proteus loader copy,local-only reproducible infrastructure or disposable Proteus state,"preserved on disk, explicitly excluded from Git",**/*_COPY.pdsprj or **/*_GATE.pdsprj
new during reorganization,proteus/experiments/runs/dil16_mux_74hc157_terminal_v3_temp_2026_07_15/01_solo_1x/C03_74HC157_GRID_CONTACT_sa_GATE_COLD_COPY.pdsprj,3ea3c2cb243b184252adaf6b364eb0ab58e04f3ded1d318f28d042ab736e6b64,Disposable Proteus loader copy,local-only reproducible infrastructure or disposable Proteus state,"preserved on disk, explicitly excluded from Git",**/*_COPY.pdsprj or **/*_GATE.pdsprj
new during reorganization,proteus/experiments/runs/dil16_mux_74hc157_terminal_v3_temp_2026_07_15/01_solo_1x/C03_74HC157_GRID_CONTACT_sa_GATE_NORMAL_COPY.pdsprj,3ea3c2cb243b184252adaf6b364eb0ab58e04f3ded1d318f28d042ab736e6b64,Disposable Proteus loader copy,local-only reproducible infrastructure or disposable Proteus state,"preserved on disk, explicitly excluded from Git",**/*_COPY.pdsprj or **/*_GATE.pdsprj
new during reorganization,proteus/experiments/runs/dil16_mux_74hc157_terminal_v3_temp_2026_07_15/01_solo_1x/C04_74HC157_CATALOGUE_TERMINAL_sa_GATE_COLD_COPY.pdsprj,d97ab3cf99a9b1c558c54d488afce24ae71b207984d4bc7a78ec5a139134c64c,Disposable Proteus loader copy,local-only reproducible infrastructure or disposable Proteus state,"preserved on disk, explicitly excluded from Git",**/*_COPY.pdsprj or **/*_GATE.pdsprj
new during reorganization,proteus/experiments/runs/dil16_mux_74hc157_terminal_v3_temp_2026_07_15/01_solo_1x/C04_74HC157_CATALOGUE_TERMINAL_sa_GATE_NORMAL_COPY.pdsprj,d97ab3cf99a9b1c558c54d488afce24ae71b207984d4bc7a78ec5a139134c64c,Disposable Proteus loader copy,local-only reproducible infrastructure or disposable Proteus state,"preserved on disk, explicitly excluded from Git",**/*_COPY.pdsprj or **/*_GATE.pdsprj
new during reorganization,proteus/experiments/runs/dil16_mux_74hc157_terminal_v3_temp_2026_07_15/03_scale_9x_15x/S09_74HC157_9X_COMPLETE_sa_GATE_COLD_COPY.pdsprj,be2af0f2825660d5b7dcd427929fcb52c0ed96e1f3c9705681e9760ce9bd64be,Disposable Proteus loader copy,local-only reproducible infrastructure or disposable Proteus state,"preserved on disk, explicitly excluded from Git",**/*_COPY.pdsprj or **/*_GATE.pdsprj
new during reorganization,proteus/experiments/runs/dil16_mux_74hc157_terminal_v3_temp_2026_07_15/03_scale_9x_15x/S09_74HC157_9X_COMPLETE_sa_GATE_NORMAL_COPY.pdsprj,be2af0f2825660d5b7dcd427929fcb52c0ed96e1f3c9705681e9760ce9bd64be,Disposable Proteus loader copy,local-only reproducible infrastructure or disposable Proteus state,"preserved on disk, explicitly excluded from Git",**/*_COPY.pdsprj or **/*_GATE.pdsprj
new during reorganization,proteus/experiments/runs/dil16_mux_74hc157_terminal_v3_temp_2026_07_15/03_scale_9x_15x/S15_74HC157_15X_COMPLETE_sa_GATE_COLD_COPY.pdsprj,5f8aec8c2f070e86d3f9b88edb2873484870fdd02525f5f2c9f4abf75df8e698,Disposable Proteus loader copy,local-only reproducible infrastructure or disposable Proteus state,"preserved on disk, explicitly excluded from Git",**/*_COPY.pdsprj or **/*_GATE.pdsprj
new during reorganization,proteus/experiments/runs/dil16_mux_74hc157_terminal_v3_temp_2026_07_15/03_scale_9x_15x/S15_74HC157_15X_COMPLETE_sa_GATE_NORMAL_COPY.pdsprj,5f8aec8c2f070e86d3f9b88edb2873484870fdd02525f5f2c9f4abf75df8e698,Disposable Proteus loader copy,local-only reproducible infrastructure or disposable Proteus state,"preserved on disk, explicitly excluded from Git",**/*_COPY.pdsprj or **/*_GATE.pdsprj
experiments/dil16_mux_terminal_v1_temp_2026_07_13/09_hc157_donor_preflight/local_proteus_gate/G01_74HC157_1X_COLD_OPEN_COPY.pdsprj,proteus/experiments/runs/dil16_mux_terminal_v1_temp_2026_07_13/09_hc157_donor_preflight/local_proteus_gate/G01_74HC157_1X_COLD_OPEN_COPY.pdsprj,0af2ac17cd041b9d99730c72648c9f633a2eaf503e021482fae2949f42656263,Disposable Proteus loader copy,local-only reproducible infrastructure or disposable Proteus state,"preserved on disk, explicitly excluded from Git",**/*_COPY.pdsprj or **/*_GATE.pdsprj
experiments/dil16_mux_terminal_v1_temp_2026_07_13/09_hc157_donor_preflight/local_proteus_gate/G02_74HC157_AUTHORITATIVE_DONOR_COPY.pdsprj,proteus/experiments/runs/dil16_mux_terminal_v1_temp_2026_07_13/09_hc157_donor_preflight/local_proteus_gate/G02_74HC157_AUTHORITATIVE_DONOR_COPY.pdsprj,53079ee0939b2782c8789a6ca63dd4d3bcac8b25bd9c0ef5266681aec698ec34,Disposable Proteus loader copy,local-only reproducible infrastructure or disposable Proteus state,"preserved on disk, explicitly excluded from Git",**/*_COPY.pdsprj or **/*_GATE.pdsprj
experiments/dil16_mux_terminal_v1_temp_2026_07_13/09_hc157_donor_preflight/local_proteus_gate/G03_74HC157_1X_NO_TERMINAL_COPY.pdsprj,proteus/experiments/runs/dil16_mux_terminal_v1_temp_2026_07_13/09_hc157_donor_preflight/local_proteus_gate/G03_74HC157_1X_NO_TERMINAL_COPY.pdsprj,fa064b6398da5100b3fa204b9663eb8f10e85080f3bd9990f5ae7e75b0337630,Disposable Proteus loader copy,local-only reproducible infrastructure or disposable Proteus state,"preserved on disk, explicitly excluded from Git",**/*_COPY.pdsprj or **/*_GATE.pdsprj
experiments/dil16_mux_terminal_v1_temp_2026_07_13/09_hc157_donor_preflight/local_proteus_gate/G04_74HC157_1X_CORRECTED_COLD_OPEN_COPY.pdsprj,proteus/experiments/runs/dil16_mux_terminal_v1_temp_2026_07_13/09_hc157_donor_preflight/local_proteus_gate/G04_74HC157_1X_CORRECTED_COLD_OPEN_COPY.pdsprj,6aa02b19f1b1c71dd119023679d4a4f4139031402b7e30ff4fbf5ce75100edb4,Disposable Proteus loader copy,local-only reproducible infrastructure or disposable Proteus state,"preserved on disk, explicitly excluded from Git",**/*_COPY.pdsprj or **/*_GATE.pdsprj
experiments/dil16_mux_terminal_v1_temp_2026_07_13/09_hc157_donor_preflight/local_proteus_gate/G05_74HC157_1X_FINALIZER_TRIM_COLD_OPEN_COPY.pdsprj,proteus/experiments/runs/dil16_mux_terminal_v1_temp_2026_07_13/09_hc157_donor_preflight/local_proteus_gate/G05_74HC157_1X_FINALIZER_TRIM_COLD_OPEN_COPY.pdsprj,d97ab3cf99a9b1c558c54d488afce24ae71b207984d4bc7a78ec5a139134c64c,Disposable Proteus loader copy,local-only reproducible infrastructure or disposable Proteus state,"preserved on disk, explicitly excluded from Git",**/*_COPY.pdsprj or **/*_GATE.pdsprj
experiments/dil16_mux_terminal_v1_temp_2026_07_13/10_hc157_scale_finalizer_trim/local_proteus_gate/G01_74HC157_9X_COLD_OPEN_COPY.pdsprj,proteus/experiments/runs/dil16_mux_terminal_v1_temp_2026_07_13/10_hc157_scale_finalizer_trim/local_proteus_gate/G01_74HC157_9X_COLD_OPEN_COPY.pdsprj,ea9c7be79915850faa0f4af7f733be5075876d588287d2712da0872a035b0f7f,Disposable Proteus loader copy,local-only reproducible infrastructure or disposable Proteus state,"preserved on disk, explicitly excluded from Git",**/*_COPY.pdsprj or **/*_GATE.pdsprj
experiments/dil16_mux_terminal_v1_temp_2026_07_13/10_hc157_scale_finalizer_trim/local_proteus_gate/G03_74HC157_15X_COLD_OPEN_COPY.pdsprj,proteus/experiments/runs/dil16_mux_terminal_v1_temp_2026_07_13/10_hc157_scale_finalizer_trim/local_proteus_gate/G03_74HC157_15X_COLD_OPEN_COPY.pdsprj,401911ba553c415eec0ba484478f0721fdaa4ca26221fae0eab45296734183ad,Disposable Proteus loader copy,local-only reproducible infrastructure or disposable Proteus state,"preserved on disk, explicitly excluded from Git",**/*_COPY.pdsprj or **/*_GATE.pdsprj
new during reorganization,proteus/experiments/runs/dil16_register_74hc174_terminal_v3_temp_2026_07_15/01_solo_1x/C02_74HC174_1X_NATIVE_CONTACT_sa_GATE_COLD_COPY.pdsprj,880352bb9733f7ad9a480d5d13325bd361d5d3b3111c09f97896674df44d68e9,Disposable Proteus loader copy,local-only reproducible infrastructure or disposable Proteus state,"preserved on disk, explicitly excluded from Git",**/*_COPY.pdsprj or **/*_GATE.pdsprj
new during reorganization,proteus/experiments/runs/dil16_register_74hc174_terminal_v3_temp_2026_07_15/01_solo_1x/C02_74HC174_1X_NATIVE_CONTACT_sa_GATE_NORMAL_COPY.pdsprj,880352bb9733f7ad9a480d5d13325bd361d5d3b3111c09f97896674df44d68e9,Disposable Proteus loader copy,local-only reproducible infrastructure or disposable Proteus state,"preserved on disk, explicitly excluded from Git",**/*_COPY.pdsprj or **/*_GATE.pdsprj
new during reorganization,proteus/experiments/runs/dil16_register_74hc174_terminal_v3_temp_2026_07_15/01_solo_1x/C03_74HC174_1X_GRID_CONTACT_sa_GATE_COLD_COPY.pdsprj,e789be17a9438d789a005e54b502aedb23d7df2282298ece34660f3d6de14682,Disposable Proteus loader copy,local-only reproducible infrastructure or disposable Proteus state,"preserved on disk, explicitly excluded from Git",**/*_COPY.pdsprj or **/*_GATE.pdsprj
new during reorganization,proteus/experiments/runs/dil16_register_74hc174_terminal_v3_temp_2026_07_15/01_solo_1x/C03_74HC174_1X_GRID_CONTACT_sa_GATE_NORMAL_COPY.pdsprj,e789be17a9438d789a005e54b502aedb23d7df2282298ece34660f3d6de14682,Disposable Proteus loader copy,local-only reproducible infrastructure or disposable Proteus state,"preserved on disk, explicitly excluded from Git",**/*_COPY.pdsprj or **/*_GATE.pdsprj
new during reorganization,proteus/experiments/runs/dil16_register_74hc174_terminal_v3_temp_2026_07_15/01_solo_1x/C04_74HC174_1X_COMPLETE_sa_GATE_COLD_COPY.pdsprj,7bc6effef6b0b8aacf2004d2a17f3a09fcd0e4f9341842ed25b5580b389f908e,Disposable Proteus loader copy,local-only reproducible infrastructure or disposable Proteus state,"preserved on disk, explicitly excluded from Git",**/*_COPY.pdsprj or **/*_GATE.pdsprj
new during reorganization,proteus/experiments/runs/dil16_register_74hc174_terminal_v3_temp_2026_07_15/01_solo_1x/C04_74HC174_1X_COMPLETE_sa_GATE_NORMAL_COPY.pdsprj,7bc6effef6b0b8aacf2004d2a17f3a09fcd0e4f9341842ed25b5580b389f908e,Disposable Proteus loader copy,local-only reproducible infrastructure or disposable Proteus state,"preserved on disk, explicitly excluded from Git",**/*_COPY.pdsprj or **/*_GATE.pdsprj
new during reorganization,proteus/experiments/runs/dil16_register_74hc174_terminal_v3_temp_2026_07_15/03_scale_9x_15x/S09_74HC174_9X_COMPLETE_sa_GATE_COLD_COPY.pdsprj,cc6fafc7f0f3dd25525f39b989118c506dced6bf9a688fd92473c5aa49a7c66b,Disposable Proteus loader copy,local-only reproducible infrastructure or disposable Proteus state,"preserved on disk, explicitly excluded from Git",**/*_COPY.pdsprj or **/*_GATE.pdsprj
new during reorganization,proteus/experiments/runs/dil16_register_74hc174_terminal_v3_temp_2026_07_15/03_scale_9x_15x/S09_74HC174_9X_COMPLETE_sa_GATE_NORMAL_COPY.pdsprj,cc6fafc7f0f3dd25525f39b989118c506dced6bf9a688fd92473c5aa49a7c66b,Disposable Proteus loader copy,local-only reproducible infrastructure or disposable Proteus state,"preserved on disk, explicitly excluded from Git",**/*_COPY.pdsprj or **/*_GATE.pdsprj
new during reorganization,proteus/experiments/runs/dil16_register_74hc174_terminal_v3_temp_2026_07_15/03_scale_9x_15x/S15_74HC174_15X_COMPLETE_sa_GATE_COLD_COPY.pdsprj,4761b231402346745391e03393e5df084695c7992bcb33ab50209a04e0c17716,Disposable Proteus loader copy,local-only reproducible infrastructure or disposable Proteus state,"preserved on disk, explicitly excluded from Git",**/*_COPY.pdsprj or **/*_GATE.pdsprj
new during reorganization,proteus/experiments/runs/dil16_register_74hc174_terminal_v3_temp_2026_07_15/03_scale_9x_15x/S15_74HC174_15X_COMPLETE_sa_GATE_NORMAL_COPY.pdsprj,4761b231402346745391e03393e5df084695c7992bcb33ab50209a04e0c17716,Disposable Proteus loader copy,local-only reproducible infrastructure or disposable Proteus state,"preserved on disk, explicitly excluded from Git",**/*_COPY.pdsprj or **/*_GATE.pdsprj
new during reorganization,proteus/experiments/runs/dil8_analog_lm741_terminal_v3_temp_2026_07_15/01_solo_1x/C02_LM741_1X_NATIVE_CONTACT_sa_GATE_COLD_COPY.pdsprj,bc264d7363989d2321d85f463877b86d23c941f84317cb8ba2072b13711caf06,Disposable Proteus loader copy,local-only reproducible infrastructure or disposable Proteus state,"preserved on disk, explicitly excluded from Git",**/*_COPY.pdsprj or **/*_GATE.pdsprj
new during reorganization,proteus/experiments/runs/dil8_analog_lm741_terminal_v3_temp_2026_07_15/01_solo_1x/C02_LM741_1X_NATIVE_CONTACT_sa_GATE_NORMAL_COPY.pdsprj,bc264d7363989d2321d85f463877b86d23c941f84317cb8ba2072b13711caf06,Disposable Proteus loader copy,local-only reproducible infrastructure or disposable Proteus state,"preserved on disk, explicitly excluded from Git",**/*_COPY.pdsprj or **/*_GATE.pdsprj
new during reorganization,proteus/experiments/runs/dil8_analog_lm741_terminal_v3_temp_2026_07_15/01_solo_1x/C03_LM741_1X_GRID_CONTACT_sa_GATE_COLD_COPY.pdsprj,2912d50097110b1c523d374ebdc56624ef2b61d270909996986417fe8b3d30a0,Disposable Proteus loader copy,local-only reproducible infrastructure or disposable Proteus state,"preserved on disk, explicitly excluded from Git",**/*_COPY.pdsprj or **/*_GATE.pdsprj
new during reorganization,proteus/experiments/runs/dil8_analog_lm741_terminal_v3_temp_2026_07_15/01_solo_1x/C03_LM741_1X_GRID_CONTACT_sa_GATE_NORMAL_COPY.pdsprj,2912d50097110b1c523d374ebdc56624ef2b61d270909996986417fe8b3d30a0,Disposable Proteus loader copy,local-only reproducible infrastructure or disposable Proteus state,"preserved on disk, explicitly excluded from Git",**/*_COPY.pdsprj or **/*_GATE.pdsprj
new during reorganization,proteus/experiments/runs/dil8_analog_lm741_terminal_v3_temp_2026_07_15/01_solo_1x/C04_LM741_1X_COMPLETE_sa_GATE_COLD_COPY.pdsprj,1941ac495fca6df21c7f5a1c8b334a25e80ec1510dbc71d0c51a5084be4b5065,Disposable Proteus loader copy,local-only reproducible infrastructure or disposable Proteus state,"preserved on disk, explicitly excluded from Git",**/*_COPY.pdsprj or **/*_GATE.pdsprj
new during reorganization,proteus/experiments/runs/dil8_analog_lm741_terminal_v3_temp_2026_07_15/01_solo_1x/C04_LM741_1X_COMPLETE_sa_GATE_NORMAL_COPY.pdsprj,1941ac495fca6df21c7f5a1c8b334a25e80ec1510dbc71d0c51a5084be4b5065,Disposable Proteus loader copy,local-only reproducible infrastructure or disposable Proteus state,"preserved on disk, explicitly excluded from Git",**/*_COPY.pdsprj or **/*_GATE.pdsprj
new during reorganization,proteus/experiments/runs/dil8_analog_lm741_terminal_v3_temp_2026_07_15/03_scale_9x_15x/S09_LM741_9X_COMPLETE_sa_GATE_COLD_COPY.pdsprj,3d85335e9780ab89c8a4afad95578a18b07b3cfffa4349eb16aaefae4e7ba9be,Disposable Proteus loader copy,local-only reproducible infrastructure or disposable Proteus state,"preserved on disk, explicitly excluded from Git",**/*_COPY.pdsprj or **/*_GATE.pdsprj
new during reorganization,proteus/experiments/runs/dil8_analog_lm741_terminal_v3_temp_2026_07_15/03_scale_9x_15x/S09_LM741_9X_COMPLETE_sa_GATE_NORMAL_COPY.pdsprj,3d85335e9780ab89c8a4afad95578a18b07b3cfffa4349eb16aaefae4e7ba9be,Disposable Proteus loader copy,local-only reproducible infrastructure or disposable Proteus state,"preserved on disk, explicitly excluded from Git",**/*_COPY.pdsprj or **/*_GATE.pdsprj
new during reorganization,proteus/experiments/runs/dil8_analog_lm741_terminal_v3_temp_2026_07_15/03_scale_9x_15x/S15_LM741_15X_COMPLETE_sa_GATE_COLD_COPY.pdsprj,cbd683ba41975e235192ddf97e78e776ffd8047792d0f1bf0715106092f2962b,Disposable Proteus loader copy,local-only reproducible infrastructure or disposable Proteus state,"preserved on disk, explicitly excluded from Git",**/*_COPY.pdsprj or **/*_GATE.pdsprj
new during reorganization,proteus/experiments/runs/dil8_analog_lm741_terminal_v3_temp_2026_07_15/03_scale_9x_15x/S15_LM741_15X_COMPLETE_sa_GATE_NORMAL_COPY.pdsprj,cbd683ba41975e235192ddf97e78e776ffd8047792d0f1bf0715106092f2962b,Disposable Proteus loader copy,local-only reproducible infrastructure or disposable Proteus state,"preserved on disk, explicitly excluded from Git",**/*_COPY.pdsprj or **/*_GATE.pdsprj
new during reorganization,proteus/experiments/runs/dil8_analog_ne555_terminal_v3_temp_2026_07_15/01_solo_1x/C02_NE555_1X_NATIVE_CONTACT_sa_GATE_COLD_COPY.pdsprj,be6317b220464ff9451276061d773a36778e63214166177036261dbd35c5b278,Disposable Proteus loader copy,local-only reproducible infrastructure or disposable Proteus state,"preserved on disk, explicitly excluded from Git",**/*_COPY.pdsprj or **/*_GATE.pdsprj
new during reorganization,proteus/experiments/runs/dil8_analog_ne555_terminal_v3_temp_2026_07_15/01_solo_1x/C02_NE555_1X_NATIVE_CONTACT_sa_GATE_NORMAL_COPY.pdsprj,be6317b220464ff9451276061d773a36778e63214166177036261dbd35c5b278,Disposable Proteus loader copy,local-only reproducible infrastructure or disposable Proteus state,"preserved on disk, explicitly excluded from Git",**/*_COPY.pdsprj or **/*_GATE.pdsprj
new during reorganization,proteus/experiments/runs/dil8_analog_ne555_terminal_v3_temp_2026_07_15/01_solo_1x/C03_NE555_1X_GRID_CONTACT_sa_GATE_COLD_COPY.pdsprj,cf1a7b464a7b7a4689bd718302ccc4987a344eaebe78f5f95947fd4fa8807c09,Disposable Proteus loader copy,local-only reproducible infrastructure or disposable Proteus state,"preserved on disk, explicitly excluded from Git",**/*_COPY.pdsprj or **/*_GATE.pdsprj
new during reorganization,proteus/experiments/runs/dil8_analog_ne555_terminal_v3_temp_2026_07_15/01_solo_1x/C03_NE555_1X_GRID_CONTACT_sa_GATE_NORMAL_COPY.pdsprj,cf1a7b464a7b7a4689bd718302ccc4987a344eaebe78f5f95947fd4fa8807c09,Disposable Proteus loader copy,local-only reproducible infrastructure or disposable Proteus state,"preserved on disk, explicitly excluded from Git",**/*_COPY.pdsprj or **/*_GATE.pdsprj
new during reorganization,proteus/experiments/runs/dil8_analog_ne555_terminal_v3_temp_2026_07_15/01_solo_1x/C04_NE555_1X_COMPLETE_sa_GATE_COLD_COPY.pdsprj,e3b4bed7222d5a06281ee503f919b2e8d216350e7ca509461339e8f343e74d8d,Disposable Proteus loader copy,local-only reproducible infrastructure or disposable Proteus state,"preserved on disk, explicitly excluded from Git",**/*_COPY.pdsprj or **/*_GATE.pdsprj
new during reorganization,proteus/experiments/runs/dil8_analog_ne555_terminal_v3_temp_2026_07_15/01_solo_1x/C04_NE555_1X_COMPLETE_sa_GATE_NORMAL_COPY.pdsprj,e3b4bed7222d5a06281ee503f919b2e8d216350e7ca509461339e8f343e74d8d,Disposable Proteus loader copy,local-only reproducible infrastructure or disposable Proteus state,"preserved on disk, explicitly excluded from Git",**/*_COPY.pdsprj or **/*_GATE.pdsprj
new during reorganization,proteus/experiments/runs/dil8_analog_ne555_terminal_v3_temp_2026_07_15/03_scale_9x_15x/S09_NE555_9X_COMPLETE_sa_GATE_COLD_COPY.pdsprj,e84951155cca28797ec025b90b580d19210c4279ae7c065e0d57121e8518461b,Disposable Proteus loader copy,local-only reproducible infrastructure or disposable Proteus state,"preserved on disk, explicitly excluded from Git",**/*_COPY.pdsprj or **/*_GATE.pdsprj
new during reorganization,proteus/experiments/runs/dil8_analog_ne555_terminal_v3_temp_2026_07_15/03_scale_9x_15x/S09_NE555_9X_COMPLETE_sa_GATE_NORMAL_COPY.pdsprj,e84951155cca28797ec025b90b580d19210c4279ae7c065e0d57121e8518461b,Disposable Proteus loader copy,local-only reproducible infrastructure or disposable Proteus state,"preserved on disk, explicitly excluded from Git",**/*_COPY.pdsprj or **/*_GATE.pdsprj
new during reorganization,proteus/experiments/runs/dil8_analog_ne555_terminal_v3_temp_2026_07_15/03_scale_9x_15x/S15_NE555_15X_COMPLETE_sa_GATE_COLD_COPY.pdsprj,5a404c72d0eb47bf0b9cd239ecdbe170a5157367f7c74f844afc8b0d6189f3ba,Disposable Proteus loader copy,local-only reproducible infrastructure or disposable Proteus state,"preserved on disk, explicitly excluded from Git",**/*_COPY.pdsprj or **/*_GATE.pdsprj
new during reorganization,proteus/experiments/runs/dil8_analog_ne555_terminal_v3_temp_2026_07_15/03_scale_9x_15x/S15_NE555_15X_COMPLETE_sa_GATE_NORMAL_COPY.pdsprj,5a404c72d0eb47bf0b9cd239ecdbe170a5157367f7c74f844afc8b0d6189f3ba,Disposable Proteus loader copy,local-only reproducible infrastructure or disposable Proteus state,"preserved on disk, explicitly excluded from Git",**/*_COPY.pdsprj or **/*_GATE.pdsprj
new during reorganization,proteus/experiments/runs/display_terminal_repair_staged_v3_temp_2026_07_15/S01_7SEG_COM_AN_BLUE_1X/04_local_proteus_gate/AN_COMPLETE_COLD_COPY.pdsprj,fcd00d2eb9e70f0a5564cd1a067810bd36e85972c310fd45ebb81e5bb41cd0a2,Disposable Proteus loader copy,local-only reproducible infrastructure or disposable Proteus state,"preserved on disk, explicitly excluded from Git",**/*_COPY.pdsprj or **/*_GATE.pdsprj
new during reorganization,proteus/experiments/runs/display_terminal_repair_staged_v3_temp_2026_07_15/S01_7SEG_COM_AN_BLUE_1X/04_local_proteus_gate/AN_COMPLETE_NORMAL_COPY.pdsprj,fcd00d2eb9e70f0a5564cd1a067810bd36e85972c310fd45ebb81e5bb41cd0a2,Disposable Proteus loader copy,local-only reproducible infrastructure or disposable Proteus state,"preserved on disk, explicitly excluded from Git",**/*_COPY.pdsprj or **/*_GATE.pdsprj
new during reorganization,proteus/experiments/runs/display_terminal_repair_staged_v3_temp_2026_07_15/S01_7SEG_COM_AN_BLUE_1X/04_local_proteus_gate/AN_GRID_NORMAL_COPY.pdsprj,fcd00d2eb9e70f0a5564cd1a067810bd36e85972c310fd45ebb81e5bb41cd0a2,Disposable Proteus loader copy,local-only reproducible infrastructure or disposable Proteus state,"preserved on disk, explicitly excluded from Git",**/*_COPY.pdsprj or **/*_GATE.pdsprj
new during reorganization,proteus/experiments/runs/display_terminal_repair_staged_v3_temp_2026_07_15/S01_7SEG_COM_AN_BLUE_1X/04_local_proteus_gate/AN_NATIVE_NORMAL_COPY.pdsprj,8114e6911a6bb6508192b114f1612061d6aa7b2ade49f1d5622655581c8b33d8,Disposable Proteus loader copy,local-only reproducible infrastructure or disposable Proteus state,"preserved on disk, explicitly excluded from Git",**/*_COPY.pdsprj or **/*_GATE.pdsprj
new during reorganization,proteus/experiments/runs/display_terminal_repair_staged_v3_temp_2026_07_15/S01_7SEG_COM_AN_BLUE_1X/S01_7SEG_COM_AN_BLUE_1X_COMPLETE_sa.pdsprj.Vincero.Empty.workspace,4cbeecfcdab5347b5c34c3498201f77bd76bd1b12fd74a5971f74ee6a1177c52,Proteus workspace sidecar,local-only reproducible infrastructure or disposable Proteus state,"preserved on disk, explicitly excluded from Git",*.workspace
new during reorganization,proteus/experiments/runs/display_terminal_repair_staged_v3_temp_2026_07_15/S02_7SEG_COM_CAT_BLUE_1X/04_local_proteus_gate/CAT_COMPLETE_COLD_COPY.pdsprj,b70d183462385381a1449680ceced211c8234a7c3a5d621ab214917124ca5869,Disposable Proteus loader copy,local-only reproducible infrastructure or disposable Proteus state,"preserved on disk, explicitly excluded from Git",**/*_COPY.pdsprj or **/*_GATE.pdsprj
new during reorganization,proteus/experiments/runs/display_terminal_repair_staged_v3_temp_2026_07_15/S02_7SEG_COM_CAT_BLUE_1X/04_local_proteus_gate/CAT_COMPLETE_NORMAL_COPY.pdsprj,b70d183462385381a1449680ceced211c8234a7c3a5d621ab214917124ca5869,Disposable Proteus loader copy,local-only reproducible infrastructure or disposable Proteus state,"preserved on disk, explicitly excluded from Git",**/*_COPY.pdsprj or **/*_GATE.pdsprj
new during reorganization,proteus/experiments/runs/display_terminal_repair_staged_v3_temp_2026_07_15/S02_7SEG_COM_CAT_BLUE_1X/04_local_proteus_gate/CAT_GRID_NORMAL_COPY.pdsprj,b70d183462385381a1449680ceced211c8234a7c3a5d621ab214917124ca5869,Disposable Proteus loader copy,local-only reproducible infrastructure or disposable Proteus state,"preserved on disk, explicitly excluded from Git",**/*_COPY.pdsprj or **/*_GATE.pdsprj
new during reorganization,proteus/experiments/runs/display_terminal_repair_staged_v3_temp_2026_07_15/S02_7SEG_COM_CAT_BLUE_1X/04_local_proteus_gate/CAT_NATIVE_NORMAL_COPY.pdsprj,1ab4869d23cf4b33e73e5b5eac72f652349959872258230f84b79b49b020c6db,Disposable Proteus loader copy,local-only reproducible infrastructure or disposable Proteus state,"preserved on disk, explicitly excluded from Git",**/*_COPY.pdsprj or **/*_GATE.pdsprj
new during reorganization,proteus/experiments/runs/display_terminal_repair_staged_v3_temp_2026_07_15/S02_7SEG_COM_CAT_BLUE_1X/S02_7SEG_COM_CAT_BLUE_1X_COMPLETE_sa.pdsprj.Vincero.Empty.workspace,5cdeda0e0dfa361ea1809013338eefb382e84fd5707b13b1cbddec73413de044,Proteus workspace sidecar,local-only reproducible infrastructure or disposable Proteus state,"preserved on disk, explicitly excluded from Git",*.workspace
new during reorganization,"proteus/experiments/runs/frozen_43_family_mix_matrix_v1_temp_2026_07_16/00_user_editable_compact_43f/Project Backups/U00_43F_ACCEPTED_TERMINALIZED_USER_MULTIPLY [20260716, 13-39-20].pdsprj",1469ef89cd4b318efb3a7d42ec2a828db1b5d7499c6def7b00ad7fe8760b91be,Proteus application backup,local-only reproducible infrastructure or disposable Proteus state,"preserved on disk, explicitly excluded from Git",**/Project Backups/
new during reorganization,"proteus/experiments/runs/frozen_43_family_mix_matrix_v1_temp_2026_07_16/00_user_editable_compact_43f/Project Backups/U00_43F_ACCEPTED_TERMINALIZED_USER_MULTIPLY [20260716, 13-39-21].pdsprj",1566501285228d3314f697dcef1e45c5cca750324c8822f0f176b5d4561c1a1e,Proteus application backup,local-only reproducible infrastructure or disposable Proteus state,"preserved on disk, explicitly excluded from Git",**/Project Backups/
new during reorganization,"proteus/experiments/runs/frozen_43_family_mix_matrix_v1_temp_2026_07_16/00_user_editable_compact_43f/Project Backups/U00_43F_ACCEPTED_TERMINALIZED_USER_MULTIPLY [20260716, 13-40-28].pdsprj",440560aee23b15bc8e499abe653deb9041055a3eaa02a4830860a9cac9513c8f,Proteus application backup,local-only reproducible infrastructure or disposable Proteus state,"preserved on disk, explicitly excluded from Git",**/Project Backups/
new during reorganization,"proteus/experiments/runs/frozen_43_family_mix_matrix_v1_temp_2026_07_16/00_user_editable_compact_43f/Project Backups/U00_43F_ACCEPTED_TERMINALIZED_USER_MULTIPLY [20260716, 13-40-29].pdsprj",3748d020eef2e8bda259fd0388fd74b52a9f50fe59824959d086d1e48f21fe81,Proteus application backup,local-only reproducible infrastructure or disposable Proteus state,"preserved on disk, explicitly excluded from Git",**/Project Backups/
new during reorganization,proteus/experiments/runs/frozen_43_family_mix_matrix_v1_temp_2026_07_16/00_user_editable_compact_43f/U00_43F_ACCEPTED_TERMINALIZED_USER_MULTIPLY.pdsprj.Vincero.Empty.workspace,30b38d8ce31354b0fbc3a5715b74f48fc6f54d8f80f1b401a34343faed724993,Proteus workspace sidecar,local-only reproducible infrastructure or disposable Proteus state,"preserved on disk, explicitly excluded from Git",*.workspace
new during reorganization,proteus/experiments/runs/frozen_43_family_mix_matrix_v1_temp_2026_07_16/00_user_editable_compact_43f/local_proteus_gate/U00_43F_USER_3X_NORMAL_GATE_COPY.pdsprj,3748d020eef2e8bda259fd0388fd74b52a9f50fe59824959d086d1e48f21fe81,Disposable Proteus loader copy,local-only reproducible infrastructure or disposable Proteus state,"preserved on disk, explicitly excluded from Git",**/*_COPY.pdsprj or **/*_GATE.pdsprj
new during reorganization,proteus/experiments/runs/frozen_43_family_mix_matrix_v1_temp_2026_07_16/01_uniform_3x/U01_43F_UNIFORM_3X_GATE_COPY.pdsprj,bd24592c9193b8bb8e2bb45a15c63d9add347f40d4e1fb441c29f980ca4d4b80,Disposable Proteus loader copy,local-only reproducible infrastructure or disposable Proteus state,"preserved on disk, explicitly excluded from Git",**/*_COPY.pdsprj or **/*_GATE.pdsprj
new during reorganization,proteus/experiments/runs/frozen_43_family_mix_matrix_v1_temp_2026_07_16/02_original_order_full_pointer_3x/diagnostics/family_domain_isolation_v2/local_proteus_gate/D01_NATIVE_PLUS_POT_NORMAL_GATE_COPY.pdsprj,8c1883926bd3aecd10ba042117d4a2f1a7e100fe25311efb368f69ce06250035,Disposable Proteus loader copy,local-only reproducible infrastructure or disposable Proteus state,"preserved on disk, explicitly excluded from Git",**/*_COPY.pdsprj or **/*_GATE.pdsprj
new during reorganization,proteus/experiments/runs/frozen_43_family_mix_matrix_v1_temp_2026_07_16/02_original_order_full_pointer_3x/diagnostics/family_domain_isolation_v2/local_proteus_gate/D03_NATIVE_PLUS_POT_LEGACY_NORMAL_GATE_COPY.pdsprj,cf16e697a9a5c852753dbe430727cedc60696eecc3c16796f17243c91ddab0a8,Disposable Proteus loader copy,local-only reproducible infrastructure or disposable Proteus state,"preserved on disk, explicitly excluded from Git",**/*_COPY.pdsprj or **/*_GATE.pdsprj
new during reorganization,proteus/experiments/runs/frozen_43_family_mix_matrix_v1_temp_2026_07_16/02_original_order_full_pointer_3x/diagnostics/family_domain_isolation_v2/local_proteus_gate/D04_NATIVE_PLUS_POT_ONLY_LEGACY_NORMAL_GATE_COPY.pdsprj,0d6cd7fb89cba1eb8c9dfdf6b5f0473f5849540e735a239e6f4647958e29ef38,Disposable Proteus loader copy,local-only reproducible infrastructure or disposable Proteus state,"preserved on disk, explicitly excluded from Git",**/*_COPY.pdsprj or **/*_GATE.pdsprj
new during reorganization,proteus/experiments/runs/frozen_43_family_mix_matrix_v1_temp_2026_07_16/02_original_order_full_pointer_3x/diagnostics/family_domain_isolation_v2/local_proteus_gate/D05_CAP_POT_ONLY_LEGACY_NORMAL_GATE_COPY.pdsprj,5fe9785282bc41a02c8927367a560cc751dd69ef3022566ef9bc8fb44e01e60d,Disposable Proteus loader copy,local-only reproducible infrastructure or disposable Proteus state,"preserved on disk, explicitly excluded from Git",**/*_COPY.pdsprj or **/*_GATE.pdsprj
new during reorganization,proteus/experiments/runs/frozen_43_family_mix_matrix_v1_temp_2026_07_16/02_original_order_full_pointer_3x/diagnostics/family_domain_isolation_v2/local_proteus_gate/D06_CAP_POT_ONLY_1X_BARE_NORMAL_GATE_COPY.pdsprj,38a65536588a1326402cef5fa6c5390b51700c427e8ffecf4fb54911e979227e,Disposable Proteus loader copy,local-only reproducible infrastructure or disposable Proteus state,"preserved on disk, explicitly excluded from Git",**/*_COPY.pdsprj or **/*_GATE.pdsprj
new during reorganization,proteus/experiments/runs/frozen_43_family_mix_matrix_v1_temp_2026_07_16/02_original_order_full_pointer_3x/diagnostics/family_domain_isolation_v2/local_proteus_gate/D06_CAP_POT_ONLY_1X_LEGACY_NORMAL_GATE_COPY.pdsprj,17828f314995b07a593f546b07a94ed651c021e9de3b7c6f22ac77a018f63a9b,Disposable Proteus loader copy,local-only reproducible infrastructure or disposable Proteus state,"preserved on disk, explicitly excluded from Git",**/*_COPY.pdsprj or **/*_GATE.pdsprj
new during reorganization,proteus/experiments/runs/frozen_43_family_mix_matrix_v1_temp_2026_07_16/02_original_order_full_pointer_3x/diagnostics/family_domain_isolation_v2/local_proteus_gate/D07_RES_CAP_POT_ONLY_1X_LEGACY_NORMAL_GATE_COPY.pdsprj,8323403f11dcac2d37109356b65e289e02ff0b2a717e0224441cb010e2a64755,Disposable Proteus loader copy,local-only reproducible infrastructure or disposable Proteus state,"preserved on disk, explicitly excluded from Git",**/*_COPY.pdsprj or **/*_GATE.pdsprj
new during reorganization,proteus/experiments/runs/frozen_43_family_mix_matrix_v1_temp_2026_07_16/02_original_order_full_pointer_3x/diagnostics/family_domain_isolation_v2/local_proteus_gate/D08_CAP_POT_ONLY_1X_CAP_0100_NORMAL_GATE_COPY.pdsprj,38e589e5ed8c1aa45aeb3aaf1007a623422f37afe6aea77b5db9980c35637c9d,Disposable Proteus loader copy,local-only reproducible infrastructure or disposable Proteus state,"preserved on disk, explicitly excluded from Git",**/*_COPY.pdsprj or **/*_GATE.pdsprj
new during reorganization,proteus/experiments/runs/frozen_43_family_mix_matrix_v1_temp_2026_07_16/02_original_order_full_pointer_3x/diagnostics/local_proteus_gate/U02_FULLPTR_SINGLE_FINALIZER_NORMAL_GATE_COPY.pdsprj,69c1c536c73d0044b9329f87c1b9202fac4cdd37bd969143c81929e4dd0be6b5,Disposable Proteus loader copy,local-only reproducible infrastructure or disposable Proteus state,"preserved on disk, explicitly excluded from Git",**/*_COPY.pdsprj or **/*_GATE.pdsprj
new during reorganization,proteus/experiments/runs/frozen_43_family_mix_matrix_v1_temp_2026_07_16/02_original_order_full_pointer_3x/local_proteus_gate/U02_43F_ORIGINAL_ORDER_FULLPTR_3X_NORMAL_GATE_COPY.pdsprj,8a5d8dc13134bd50f104e1f402b5e1422e083b296657b05efb58f8ca31962359,Disposable Proteus loader copy,local-only reproducible infrastructure or disposable Proteus state,"preserved on disk, explicitly excluded from Git",**/*_COPY.pdsprj or **/*_GATE.pdsprj
new during reorganization,proteus/experiments/runs/frozen_43_family_mix_matrix_v1_temp_2026_07_16/03_cap_prefix_separator_repair/local_proteus_gate/D09_CAP_POT_ONLY_1X_COLD_REOPEN_GATE_COPY.pdsprj,306cca9127e8c54a388f73e23b39f0e0356034c3a6196763eaf89d86fce0588f,Disposable Proteus loader copy,local-only reproducible infrastructure or disposable Proteus state,"preserved on disk, explicitly excluded from Git",**/*_COPY.pdsprj or **/*_GATE.pdsprj
new during reorganization,proteus/experiments/runs/frozen_43_family_mix_matrix_v1_temp_2026_07_16/03_cap_prefix_separator_repair/local_proteus_gate/D09_CAP_POT_ONLY_1X_NORMAL_GATE_COPY.pdsprj,306cca9127e8c54a388f73e23b39f0e0356034c3a6196763eaf89d86fce0588f,Disposable Proteus loader copy,local-only reproducible infrastructure or disposable Proteus state,"preserved on disk, explicitly excluded from Git",**/*_COPY.pdsprj or **/*_GATE.pdsprj
new during reorganization,proteus/experiments/runs/frozen_43_family_mix_matrix_v1_temp_2026_07_16/04_original_order_legacy_retest/local_proteus_gate/U11_43F_ORIGINAL_ORDER_LEGACY_1X_COLD_REOPEN_GATE_COPY.pdsprj,8c4bef35d257dada66ffccf826221071b2d5063943d709f77f5571a4c33ff2b9,Disposable Proteus loader copy,local-only reproducible infrastructure or disposable Proteus state,"preserved on disk, explicitly excluded from Git",**/*_COPY.pdsprj or **/*_GATE.pdsprj
new during reorganization,proteus/experiments/runs/frozen_43_family_mix_matrix_v1_temp_2026_07_16/04_original_order_legacy_retest/local_proteus_gate/U11_43F_ORIGINAL_ORDER_LEGACY_1X_NORMAL_GATE_COPY.pdsprj,8c4bef35d257dada66ffccf826221071b2d5063943d709f77f5571a4c33ff2b9,Disposable Proteus loader copy,local-only reproducible infrastructure or disposable Proteus state,"preserved on disk, explicitly excluded from Git",**/*_COPY.pdsprj or **/*_GATE.pdsprj
new during reorganization,proteus/experiments/runs/frozen_43_family_mix_matrix_v1_temp_2026_07_16/04_original_order_legacy_retest/local_proteus_gate/U12_43F_ORIGINAL_ORDER_LEGACY_3X_COLD_REOPEN_GATE_COPY.pdsprj,bd24592c9193b8bb8e2bb45a15c63d9add347f40d4e1fb441c29f980ca4d4b80,Disposable Proteus loader copy,local-only reproducible infrastructure or disposable Proteus state,"preserved on disk, explicitly excluded from Git",**/*_COPY.pdsprj or **/*_GATE.pdsprj
new during reorganization,proteus/experiments/runs/frozen_43_family_mix_matrix_v1_temp_2026_07_16/04_original_order_legacy_retest/local_proteus_gate/U12_43F_ORIGINAL_ORDER_LEGACY_3X_DETAILED_GATE_COPY.pdsprj,bd24592c9193b8bb8e2bb45a15c63d9add347f40d4e1fb441c29f980ca4d4b80,Disposable Proteus loader copy,local-only reproducible infrastructure or disposable Proteus state,"preserved on disk, explicitly excluded from Git",**/*_COPY.pdsprj or **/*_GATE.pdsprj
new during reorganization,proteus/experiments/runs/frozen_43_family_mix_matrix_v1_temp_2026_07_16/04_original_order_legacy_retest/local_proteus_gate/U12_43F_ORIGINAL_ORDER_LEGACY_3X_DISMISS_DIAGNOSTIC_COPY.pdsprj,bd24592c9193b8bb8e2bb45a15c63d9add347f40d4e1fb441c29f980ca4d4b80,Disposable Proteus loader copy,local-only reproducible infrastructure or disposable Proteus state,"preserved on disk, explicitly excluded from Git",**/*_COPY.pdsprj or **/*_GATE.pdsprj
new during reorganization,proteus/experiments/runs/frozen_43_family_mix_matrix_v1_temp_2026_07_16/04_original_order_legacy_retest/local_proteus_gate/U12_43F_ORIGINAL_ORDER_LEGACY_3X_NORMAL_GATE_COPY.pdsprj,bd24592c9193b8bb8e2bb45a15c63d9add347f40d4e1fb441c29f980ca4d4b80,Disposable Proteus loader copy,local-only reproducible infrastructure or disposable Proteus state,"preserved on disk, explicitly excluded from Git",**/*_COPY.pdsprj or **/*_GATE.pdsprj
new during reorganization,proteus/experiments/runs/frozen_43_family_mix_matrix_v1_temp_2026_07_16/04_original_order_legacy_retest/local_proteus_gate/U13_43F_ORIGINAL_ORDER_BARE_3X_GATE_COPY.pdsprj,cd8773764e5c0505be4675c862ac3539811b74d49c6bc7cf341ab99311336ed7,Disposable Proteus loader copy,local-only reproducible infrastructure or disposable Proteus state,"preserved on disk, explicitly excluded from Git",**/*_COPY.pdsprj or **/*_GATE.pdsprj
new during reorganization,proteus/experiments/runs/frozen_43_family_mix_matrix_v1_temp_2026_07_16/04_original_order_legacy_retest/local_proteus_gate/U14_43F_ORIGINAL_ORDER_FULLPTR_3X_GATE_COPY.pdsprj,8a5d8dc13134bd50f104e1f402b5e1422e083b296657b05efb58f8ca31962359,Disposable Proteus loader copy,local-only reproducible infrastructure or disposable Proteus state,"preserved on disk, explicitly excluded from Git",**/*_COPY.pdsprj or **/*_GATE.pdsprj
new during reorganization,proteus/experiments/runs/frozen_43_family_mix_matrix_v1_temp_2026_07_16/05_original_order_fullpointer_postcap/U15_43F_ORIGINAL_ORDER_FULLPTR_POSTCAP_3X_GATE_COPY.pdsprj,8a5d8dc13134bd50f104e1f402b5e1422e083b296657b05efb58f8ca31962359,Disposable Proteus loader copy,local-only reproducible infrastructure or disposable Proteus state,"preserved on disk, explicitly excluded from Git",**/*_COPY.pdsprj or **/*_GATE.pdsprj
new during reorganization,proteus/experiments/runs/frozen_43_family_mix_matrix_v1_temp_2026_07_16/06_pointer_field_matrix/V01_TERMINAL_FULL_COMPONENT_LEGACY_GATE_COPY.pdsprj,b3d10cccfd73c8a383ac7000a83acc86332a589e08008d700bddef03c6764b34,Disposable Proteus loader copy,local-only reproducible infrastructure or disposable Proteus state,"preserved on disk, explicitly excluded from Git",**/*_COPY.pdsprj or **/*_GATE.pdsprj
new during reorganization,proteus/experiments/runs/frozen_43_family_mix_matrix_v1_temp_2026_07_16/06_pointer_field_matrix/V02_TERMINAL_LEGACY_COMPONENT_FULL_GATE_COPY.pdsprj,366e8a116ec29be523a0c8e96d83a0a3f7679342400d78a329ec8dc74c846536,Disposable Proteus loader copy,local-only reproducible infrastructure or disposable Proteus state,"preserved on disk, explicitly excluded from Git",**/*_COPY.pdsprj or **/*_GATE.pdsprj
new during reorganization,proteus/experiments/runs/frozen_43_family_mix_matrix_v1_temp_2026_07_16/06_pointer_field_matrix/V03_ORIGINAL_0100_CLASS_LEGACY_GATE_COPY.pdsprj,d7a2016a7b9a93dbcf877759f3bc4f44a57768b06873aa3171dbc140567017fc,Disposable Proteus loader copy,local-only reproducible infrastructure or disposable Proteus state,"preserved on disk, explicitly excluded from Git",**/*_COPY.pdsprj or **/*_GATE.pdsprj
new during reorganization,proteus/experiments/runs/frozen_43_family_mix_matrix_v1_temp_2026_07_16/06_pointer_field_matrix/V04_FULLPTR_WITH_ORIGINAL_FULL_CDB_GATE_COPY.pdsprj,9ee27363e8f42444b0b2ce2d499552ba7307f3b48712a57a328abb0ce1430982,Disposable Proteus loader copy,local-only reproducible infrastructure or disposable Proteus state,"preserved on disk, explicitly excluded from Git",**/*_COPY.pdsprj or **/*_GATE.pdsprj
new during reorganization,proteus/experiments/runs/frozen_43_family_mix_matrix_v1_temp_2026_07_16/06_pointer_field_matrix/V05_FULLPTR_MANUAL_00FF_FINALIZER_GATE_COPY.pdsprj,1e4f55af5fc8021056402cd2d911e4d0150291615a1f3a236f93ed3d5d7ca9e0,Disposable Proteus loader copy,local-only reproducible infrastructure or disposable Proteus state,"preserved on disk, explicitly excluded from Git",**/*_COPY.pdsprj or **/*_GATE.pdsprj
new during reorganization,proteus/experiments/runs/frozen_43_family_mix_matrix_v1_temp_2026_07_16/17_switch_bare_full_mix/U19_43F_SWITCH_BARE_3X_TERMINALIZED_COLD_GATE_COPY.pdsprj,117d7f942aba828cf37fe4b8f361af2045899e0a53a0078e43e4149b78d66cea,Disposable Proteus loader copy,local-only reproducible infrastructure or disposable Proteus state,"preserved on disk, explicitly excluded from Git",**/*_COPY.pdsprj or **/*_GATE.pdsprj
experiments/inductor_v2_suffix_temp_2026_05_31/IND_V2_T01_DONOR02_REPACK_EXACT/IND_V2_T01_DONOR02_REPACK_EXACT.pdsprj.M_TAHABINZAEEM.tahab.workspace,proteus/experiments/runs/inductor_v2_suffix_temp_2026_05_31/IND_V2_T01_DONOR02_REPACK_EXACT/IND_V2_T01_DONOR02_REPACK_EXACT.pdsprj.M_TAHABINZAEEM.tahab.workspace,1f0f40e3539f6ab873bc2ba6890671dfacf41a8de9af015139b50e8b3a17f22b,Proteus workspace sidecar,local-only reproducible infrastructure or disposable Proteus state,"preserved on disk, explicitly excluded from Git",*.workspace
experiments/inductor_v2_suffix_temp_2026_05_31/IND_V2_T02_E001_DONOR02_EXACT_CHUNK/IND_V2_T02_E001_DONOR02_EXACT_CHUNK.pdsprj.M_TAHABINZAEEM.tahab.workspace,proteus/experiments/runs/inductor_v2_suffix_temp_2026_05_31/IND_V2_T02_E001_DONOR02_EXACT_CHUNK/IND_V2_T02_E001_DONOR02_EXACT_CHUNK.pdsprj.M_TAHABINZAEEM.tahab.workspace,c914480f414f3e95776c2e96ccc79205c5498126e638ff7f21f7d39eed200cf3,Proteus workspace sidecar,local-only reproducible infrastructure or disposable Proteus state,"preserved on disk, explicitly excluded from Git",*.workspace
experiments/inductor_v2_suffix_temp_2026_05_31/IND_V2_T03_SUFFIX_PRESERVED_SINGLE/IND_V2_T03_SUFFIX_PRESERVED_SINGLE.pdsprj.M_TAHABINZAEEM.tahab.workspace,proteus/experiments/runs/inductor_v2_suffix_temp_2026_05_31/IND_V2_T03_SUFFIX_PRESERVED_SINGLE/IND_V2_T03_SUFFIX_PRESERVED_SINGLE.pdsprj.M_TAHABINZAEEM.tahab.workspace,ac72c21019cabe745acbd3a8e2c0c4be9dedbce65d13a1cf83e3d2584477645e,Proteus workspace sidecar,local-only reproducible infrastructure or disposable Proteus state,"preserved on disk, explicitly excluded from Git",*.workspace
experiments/inductor_v2_suffix_temp_2026_05_31/IND_V2_T04_SUFFIX_PRESERVED_RENAMED/IND_V2_T04_SUFFIX_PRESERVED_RENAMED.pdsprj.M_TAHABINZAEEM.tahab.workspace,proteus/experiments/runs/inductor_v2_suffix_temp_2026_05_31/IND_V2_T04_SUFFIX_PRESERVED_RENAMED/IND_V2_T04_SUFFIX_PRESERVED_RENAMED.pdsprj.M_TAHABINZAEEM.tahab.workspace,f88b81411066e58d4527316a34b977462c73f7c8a2ecde817315f131173e9265,Proteus workspace sidecar,local-only reproducible infrastructure or disposable Proteus state,"preserved on disk, explicitly excluded from Git",*.workspace
experiments/inductor_v2_suffix_temp_2026_05_31/IND_V2_T05_DONOR03_REPACK_EXACT/IND_V2_T05_DONOR03_REPACK_EXACT.pdsprj.M_TAHABINZAEEM.tahab.workspace,proteus/experiments/runs/inductor_v2_suffix_temp_2026_05_31/IND_V2_T05_DONOR03_REPACK_EXACT/IND_V2_T05_DONOR03_REPACK_EXACT.pdsprj.M_TAHABINZAEEM.tahab.workspace,4ea44c228670e5c6252748678fc8111acdfafb7cc459fff3064d05482215fc88,Proteus workspace sidecar,local-only reproducible infrastructure or disposable Proteus state,"preserved on disk, explicitly excluded from Git",*.workspace
experiments/inductor_v2_suffix_temp_2026_05_31/IND_V2_T06_E001_DONOR03_EXACT_CHUNK/IND_V2_T06_E001_DONOR03_EXACT_CHUNK.pdsprj.M_TAHABINZAEEM.tahab.workspace,proteus/experiments/runs/inductor_v2_suffix_temp_2026_05_31/IND_V2_T06_E001_DONOR03_EXACT_CHUNK/IND_V2_T06_E001_DONOR03_EXACT_CHUNK.pdsprj.M_TAHABINZAEEM.tahab.workspace,e99aa2d5875b007458cf63f43dce1944c4766068ffa3f830635cc7d02cc745f7,Proteus workspace sidecar,local-only reproducible infrastructure or disposable Proteus state,"preserved on disk, explicitly excluded from Git",*.workspace
experiments/inductor_v2_suffix_temp_2026_05_31/IND_V2_T08_DONOR04_REPACK_EXACT/IND_V2_T08_DONOR04_REPACK_EXACT.pdsprj.M_TAHABINZAEEM.tahab.workspace,proteus/experiments/runs/inductor_v2_suffix_temp_2026_05_31/IND_V2_T08_DONOR04_REPACK_EXACT/IND_V2_T08_DONOR04_REPACK_EXACT.pdsprj.M_TAHABINZAEEM.tahab.workspace,50cf84e6a5fe3dba2e1ba8d5e377b1bcc124c8287ba94770a7be2da43883233f,Proteus workspace sidecar,local-only reproducible infrastructure or disposable Proteus state,"preserved on disk, explicitly excluded from Git",*.workspace
experiments/inductor_v2_suffix_temp_2026_05_31/IND_V2_T09_E001_DONOR04_EXACT_CHUNK/IND_V2_T09_E001_DONOR04_EXACT_CHUNK.pdsprj.M_TAHABINZAEEM.tahab.workspace,proteus/experiments/runs/inductor_v2_suffix_temp_2026_05_31/IND_V2_T09_E001_DONOR04_EXACT_CHUNK/IND_V2_T09_E001_DONOR04_EXACT_CHUNK.pdsprj.M_TAHABINZAEEM.tahab.workspace,3f8e6f385612ae5ba6362d3db91384629791e3d6e10dc358977563b47918330e,Proteus workspace sidecar,local-only reproducible infrastructure or disposable Proteus state,"preserved on disk, explicitly excluded from Git",*.workspace
experiments/inductor_v3_multi_temp_2026_05_31/IND_V3_T01_REBUILD_DONOR03_PER_INDEX_EXACT/IND_V3_T01_REBUILD_DONOR03_PER_INDEX_EXACT.pdsprj.M_TAHABINZAEEM.tahab.workspace,proteus/experiments/runs/inductor_v3_multi_temp_2026_05_31/IND_V3_T01_REBUILD_DONOR03_PER_INDEX_EXACT/IND_V3_T01_REBUILD_DONOR03_PER_INDEX_EXACT.pdsprj.M_TAHABINZAEEM.tahab.workspace,9ef03b4d69c9156c1dff65f744ad1575463a91af126a5dfde5376cfe2b9de40b,Proteus workspace sidecar,local-only reproducible infrastructure or disposable Proteus state,"preserved on disk, explicitly excluded from Git",*.workspace
experiments/inductor_v3_multi_temp_2026_05_31/IND_V3_T02_THREE_RENAMED_DONOR_GEOMETRY/IND_V3_T02_THREE_RENAMED_DONOR_GEOMETRY.pdsprj.M_TAHABINZAEEM.tahab.workspace,proteus/experiments/runs/inductor_v3_multi_temp_2026_05_31/IND_V3_T02_THREE_RENAMED_DONOR_GEOMETRY/IND_V3_T02_THREE_RENAMED_DONOR_GEOMETRY.pdsprj.M_TAHABINZAEEM.tahab.workspace,0f7f6eea1b0867c748f91f33e4177c2e46102eda68a82b8367ac5d717f32e77d,Proteus workspace sidecar,local-only reproducible infrastructure or disposable Proteus state,"preserved on disk, explicitly excluded from Git",*.workspace
experiments/inductor_v3_multi_temp_2026_05_31/IND_V3_T03_THREE_RIGID_TRANSLATED_DONOR_GEOMETRY/IND_V3_T03_THREE_RIGID_TRANSLATED_DONOR_GEOMETRY.pdsprj.M_TAHABINZAEEM.tahab.workspace,proteus/experiments/runs/inductor_v3_multi_temp_2026_05_31/IND_V3_T03_THREE_RIGID_TRANSLATED_DONOR_GEOMETRY/IND_V3_T03_THREE_RIGID_TRANSLATED_DONOR_GEOMETRY.pdsprj.M_TAHABINZAEEM.tahab.workspace,4c9149787bd249edc01e24f1c1703f3ff11dee9a3623d54b6a435eeaf3665d42,Proteus workspace sidecar,local-only reproducible infrastructure or disposable Proteus state,"preserved on disk, explicitly excluded from Git",*.workspace
experiments/inductor_v3_multi_temp_2026_05_31/IND_V3_T04_THREE_RENAMED_RIGID_TRANSLATED/IND_V3_T04_THREE_RENAMED_RIGID_TRANSLATED.pdsprj.M_TAHABINZAEEM.tahab.workspace,proteus/experiments/runs/inductor_v3_multi_temp_2026_05_31/IND_V3_T04_THREE_RENAMED_RIGID_TRANSLATED/IND_V3_T04_THREE_RENAMED_RIGID_TRANSLATED.pdsprj.M_TAHABINZAEEM.tahab.workspace,49a04cca564f75446483123f15985f621a87a2223409312e6f7c588a640b5b18,Proteus workspace sidecar,local-only reproducible infrastructure or disposable Proteus state,"preserved on disk, explicitly excluded from Git",*.workspace
experiments/inductor_v3_multi_temp_2026_05_31/IND_V3_T05_FORMULA_COORDS_FIXED_INDEX_SUFFIX/IND_V3_T05_FORMULA_COORDS_FIXED_INDEX_SUFFIX.pdsprj.M_TAHABINZAEEM.tahab.workspace,proteus/experiments/runs/inductor_v3_multi_temp_2026_05_31/IND_V3_T05_FORMULA_COORDS_FIXED_INDEX_SUFFIX/IND_V3_T05_FORMULA_COORDS_FIXED_INDEX_SUFFIX.pdsprj.M_TAHABINZAEEM.tahab.workspace,c8db0d21e7796403bc3f3bece79c49413a797071aae830a0898eb7d25ee83977,Proteus workspace sidecar,local-only reproducible infrastructure or disposable Proteus state,"preserved on disk, explicitly excluded from Git",*.workspace
experiments/inductor_v4_power_ground_temp_2026_05_31/IND_V4_T01_SINGLE_V0_G0_GENERATED/IND_V4_T01_SINGLE_V0_G0_GENERATED.pdsprj.M_TAHABINZAEEM.tahab.workspace,proteus/experiments/runs/inductor_v4_power_ground_temp_2026_05_31/IND_V4_T01_SINGLE_V0_G0_GENERATED/IND_V4_T01_SINGLE_V0_G0_GENERATED.pdsprj.M_TAHABINZAEEM.tahab.workspace,31d3a6373c02fa43275dc17163392c5a88bf07bcd7871fd41860fcffc0e9ef71,Proteus workspace sidecar,local-only reproducible infrastructure or disposable Proteus state,"preserved on disk, explicitly excluded from Git",*.workspace
experiments/inductor_v4_power_ground_temp_2026_05_31/IND_V4_T02_SERIES2_V0_G0_GENERATED/IND_V4_T02_SERIES2_V0_G0_GENERATED.pdsprj.M_TAHABINZAEEM.tahab.workspace,proteus/experiments/runs/inductor_v4_power_ground_temp_2026_05_31/IND_V4_T02_SERIES2_V0_G0_GENERATED/IND_V4_T02_SERIES2_V0_G0_GENERATED.pdsprj.M_TAHABINZAEEM.tahab.workspace,2db54cddd9799caa2ebb094d3115ebbc0fc830dd7f00c1c1766f5412a0b63f42,Proteus workspace sidecar,local-only reproducible infrastructure or disposable Proteus state,"preserved on disk, explicitly excluded from Git",*.workspace
experiments/inductor_v4_power_ground_temp_2026_05_31/IND_V4_T03_SERIES3_V0_G0_GENERATED/IND_V4_T03_SERIES3_V0_G0_GENERATED.pdsprj.M_TAHABINZAEEM.tahab.workspace,proteus/experiments/runs/inductor_v4_power_ground_temp_2026_05_31/IND_V4_T03_SERIES3_V0_G0_GENERATED/IND_V4_T03_SERIES3_V0_G0_GENERATED.pdsprj.M_TAHABINZAEEM.tahab.workspace,2a265014c3d053e503efb11dd6aaeeec6bdf6b0107ba2a4cba267ac540a00bb1,Proteus workspace sidecar,local-only reproducible infrastructure or disposable Proteus state,"preserved on disk, explicitly excluded from Git",*.workspace
experiments/inductor_v4_power_ground_temp_2026_05_31/IND_V4_T05_T_NETWORK_POWER_GROUND_GENERATED/IND_V4_T05_T_NETWORK_POWER_GROUND_GENERATED.pdsprj.M_TAHABINZAEEM.tahab.workspace,proteus/experiments/runs/inductor_v4_power_ground_temp_2026_05_31/IND_V4_T05_T_NETWORK_POWER_GROUND_GENERATED/IND_V4_T05_T_NETWORK_POWER_GROUND_GENERATED.pdsprj.M_TAHABINZAEEM.tahab.workspace,b5aaaeb74f632abf951548a664b281f588d4119bd57ff43f817ff5eeb85d03f0,Proteus workspace sidecar,local-only reproducible infrastructure or disposable Proteus state,"preserved on disk, explicitly excluded from Git",*.workspace
experiments/inductor_v5_donor04_order_temp_2026_05_31/IND_V5_T01_E001_DONOR04_EXACT_CHUNK_CONTROL/IND_V5_T01_E001_DONOR04_EXACT_CHUNK_CONTROL.pdsprj.M_TAHABINZAEEM.tahab.workspace,proteus/experiments/runs/inductor_v5_donor04_order_temp_2026_05_31/IND_V5_T01_E001_DONOR04_EXACT_CHUNK_CONTROL/IND_V5_T01_E001_DONOR04_EXACT_CHUNK_CONTROL.pdsprj.M_TAHABINZAEEM.tahab.workspace,f947fcfbfedc6d93fffa89533846f9e20fccc2528ab114aa2058d7099658005a,Proteus workspace sidecar,local-only reproducible infrastructure or disposable Proteus state,"preserved on disk, explicitly excluded from Git",*.workspace
experiments/inductor_v5_donor04_order_temp_2026_05_31/IND_V5_T02_REBUILD_DONOR04_SLICES_EXACT/IND_V5_T02_REBUILD_DONOR04_SLICES_EXACT.pdsprj.M_TAHABINZAEEM.tahab.workspace,proteus/experiments/runs/inductor_v5_donor04_order_temp_2026_05_31/IND_V5_T02_REBUILD_DONOR04_SLICES_EXACT/IND_V5_T02_REBUILD_DONOR04_SLICES_EXACT.pdsprj.M_TAHABINZAEEM.tahab.workspace,cb2e1ac0e51651b3a2219efb35bc0c743e8ccd3d54cf502b5ee17eeada3ba862,Proteus workspace sidecar,local-only reproducible infrastructure or disposable Proteus state,"preserved on disk, explicitly excluded from Git",*.workspace
experiments/inductor_v5_donor04_order_temp_2026_05_31/IND_V5_T03_GENERATED_SAME_DONOR04_ORDER/IND_V5_T03_GENERATED_SAME_DONOR04_ORDER.pdsprj.M_TAHABINZAEEM.tahab.workspace,proteus/experiments/runs/inductor_v5_donor04_order_temp_2026_05_31/IND_V5_T03_GENERATED_SAME_DONOR04_ORDER/IND_V5_T03_GENERATED_SAME_DONOR04_ORDER.pdsprj.M_TAHABINZAEEM.tahab.workspace,cb2e1ac0e51651b3a2219efb35bc0c743e8ccd3d54cf502b5ee17eeada3ba862,Proteus workspace sidecar,local-only reproducible infrastructure or disposable Proteus state,"preserved on disk, explicitly excluded from Git",*.workspace
experiments/inductor_v5_donor04_order_temp_2026_05_31/IND_V5_T04_RENAMED_REF_DONOR04_ORDER/IND_V5_T04_RENAMED_REF_DONOR04_ORDER.pdsprj.M_TAHABINZAEEM.tahab.workspace,proteus/experiments/runs/inductor_v5_donor04_order_temp_2026_05_31/IND_V5_T04_RENAMED_REF_DONOR04_ORDER/IND_V5_T04_RENAMED_REF_DONOR04_ORDER.pdsprj.M_TAHABINZAEEM.tahab.workspace,cb2e1ac0e51651b3a2219efb35bc0c743e8ccd3d54cf502b5ee17eeada3ba862,Proteus workspace sidecar,local-only reproducible infrastructure or disposable Proteus state,"preserved on disk, explicitly excluded from Git",*.workspace
experiments/inductor_v5_donor04_order_temp_2026_05_31/IND_V5_T05_RENAMED_VALUE_DONOR04_ORDER/IND_V5_T05_RENAMED_VALUE_DONOR04_ORDER.pdsprj.M_TAHABINZAEEM.tahab.workspace,proteus/experiments/runs/inductor_v5_donor04_order_temp_2026_05_31/IND_V5_T05_RENAMED_VALUE_DONOR04_ORDER/IND_V5_T05_RENAMED_VALUE_DONOR04_ORDER.pdsprj.M_TAHABINZAEEM.tahab.workspace,cb2e1ac0e51651b3a2219efb35bc0c743e8ccd3d54cf502b5ee17eeada3ba862,Proteus workspace sidecar,local-only reproducible infrastructure or disposable Proteus state,"preserved on disk, explicitly excluded from Git",*.workspace
experiments/inductor_v8_six_donor_temp_2026_06_01/IND_V8_T01_E001_DONOR05_EXACT_CHUNK/IND_V8_T01_E001_DONOR05_EXACT_CHUNK.pdsprj.M_TAHABINZAEEM.tahab.workspace,proteus/experiments/runs/inductor_v8_six_donor_temp_2026_06_01/IND_V8_T01_E001_DONOR05_EXACT_CHUNK/IND_V8_T01_E001_DONOR05_EXACT_CHUNK.pdsprj.M_TAHABINZAEEM.tahab.workspace,89b2d302d3bbc0739881455c991c24c7d3db8e390c463b5f99fb8b790f991819,Proteus workspace sidecar,local-only reproducible infrastructure or disposable Proteus state,"preserved on disk, explicitly excluded from Git",*.workspace
experiments/inductor_v8_six_donor_temp_2026_06_01/IND_V8_T02_REBUILD_DONOR05_SEQUENTIAL_EXACT/IND_V8_T02_REBUILD_DONOR05_SEQUENTIAL_EXACT.pdsprj.M_TAHABINZAEEM.tahab.workspace,proteus/experiments/runs/inductor_v8_six_donor_temp_2026_06_01/IND_V8_T02_REBUILD_DONOR05_SEQUENTIAL_EXACT/IND_V8_T02_REBUILD_DONOR05_SEQUENTIAL_EXACT.pdsprj.M_TAHABINZAEEM.tahab.workspace,5d424058d4db5b4f95f8baea41f5c8e5e39b42a6e231bb93014f15559d62dd78,Proteus workspace sidecar,local-only reproducible infrastructure or disposable Proteus state,"preserved on disk, explicitly excluded from Git",*.workspace
experiments/inductor_v8_six_donor_temp_2026_06_01/IND_V8_T03_6L_SEQUENTIAL_EXTENDED_SUFFIX/IND_V8_T03_6L_SEQUENTIAL_EXTENDED_SUFFIX.pdsprj.M_TAHABINZAEEM.tahab.workspace,proteus/experiments/runs/inductor_v8_six_donor_temp_2026_06_01/IND_V8_T03_6L_SEQUENTIAL_EXTENDED_SUFFIX/IND_V8_T03_6L_SEQUENTIAL_EXTENDED_SUFFIX.pdsprj.M_TAHABINZAEEM.tahab.workspace,c0837d46ab6f2206409a5f2f66e6c1eeccb69ea0374911ec705dcc68800dbba3,Proteus workspace sidecar,local-only reproducible infrastructure or disposable Proteus state,"preserved on disk, explicitly excluded from Git",*.workspace
experiments/inductor_v8_six_donor_temp_2026_06_01/IND_V8_T04_21L_SEQUENTIAL_EXTENDED_SUFFIX/IND_V8_T04_21L_SEQUENTIAL_EXTENDED_SUFFIX.pdsprj.M_TAHABINZAEEM.tahab.workspace,proteus/experiments/runs/inductor_v8_six_donor_temp_2026_06_01/IND_V8_T04_21L_SEQUENTIAL_EXTENDED_SUFFIX/IND_V8_T04_21L_SEQUENTIAL_EXTENDED_SUFFIX.pdsprj.M_TAHABINZAEEM.tahab.workspace,f2fe63362e6ba0c87b08f9bb071564cc46da4eccc39f2c98b9138b7b4de6e6f7,Proteus workspace sidecar,local-only reproducible infrastructure or disposable Proteus state,"preserved on disk, explicitly excluded from Git",*.workspace
experiments/inductor_v8_six_donor_temp_2026_06_01/IND_V8_T05_6L_CAP_STYLE_OUTPUTS_FIRST/IND_V8_T05_6L_CAP_STYLE_OUTPUTS_FIRST.pdsprj.M_TAHABINZAEEM.tahab.workspace,proteus/experiments/runs/inductor_v8_six_donor_temp_2026_06_01/IND_V8_T05_6L_CAP_STYLE_OUTPUTS_FIRST/IND_V8_T05_6L_CAP_STYLE_OUTPUTS_FIRST.pdsprj.M_TAHABINZAEEM.tahab.workspace,60f263087299b95f900f9d2132303f91b4a09774fc3074653a60b07751680ef7,Proteus workspace sidecar,local-only reproducible infrastructure or disposable Proteus state,"preserved on disk, explicitly excluded from Git",*.workspace
experiments/inductor_v8_six_donor_temp_2026_06_01/IND_V8_T06_6L_POWER_GROUND_CAP_BRIDGE_SEQUENTIAL/IND_V8_T06_6L_POWER_GROUND_CAP_BRIDGE_SEQUENTIAL.pdsprj.M_TAHABINZAEEM.tahab.workspace,proteus/experiments/runs/inductor_v8_six_donor_temp_2026_06_01/IND_V8_T06_6L_POWER_GROUND_CAP_BRIDGE_SEQUENTIAL/IND_V8_T06_6L_POWER_GROUND_CAP_BRIDGE_SEQUENTIAL.pdsprj.M_TAHABINZAEEM.tahab.workspace,9248b1e75ddf80e10a63ccec269311dcad5c16b2fde54114dc4c2ac99109d3ee,Proteus workspace sidecar,local-only reproducible infrastructure or disposable Proteus state,"preserved on disk, explicitly excluded from Git",*.workspace
experiments/inductor_v9_requested15_power_ground_temp_2026_06_01/IND_V9_01_SIMPLE_LOOP/IND_V9_01_SIMPLE_LOOP.pdsprj.M_TAHABINZAEEM.tahab.workspace,proteus/experiments/runs/inductor_v9_requested15_power_ground_temp_2026_06_01/IND_V9_01_SIMPLE_LOOP/IND_V9_01_SIMPLE_LOOP.pdsprj.M_TAHABINZAEEM.tahab.workspace,8b94b6f16a69167ae8ed94be45d71ef06bd357a735fa6f4de853de67fec71810,Proteus workspace sidecar,local-only reproducible infrastructure or disposable Proteus state,"preserved on disk, explicitly excluded from Git",*.workspace
experiments/inductor_v9_requested15_power_ground_temp_2026_06_01/IND_V9_02_SERIES_CIRCUIT/IND_V9_02_SERIES_CIRCUIT.pdsprj.M_TAHABINZAEEM.tahab.workspace,proteus/experiments/runs/inductor_v9_requested15_power_ground_temp_2026_06_01/IND_V9_02_SERIES_CIRCUIT/IND_V9_02_SERIES_CIRCUIT.pdsprj.M_TAHABINZAEEM.tahab.workspace,f5c0880f9129aa0d9d1b770fbd8a39fae543f79909721d703cf70045a74e35f9,Proteus workspace sidecar,local-only reproducible infrastructure or disposable Proteus state,"preserved on disk, explicitly excluded from Git",*.workspace
experiments/inductor_v9_requested15_power_ground_temp_2026_06_01/IND_V9_03_PARALLEL_CIRCUIT/IND_V9_03_PARALLEL_CIRCUIT.pdsprj.M_TAHABINZAEEM.tahab.workspace,proteus/experiments/runs/inductor_v9_requested15_power_ground_temp_2026_06_01/IND_V9_03_PARALLEL_CIRCUIT/IND_V9_03_PARALLEL_CIRCUIT.pdsprj.M_TAHABINZAEEM.tahab.workspace,5adceb267f7eb6b767f9b54a7cd56aae4aaae482ff3a6634d6ab72ff5838c545,Proteus workspace sidecar,local-only reproducible infrastructure or disposable Proteus state,"preserved on disk, explicitly excluded from Git",*.workspace
experiments/inductor_v9_requested15_power_ground_temp_2026_06_01/IND_V9_04_SERIES_PARALLEL_COMBO/IND_V9_04_SERIES_PARALLEL_COMBO.pdsprj.M_TAHABINZAEEM.tahab.workspace,proteus/experiments/runs/inductor_v9_requested15_power_ground_temp_2026_06_01/IND_V9_04_SERIES_PARALLEL_COMBO/IND_V9_04_SERIES_PARALLEL_COMBO.pdsprj.M_TAHABINZAEEM.tahab.workspace,05b8406ca10a28971a56eca65428914abfaf66e70388a2a7c25b69a072b5686c,Proteus workspace sidecar,local-only reproducible infrastructure or disposable Proteus state,"preserved on disk, explicitly excluded from Git",*.workspace
experiments/inductor_v9_requested15_power_ground_temp_2026_06_01/IND_V9_05_BASIC_VOLTAGE_DIVIDER/IND_V9_05_BASIC_VOLTAGE_DIVIDER.pdsprj.M_TAHABINZAEEM.tahab.workspace,proteus/experiments/runs/inductor_v9_requested15_power_ground_temp_2026_06_01/IND_V9_05_BASIC_VOLTAGE_DIVIDER/IND_V9_05_BASIC_VOLTAGE_DIVIDER.pdsprj.M_TAHABINZAEEM.tahab.workspace,8b34406487ce21bf7667abfd12318c11b55e0ea6f10dae0b5413924dba1eb4b7,Proteus workspace sidecar,local-only reproducible infrastructure or disposable Proteus state,"preserved on disk, explicitly excluded from Git",*.workspace
experiments/inductor_v9_requested15_power_ground_temp_2026_06_01/IND_V9_06_MULTI_STEP_VOLTAGE_DIVIDER/IND_V9_06_MULTI_STEP_VOLTAGE_DIVIDER.pdsprj.M_TAHABINZAEEM.tahab.workspace,proteus/experiments/runs/inductor_v9_requested15_power_ground_temp_2026_06_01/IND_V9_06_MULTI_STEP_VOLTAGE_DIVIDER/IND_V9_06_MULTI_STEP_VOLTAGE_DIVIDER.pdsprj.M_TAHABINZAEEM.tahab.workspace,5925e315939e86e098207014c6da3ba83434e0b18df8f06578743216bfcea6ed,Proteus workspace sidecar,local-only reproducible infrastructure or disposable Proteus state,"preserved on disk, explicitly excluded from Git",*.workspace
experiments/inductor_v9_requested15_power_ground_temp_2026_06_01/IND_V9_07_CURRENT_DIVIDER/IND_V9_07_CURRENT_DIVIDER.pdsprj.M_TAHABINZAEEM.tahab.workspace,proteus/experiments/runs/inductor_v9_requested15_power_ground_temp_2026_06_01/IND_V9_07_CURRENT_DIVIDER/IND_V9_07_CURRENT_DIVIDER.pdsprj.M_TAHABINZAEEM.tahab.workspace,97f5fa367cb8fef43a669531a87bf2e321dc1463d860027a7c55d36b626ed56b,Proteus workspace sidecar,local-only reproducible infrastructure or disposable Proteus state,"preserved on disk, explicitly excluded from Git",*.workspace
experiments/inductor_v9_requested15_power_ground_temp_2026_06_01/IND_V9_08_DELTA_NETWORK/IND_V9_08_DELTA_NETWORK.pdsprj.M_TAHABINZAEEM.tahab.workspace,proteus/experiments/runs/inductor_v9_requested15_power_ground_temp_2026_06_01/IND_V9_08_DELTA_NETWORK/IND_V9_08_DELTA_NETWORK.pdsprj.M_TAHABINZAEEM.tahab.workspace,aedba16a863a8c066a643c3292bca14f6753a8f13c740eed406760a6d6b42f93,Proteus workspace sidecar,local-only reproducible infrastructure or disposable Proteus state,"preserved on disk, explicitly excluded from Git",*.workspace
experiments/inductor_v9_requested15_power_ground_temp_2026_06_01/IND_V9_09_STAR_Y_NETWORK/IND_V9_09_STAR_Y_NETWORK.pdsprj.M_TAHABINZAEEM.tahab.workspace,proteus/experiments/runs/inductor_v9_requested15_power_ground_temp_2026_06_01/IND_V9_09_STAR_Y_NETWORK/IND_V9_09_STAR_Y_NETWORK.pdsprj.M_TAHABINZAEEM.tahab.workspace,a3ba71c7c903f69df33f40c799225778d1f1623c02f36341986b238203600a33,Proteus workspace sidecar,local-only reproducible infrastructure or disposable Proteus state,"preserved on disk, explicitly excluded from Git",*.workspace
experiments/inductor_v9_requested15_power_ground_temp_2026_06_01/IND_V9_10_DELTA_TO_STAR_SETUP/IND_V9_10_DELTA_TO_STAR_SETUP.pdsprj.M_TAHABINZAEEM.tahab.workspace,proteus/experiments/runs/inductor_v9_requested15_power_ground_temp_2026_06_01/IND_V9_10_DELTA_TO_STAR_SETUP/IND_V9_10_DELTA_TO_STAR_SETUP.pdsprj.M_TAHABINZAEEM.tahab.workspace,c1085986471638b4547ddec3e5006c8393f664073222f9aeb9be129f3c139a5a,Proteus workspace sidecar,local-only reproducible infrastructure or disposable Proteus state,"preserved on disk, explicitly excluded from Git",*.workspace
experiments/inductor_v9_requested15_power_ground_temp_2026_06_01/IND_V9_11_WHEATSTONE_BRIDGE/IND_V9_11_WHEATSTONE_BRIDGE.pdsprj.M_TAHABINZAEEM.tahab.workspace,proteus/experiments/runs/inductor_v9_requested15_power_ground_temp_2026_06_01/IND_V9_11_WHEATSTONE_BRIDGE/IND_V9_11_WHEATSTONE_BRIDGE.pdsprj.M_TAHABINZAEEM.tahab.workspace,f15462589f812d1dc4068b48a6bee8752a17f52aba1d9741c7d587baa1c5f258,Proteus workspace sidecar,local-only reproducible infrastructure or disposable Proteus state,"preserved on disk, explicitly excluded from Git",*.workspace
experiments/inductor_v9_requested15_power_ground_temp_2026_06_01/IND_V9_12_BALANCED_WHEATSTONE_BRIDGE/IND_V9_12_BALANCED_WHEATSTONE_BRIDGE.pdsprj.M_TAHABINZAEEM.tahab.workspace,proteus/experiments/runs/inductor_v9_requested15_power_ground_temp_2026_06_01/IND_V9_12_BALANCED_WHEATSTONE_BRIDGE/IND_V9_12_BALANCED_WHEATSTONE_BRIDGE.pdsprj.M_TAHABINZAEEM.tahab.workspace,5dfc6e0dbe5e77ba0672c8a792fb52f0b93dccc2ed6ce1aa0cd7cf6aa5341eee,Proteus workspace sidecar,local-only reproducible infrastructure or disposable Proteus state,"preserved on disk, explicitly excluded from Git",*.workspace
experiments/inductor_v9_requested15_power_ground_temp_2026_06_01/IND_V9_14_H_BRIDGE_RESISTOR_VERSION/IND_V9_14_H_BRIDGE_RESISTOR_VERSION.pdsprj.M_TAHABINZAEEM.tahab.workspace,proteus/experiments/runs/inductor_v9_requested15_power_ground_temp_2026_06_01/IND_V9_14_H_BRIDGE_RESISTOR_VERSION/IND_V9_14_H_BRIDGE_RESISTOR_VERSION.pdsprj.M_TAHABINZAEEM.tahab.workspace,9fc0b4d2409d93366a4f014578c8a61f75a0cf2779c14f29ca0b4c63bafb7ec8,Proteus workspace sidecar,local-only reproducible infrastructure or disposable Proteus state,"preserved on disk, explicitly excluded from Git",*.workspace
experiments/inductor_v9_requested15_power_ground_temp_2026_06_01/IND_V9_15_R_2R_LADDER_NETWORK/IND_V9_15_R_2R_LADDER_NETWORK.pdsprj.M_TAHABINZAEEM.tahab.workspace,proteus/experiments/runs/inductor_v9_requested15_power_ground_temp_2026_06_01/IND_V9_15_R_2R_LADDER_NETWORK/IND_V9_15_R_2R_LADDER_NETWORK.pdsprj.M_TAHABINZAEEM.tahab.workspace,c209874d476d0b4018bf39862ca3a87ec4971abcdc8197695b27d8932aa4187c,Proteus workspace sidecar,local-only reproducible infrastructure or disposable Proteus state,"preserved on disk, explicitly excluded from Git",*.workspace
new during reorganization,proteus/experiments/runs/locked_mega_no_terminal_matrix_temp_2026_07_08/01_solo_scaling/C0043_7SEG-COM-CAT-BLUE_9x.pdsprj.Vincero.Empty.workspace,d9078f298274713dc5b01be0ed9de7b85bf8956243b83092ec098effd6407fe7,Proteus workspace sidecar,local-only reproducible infrastructure or disposable Proteus state,"preserved on disk, explicitly excluded from Git",*.workspace
new during reorganization,proteus/experiments/runs/locked_mega_no_terminal_matrix_temp_2026_07_08/01_solo_scaling/C0045_7SEG-COM-CAT-BLUE_20x.pdsprj.Vincero.Empty.workspace,b62ba9e3c9dc399274f3b5aa7214f9033f071d457519e1e288dece1b69feb36a,Proteus workspace sidecar,local-only reproducible infrastructure or disposable Proteus state,"preserved on disk, explicitly excluded from Git",*.workspace
new during reorganization,proteus/experiments/runs/locked_mega_no_terminal_matrix_temp_2026_07_08/01_solo_scaling/C0048_40EPS08_9x.pdsprj.Vincero.Empty.workspace,12001344ed0651099083dbba4469c7c51bdfae5fb84b06c64466f35372b6afd0,Proteus workspace sidecar,local-only reproducible infrastructure or disposable Proteus state,"preserved on disk, explicitly excluded from Git",*.workspace
new during reorganization,proteus/experiments/runs/locked_mega_no_terminal_matrix_temp_2026_07_08/01_solo_scaling/C0050_40EPS08_20x.pdsprj.Vincero.Empty.workspace,34fcd17aa663c0c2fbe6f94f4b651a1581aa7806446ea50174bc8353a17b6a7a,Proteus workspace sidecar,local-only reproducible infrastructure or disposable Proteus state,"preserved on disk, explicitly excluded from Git",*.workspace
new during reorganization,proteus/experiments/runs/locked_mega_no_terminal_matrix_temp_2026_07_08/01_solo_scaling/C0052_74HC00_3x.pdsprj.Vincero.Empty.workspace,b62ba9e3c9dc399274f3b5aa7214f9033f071d457519e1e288dece1b69feb36a,Proteus workspace sidecar,local-only reproducible infrastructure or disposable Proteus state,"preserved on disk, explicitly excluded from Git",*.workspace
new during reorganization,proteus/experiments/runs/locked_mega_no_terminal_matrix_temp_2026_07_08/01_solo_scaling/C0058_74HC02_9x.pdsprj.Vincero.Empty.workspace,27ed34d28d1c3f82740175907258e6af12c901af690a921b97aad77922212554,Proteus workspace sidecar,local-only reproducible infrastructure or disposable Proteus state,"preserved on disk, explicitly excluded from Git",*.workspace
new during reorganization,proteus/experiments/runs/locked_mega_no_terminal_matrix_temp_2026_07_08/01_solo_scaling/C0064_74HC04_15x.pdsprj.Vincero.Empty.workspace,27ed34d28d1c3f82740175907258e6af12c901af690a921b97aad77922212554,Proteus workspace sidecar,local-only reproducible infrastructure or disposable Proteus state,"preserved on disk, explicitly excluded from Git",*.workspace
new during reorganization,proteus/experiments/runs/locked_mega_no_terminal_matrix_temp_2026_07_08/01_solo_scaling/C0068_74HC08_9x.pdsprj.Vincero.Empty.workspace,4ce0ff5deb80dd42c0d39c4b3440c69517db1acac1a0fcd6ed5c9b06034b5a10,Proteus workspace sidecar,local-only reproducible infrastructure or disposable Proteus state,"preserved on disk, explicitly excluded from Git",*.workspace
new during reorganization,proteus/experiments/runs/locked_mega_no_terminal_matrix_temp_2026_07_08/01_solo_scaling/C0069_74HC08_15x.pdsprj.Vincero.Empty.workspace,27ed34d28d1c3f82740175907258e6af12c901af690a921b97aad77922212554,Proteus workspace sidecar,local-only reproducible infrastructure or disposable Proteus state,"preserved on disk, explicitly excluded from Git",*.workspace
new during reorganization,proteus/experiments/runs/locked_mega_no_terminal_matrix_temp_2026_07_08/01_solo_scaling/C0073_74HC32_9x.pdsprj.Vincero.Empty.workspace,27ed34d28d1c3f82740175907258e6af12c901af690a921b97aad77922212554,Proteus workspace sidecar,local-only reproducible infrastructure or disposable Proteus state,"preserved on disk, explicitly excluded from Git",*.workspace
new during reorganization,proteus/experiments/runs/locked_mega_no_terminal_matrix_temp_2026_07_08/01_solo_scaling/C0075_74HC32_20x.pdsprj.Vincero.Empty.workspace,27ed34d28d1c3f82740175907258e6af12c901af690a921b97aad77922212554,Proteus workspace sidecar,local-only reproducible infrastructure or disposable Proteus state,"preserved on disk, explicitly excluded from Git",*.workspace
new during reorganization,proteus/experiments/runs/locked_mega_no_terminal_matrix_temp_2026_07_08/01_solo_scaling/C0078_74HC74_9x.pdsprj.Vincero.Empty.workspace,58eaaf2e5e75f36499500b1fd26ea754fd97f7dacbc7f71f854f9b33a8ca9b0f,Proteus workspace sidecar,local-only reproducible infrastructure or disposable Proteus state,"preserved on disk, explicitly excluded from Git",*.workspace
new during reorganization,proteus/experiments/runs/locked_mega_no_terminal_matrix_temp_2026_07_08/01_solo_scaling/C0079_74HC74_15x.pdsprj.Vincero.Empty.workspace,27ed34d28d1c3f82740175907258e6af12c901af690a921b97aad77922212554,Proteus workspace sidecar,local-only reproducible infrastructure or disposable Proteus state,"preserved on disk, explicitly excluded from Git",*.workspace
new during reorganization,proteus/experiments/runs/locked_mega_no_terminal_matrix_temp_2026_07_08/01_solo_scaling/C0083_74HC76_9x.pdsprj.Vincero.Empty.workspace,34fcd17aa663c0c2fbe6f94f4b651a1581aa7806446ea50174bc8353a17b6a7a,Proteus workspace sidecar,local-only reproducible infrastructure or disposable Proteus state,"preserved on disk, explicitly excluded from Git",*.workspace
new during reorganization,proteus/experiments/runs/locked_mega_no_terminal_matrix_temp_2026_07_08/01_solo_scaling/C0085_74HC76_20x.pdsprj.Vincero.Empty.workspace,a3d02863b387b48b941f274915dee7a2fa1167b13cb0321de96970149c70b80e,Proteus workspace sidecar,local-only reproducible infrastructure or disposable Proteus state,"preserved on disk, explicitly excluded from Git",*.workspace
new during reorganization,proteus/experiments/runs/locked_mega_no_terminal_matrix_temp_2026_07_08/01_solo_scaling/C0088_74HC85_9x.pdsprj.Vincero.Empty.workspace,6bfeabc2a0cc6610cbfe23a5c563f1d8862415b6fe425389673a7cd2f89fa04a,Proteus workspace sidecar,local-only reproducible infrastructure or disposable Proteus state,"preserved on disk, explicitly excluded from Git",*.workspace
new during reorganization,proteus/experiments/runs/locked_mega_no_terminal_matrix_temp_2026_07_08/01_solo_scaling/C0090_74HC85_20x.pdsprj.Vincero.Empty.workspace,d9078f298274713dc5b01be0ed9de7b85bf8956243b83092ec098effd6407fe7,Proteus workspace sidecar,local-only reproducible infrastructure or disposable Proteus state,"preserved on disk, explicitly excluded from Git",*.workspace
new during reorganization,proteus/experiments/runs/locked_mega_no_terminal_matrix_temp_2026_07_08/01_solo_scaling/C0093_74HC86_9x.pdsprj.Vincero.Empty.workspace,a77a833320560b880be38c50c20187dda04027bd0e72ca3acaf177431471bc43,Proteus workspace sidecar,local-only reproducible infrastructure or disposable Proteus state,"preserved on disk, explicitly excluded from Git",*.workspace
new during reorganization,proteus/experiments/runs/locked_mega_no_terminal_matrix_temp_2026_07_08/01_solo_scaling/C0095_74HC86_20x.pdsprj.Vincero.Empty.workspace,08b4895babd58fd65a596533855957b04b33a1b78be8451b2897f36c6dfd2a2a,Proteus workspace sidecar,local-only reproducible infrastructure or disposable Proteus state,"preserved on disk, explicitly excluded from Git",*.workspace
new during reorganization,proteus/experiments/runs/locked_mega_no_terminal_matrix_temp_2026_07_08/01_solo_scaling/C0098_74HC151_9x.pdsprj.Vincero.Empty.workspace,0c8ce8875bef63934a19d9ad7c93e413f960ff7305cfd289d8a2a7355e6fda0c,Proteus workspace sidecar,local-only reproducible infrastructure or disposable Proteus state,"preserved on disk, explicitly excluded from Git",*.workspace
new during reorganization,proteus/experiments/runs/locked_mega_no_terminal_matrix_temp_2026_07_08/01_solo_scaling/C0100_74HC151_20x.pdsprj.Vincero.Empty.workspace,8147c8744f41a748440c6de2d0d3a293b26730f89a4fca7ee8bf4bc9f806846c,Proteus workspace sidecar,local-only reproducible infrastructure or disposable Proteus state,"preserved on disk, explicitly excluded from Git",*.workspace
new during reorganization,proteus/experiments/runs/locked_mega_no_terminal_matrix_temp_2026_07_08/01_solo_scaling/C0103_74HC157_9x.pdsprj.Vincero.Empty.workspace,27ed34d28d1c3f82740175907258e6af12c901af690a921b97aad77922212554,Proteus workspace sidecar,local-only reproducible infrastructure or disposable Proteus state,"preserved on disk, explicitly excluded from Git",*.workspace
new during reorganization,proteus/experiments/runs/locked_mega_no_terminal_matrix_temp_2026_07_08/01_solo_scaling/C0105_74HC157_20x.pdsprj.Vincero.Empty.workspace,d9078f298274713dc5b01be0ed9de7b85bf8956243b83092ec098effd6407fe7,Proteus workspace sidecar,local-only reproducible infrastructure or disposable Proteus state,"preserved on disk, explicitly excluded from Git",*.workspace
new during reorganization,proteus/experiments/runs/locked_mega_no_terminal_matrix_temp_2026_07_08/01_solo_scaling/C0108_74HC160_9x.pdsprj.Vincero.Empty.workspace,fb6087ca1b2cdd4c17353f6a913b6075e216eee812337426ca474ba24faa30b1,Proteus workspace sidecar,local-only reproducible infrastructure or disposable Proteus state,"preserved on disk, explicitly excluded from Git",*.workspace
new during reorganization,proteus/experiments/runs/locked_mega_no_terminal_matrix_temp_2026_07_08/01_solo_scaling/C0110_74HC160_20x.pdsprj.Vincero.Empty.workspace,69aaf19738620b35020d46096fac6216cc00784bd4cd3ef2c8dc76cbf7cc6c6e,Proteus workspace sidecar,local-only reproducible infrastructure or disposable Proteus state,"preserved on disk, explicitly excluded from Git",*.workspace
new during reorganization,proteus/experiments/runs/locked_mega_no_terminal_matrix_temp_2026_07_08/01_solo_scaling/C0113_74HC174_9x.pdsprj.Vincero.Empty.workspace,ac594cda51c5b756961e87d20313df72ac3b049eae1de6f39e1e40da3ff70909,Proteus workspace sidecar,local-only reproducible infrastructure or disposable Proteus state,"preserved on disk, explicitly excluded from Git",*.workspace
new during reorganization,proteus/experiments/runs/locked_mega_no_terminal_matrix_temp_2026_07_08/01_solo_scaling/C0115_74HC174_20x.pdsprj.Vincero.Empty.workspace,7d896a364c36560fcad527e63a0b2a9883ab6e7b8df0a9f796af6f3410549128,Proteus workspace sidecar,local-only reproducible infrastructure or disposable Proteus state,"preserved on disk, explicitly excluded from Git",*.workspace
new during reorganization,proteus/experiments/runs/locked_mega_no_terminal_matrix_temp_2026_07_08/01_solo_scaling/C0118_74HC192_9x.pdsprj.Vincero.Empty.workspace,27ed34d28d1c3f82740175907258e6af12c901af690a921b97aad77922212554,Proteus workspace sidecar,local-only reproducible infrastructure or disposable Proteus state,"preserved on disk, explicitly excluded from Git",*.workspace
new during reorganization,proteus/experiments/runs/locked_mega_no_terminal_matrix_temp_2026_07_08/01_solo_scaling/C0120_74HC192_20x.pdsprj.Vincero.Empty.workspace,a77a833320560b880be38c50c20187dda04027bd0e72ca3acaf177431471bc43,Proteus workspace sidecar,local-only reproducible infrastructure or disposable Proteus state,"preserved on disk, explicitly excluded from Git",*.workspace
new during reorganization,proteus/experiments/runs/locked_mega_no_terminal_matrix_temp_2026_07_08/01_solo_scaling/C0123_74HC266_9x.pdsprj.Vincero.Empty.workspace,34fcd17aa663c0c2fbe6f94f4b651a1581aa7806446ea50174bc8353a17b6a7a,Proteus workspace sidecar,local-only reproducible infrastructure or disposable Proteus state,"preserved on disk, explicitly excluded from Git",*.workspace
new during reorganization,proteus/experiments/runs/locked_mega_no_terminal_matrix_temp_2026_07_08/01_solo_scaling/C0125_74HC266_20x.pdsprj.Vincero.Empty.workspace,b62ba9e3c9dc399274f3b5aa7214f9033f071d457519e1e288dece1b69feb36a,Proteus workspace sidecar,local-only reproducible infrastructure or disposable Proteus state,"preserved on disk, explicitly excluded from Git",*.workspace
new during reorganization,proteus/experiments/runs/locked_mega_no_terminal_matrix_temp_2026_07_08/01_solo_scaling/C0128_74HC283_9x.pdsprj.Vincero.Empty.workspace,b62ba9e3c9dc399274f3b5aa7214f9033f071d457519e1e288dece1b69feb36a,Proteus workspace sidecar,local-only reproducible infrastructure or disposable Proteus state,"preserved on disk, explicitly excluded from Git",*.workspace
new during reorganization,proteus/experiments/runs/locked_mega_no_terminal_matrix_temp_2026_07_08/01_solo_scaling/C0129_74HC283_15x.pdsprj.Vincero.Empty.workspace,f9c9b1f8f4a3420d1ab6e8a8be79392a2951442bcd0ed6f1e9da8a04bbfae1f1,Proteus workspace sidecar,local-only reproducible infrastructure or disposable Proteus state,"preserved on disk, explicitly excluded from Git",*.workspace
new during reorganization,proteus/experiments/runs/locked_mega_no_terminal_matrix_temp_2026_07_08/01_solo_scaling/C0130_74HC283_20x.pdsprj.Vincero.Empty.workspace,1d447c17ba2e9f4673358f80ee615a489faba165ffe1e4151de2d84b5a059cdf,Proteus workspace sidecar,local-only reproducible infrastructure or disposable Proteus state,"preserved on disk, explicitly excluded from Git",*.workspace
new during reorganization,proteus/experiments/runs/locked_mega_no_terminal_matrix_temp_2026_07_08/01_solo_scaling/C0133_4027_9x.pdsprj.Vincero.Empty.workspace,b62ba9e3c9dc399274f3b5aa7214f9033f071d457519e1e288dece1b69feb36a,Proteus workspace sidecar,local-only reproducible infrastructure or disposable Proteus state,"preserved on disk, explicitly excluded from Git",*.workspace
new during reorganization,proteus/experiments/runs/locked_mega_no_terminal_matrix_temp_2026_07_08/01_solo_scaling/C0135_4027_20x.pdsprj.Vincero.Empty.workspace,d9078f298274713dc5b01be0ed9de7b85bf8956243b83092ec098effd6407fe7,Proteus workspace sidecar,local-only reproducible infrastructure or disposable Proteus state,"preserved on disk, explicitly excluded from Git",*.workspace
new during reorganization,proteus/experiments/runs/locked_mega_no_terminal_matrix_temp_2026_07_08/01_solo_scaling/C0138_4511_9x.pdsprj.Vincero.Empty.workspace,b62ba9e3c9dc399274f3b5aa7214f9033f071d457519e1e288dece1b69feb36a,Proteus workspace sidecar,local-only reproducible infrastructure or disposable Proteus state,"preserved on disk, explicitly excluded from Git",*.workspace
new during reorganization,proteus/experiments/runs/locked_mega_no_terminal_matrix_temp_2026_07_08/01_solo_scaling/C0140_4511_20x.pdsprj.Vincero.Empty.workspace,1d447c17ba2e9f4673358f80ee615a489faba165ffe1e4151de2d84b5a059cdf,Proteus workspace sidecar,local-only reproducible infrastructure or disposable Proteus state,"preserved on disk, explicitly excluded from Git",*.workspace
new during reorganization,proteus/experiments/runs/locked_mega_no_terminal_matrix_temp_2026_07_08/01_solo_scaling/C0143_7447_9x.pdsprj.Vincero.Empty.workspace,d9078f298274713dc5b01be0ed9de7b85bf8956243b83092ec098effd6407fe7,Proteus workspace sidecar,local-only reproducible infrastructure or disposable Proteus state,"preserved on disk, explicitly excluded from Git",*.workspace
new during reorganization,proteus/experiments/runs/locked_mega_no_terminal_matrix_temp_2026_07_08/01_solo_scaling/C0145_7447_20x.pdsprj.Vincero.Empty.workspace,1d447c17ba2e9f4673358f80ee615a489faba165ffe1e4151de2d84b5a059cdf,Proteus workspace sidecar,local-only reproducible infrastructure or disposable Proteus state,"preserved on disk, explicitly excluded from Git",*.workspace
new during reorganization,proteus/experiments/runs/locked_mega_no_terminal_matrix_temp_2026_07_08/01_solo_scaling/C0148_7490_9x.pdsprj.Vincero.Empty.workspace,f9c9b1f8f4a3420d1ab6e8a8be79392a2951442bcd0ed6f1e9da8a04bbfae1f1,Proteus workspace sidecar,local-only reproducible infrastructure or disposable Proteus state,"preserved on disk, explicitly excluded from Git",*.workspace
new during reorganization,proteus/experiments/runs/locked_mega_no_terminal_matrix_temp_2026_07_08/01_solo_scaling/C0150_7490_20x.pdsprj.Vincero.Empty.workspace,92393b185b172189ec846dc715fd15858eab82181b1f77d479bf6f360d7862f1,Proteus workspace sidecar,local-only reproducible infrastructure or disposable Proteus state,"preserved on disk, explicitly excluded from Git",*.workspace
new during reorganization,proteus/experiments/runs/locked_mega_no_terminal_matrix_temp_2026_07_08/01_solo_scaling/C0153_BRIDGE_9x.pdsprj.Vincero.Empty.workspace,f24349ea354bd595452185a3d605eae9edebda7dc5b57b9132c5c5af36b90872,Proteus workspace sidecar,local-only reproducible infrastructure or disposable Proteus state,"preserved on disk, explicitly excluded from Git",*.workspace
new during reorganization,proteus/experiments/runs/locked_mega_no_terminal_matrix_temp_2026_07_08/01_solo_scaling/C0155_BRIDGE_20x.pdsprj.Vincero.Empty.workspace,27ed34d28d1c3f82740175907258e6af12c901af690a921b97aad77922212554,Proteus workspace sidecar,local-only reproducible infrastructure or disposable Proteus state,"preserved on disk, explicitly excluded from Git",*.workspace
new during reorganization,proteus/experiments/runs/locked_mega_no_terminal_matrix_temp_2026_07_08/01_solo_scaling/C0158_BS170_9x.pdsprj.Vincero.Empty.workspace,27ed34d28d1c3f82740175907258e6af12c901af690a921b97aad77922212554,Proteus workspace sidecar,local-only reproducible infrastructure or disposable Proteus state,"preserved on disk, explicitly excluded from Git",*.workspace
new during reorganization,proteus/experiments/runs/locked_mega_no_terminal_matrix_temp_2026_07_08/01_solo_scaling/C0160_BS170_20x.pdsprj.Vincero.Empty.workspace,27ed34d28d1c3f82740175907258e6af12c901af690a921b97aad77922212554,Proteus workspace sidecar,local-only reproducible infrastructure or disposable Proteus state,"preserved on disk, explicitly excluded from Git",*.workspace
new during reorganization,proteus/experiments/runs/locked_mega_no_terminal_matrix_temp_2026_07_08/01_solo_scaling/C0163_BZX55C5V1_9x.pdsprj.Vincero.Empty.workspace,34fcd17aa663c0c2fbe6f94f4b651a1581aa7806446ea50174bc8353a17b6a7a,Proteus workspace sidecar,local-only reproducible infrastructure or disposable Proteus state,"preserved on disk, explicitly excluded from Git",*.workspace
new during reorganization,proteus/experiments/runs/locked_mega_no_terminal_matrix_temp_2026_07_08/01_solo_scaling/C0165_BZX55C5V1_20x.pdsprj.Vincero.Empty.workspace,a77a833320560b880be38c50c20187dda04027bd0e72ca3acaf177431471bc43,Proteus workspace sidecar,local-only reproducible infrastructure or disposable Proteus state,"preserved on disk, explicitly excluded from Git",*.workspace
new during reorganization,proteus/experiments/runs/locked_mega_no_terminal_matrix_temp_2026_07_08/01_solo_scaling/C0168_BZX79C5V1_9x.pdsprj.Vincero.Empty.workspace,34fcd17aa663c0c2fbe6f94f4b651a1581aa7806446ea50174bc8353a17b6a7a,Proteus workspace sidecar,local-only reproducible infrastructure or disposable Proteus state,"preserved on disk, explicitly excluded from Git",*.workspace
new during reorganization,proteus/experiments/runs/locked_mega_no_terminal_matrix_temp_2026_07_08/01_solo_scaling/C0170_BZX79C5V1_20x.pdsprj.Vincero.Empty.workspace,34fcd17aa663c0c2fbe6f94f4b651a1581aa7806446ea50174bc8353a17b6a7a,Proteus workspace sidecar,local-only reproducible infrastructure or disposable Proteus state,"preserved on disk, explicitly excluded from Git",*.workspace
new during reorganization,proteus/experiments/runs/locked_mega_no_terminal_matrix_temp_2026_07_08/01_solo_scaling/C0173_BZY88C_9x.pdsprj.Vincero.Empty.workspace,27ed34d28d1c3f82740175907258e6af12c901af690a921b97aad77922212554,Proteus workspace sidecar,local-only reproducible infrastructure or disposable Proteus state,"preserved on disk, explicitly excluded from Git",*.workspace
new during reorganization,proteus/experiments/runs/locked_mega_no_terminal_matrix_temp_2026_07_08/01_solo_scaling/C0175_BZY88C_20x.pdsprj.Vincero.Empty.workspace,b62ba9e3c9dc399274f3b5aa7214f9033f071d457519e1e288dece1b69feb36a,Proteus workspace sidecar,local-only reproducible infrastructure or disposable Proteus state,"preserved on disk, explicitly excluded from Git",*.workspace
new during reorganization,proteus/experiments/runs/locked_mega_no_terminal_matrix_temp_2026_07_08/01_solo_scaling/C0178_CAP_9x.pdsprj.Vincero.Empty.workspace,34fcd17aa663c0c2fbe6f94f4b651a1581aa7806446ea50174bc8353a17b6a7a,Proteus workspace sidecar,local-only reproducible infrastructure or disposable Proteus state,"preserved on disk, explicitly excluded from Git",*.workspace
new during reorganization,proteus/experiments/runs/locked_mega_no_terminal_matrix_temp_2026_07_08/01_solo_scaling/C0180_CAP_20x.pdsprj.Vincero.Empty.workspace,b62ba9e3c9dc399274f3b5aa7214f9033f071d457519e1e288dece1b69feb36a,Proteus workspace sidecar,local-only reproducible infrastructure or disposable Proteus state,"preserved on disk, explicitly excluded from Git",*.workspace
new during reorganization,proteus/experiments/runs/locked_mega_no_terminal_matrix_temp_2026_07_08/01_solo_scaling/C0183_CAP-ELEC_9x.pdsprj.Vincero.Empty.workspace,b62ba9e3c9dc399274f3b5aa7214f9033f071d457519e1e288dece1b69feb36a,Proteus workspace sidecar,local-only reproducible infrastructure or disposable Proteus state,"preserved on disk, explicitly excluded from Git",*.workspace
new during reorganization,proteus/experiments/runs/locked_mega_no_terminal_matrix_temp_2026_07_08/01_solo_scaling/C0185_CAP-ELEC_20x.pdsprj.Vincero.Empty.workspace,b62ba9e3c9dc399274f3b5aa7214f9033f071d457519e1e288dece1b69feb36a,Proteus workspace sidecar,local-only reproducible infrastructure or disposable Proteus state,"preserved on disk, explicitly excluded from Git",*.workspace
new during reorganization,proteus/experiments/runs/locked_mega_no_terminal_matrix_temp_2026_07_08/01_solo_scaling/C0188_CSOURCE_9x.pdsprj.Vincero.Empty.workspace,d9078f298274713dc5b01be0ed9de7b85bf8956243b83092ec098effd6407fe7,Proteus workspace sidecar,local-only reproducible infrastructure or disposable Proteus state,"preserved on disk, explicitly excluded from Git",*.workspace
new during reorganization,proteus/experiments/runs/locked_mega_no_terminal_matrix_temp_2026_07_08/01_solo_scaling/C0190_CSOURCE_20x.pdsprj.Vincero.Empty.workspace,27ed34d28d1c3f82740175907258e6af12c901af690a921b97aad77922212554,Proteus workspace sidecar,local-only reproducible infrastructure or disposable Proteus state,"preserved on disk, explicitly excluded from Git",*.workspace
new during reorganization,proteus/experiments/runs/locked_mega_no_terminal_matrix_temp_2026_07_08/01_solo_scaling/C0193_DIODE_9x.pdsprj.Vincero.Empty.workspace,27ed34d28d1c3f82740175907258e6af12c901af690a921b97aad77922212554,Proteus workspace sidecar,local-only reproducible infrastructure or disposable Proteus state,"preserved on disk, explicitly excluded from Git",*.workspace
new during reorganization,proteus/experiments/runs/locked_mega_no_terminal_matrix_temp_2026_07_08/01_solo_scaling/C0195_DIODE_20x.pdsprj.Vincero.Empty.workspace,d9078f298274713dc5b01be0ed9de7b85bf8956243b83092ec098effd6407fe7,Proteus workspace sidecar,local-only reproducible infrastructure or disposable Proteus state,"preserved on disk, explicitly excluded from Git",*.workspace
new during reorganization,proteus/experiments/runs/locked_mega_no_terminal_matrix_temp_2026_07_08/01_solo_scaling/C0198_FUSE_9x.pdsprj.Vincero.Empty.workspace,b62ba9e3c9dc399274f3b5aa7214f9033f071d457519e1e288dece1b69feb36a,Proteus workspace sidecar,local-only reproducible infrastructure or disposable Proteus state,"preserved on disk, explicitly excluded from Git",*.workspace
new during reorganization,proteus/experiments/runs/locked_mega_no_terminal_matrix_temp_2026_07_08/01_solo_scaling/C0200_FUSE_20x.pdsprj.Vincero.Empty.workspace,b62ba9e3c9dc399274f3b5aa7214f9033f071d457519e1e288dece1b69feb36a,Proteus workspace sidecar,local-only reproducible infrastructure or disposable Proteus state,"preserved on disk, explicitly excluded from Git",*.workspace
new during reorganization,proteus/experiments/runs/locked_mega_no_terminal_matrix_temp_2026_07_08/01_solo_scaling/C0203_LED-RED_9x.pdsprj.Vincero.Empty.workspace,27ed34d28d1c3f82740175907258e6af12c901af690a921b97aad77922212554,Proteus workspace sidecar,local-only reproducible infrastructure or disposable Proteus state,"preserved on disk, explicitly excluded from Git",*.workspace
new during reorganization,proteus/experiments/runs/locked_mega_no_terminal_matrix_temp_2026_07_08/01_solo_scaling/C0205_LED-RED_20x.pdsprj.Vincero.Empty.workspace,b62ba9e3c9dc399274f3b5aa7214f9033f071d457519e1e288dece1b69feb36a,Proteus workspace sidecar,local-only reproducible infrastructure or disposable Proteus state,"preserved on disk, explicitly excluded from Git",*.workspace
new during reorganization,proteus/experiments/runs/locked_mega_no_terminal_matrix_temp_2026_07_08/01_solo_scaling/C0208_LM317T_9x.pdsprj.Vincero.Empty.workspace,1d447c17ba2e9f4673358f80ee615a489faba165ffe1e4151de2d84b5a059cdf,Proteus workspace sidecar,local-only reproducible infrastructure or disposable Proteus state,"preserved on disk, explicitly excluded from Git",*.workspace
new during reorganization,proteus/experiments/runs/locked_mega_no_terminal_matrix_temp_2026_07_08/01_solo_scaling/C0210_LM317T_20x.pdsprj.Vincero.Empty.workspace,27ed34d28d1c3f82740175907258e6af12c901af690a921b97aad77922212554,Proteus workspace sidecar,local-only reproducible infrastructure or disposable Proteus state,"preserved on disk, explicitly excluded from Git",*.workspace
new during reorganization,proteus/experiments/runs/locked_mega_no_terminal_matrix_temp_2026_07_08/01_solo_scaling/C0213_LM741_9x.pdsprj.Vincero.Empty.workspace,b62ba9e3c9dc399274f3b5aa7214f9033f071d457519e1e288dece1b69feb36a,Proteus workspace sidecar,local-only reproducible infrastructure or disposable Proteus state,"preserved on disk, explicitly excluded from Git",*.workspace
new during reorganization,proteus/experiments/runs/locked_mega_no_terminal_matrix_temp_2026_07_08/01_solo_scaling/C0215_LM741_20x.pdsprj.Vincero.Empty.workspace,b62ba9e3c9dc399274f3b5aa7214f9033f071d457519e1e288dece1b69feb36a,Proteus workspace sidecar,local-only reproducible infrastructure or disposable Proteus state,"preserved on disk, explicitly excluded from Git",*.workspace
new during reorganization,proteus/experiments/runs/locked_mega_no_terminal_matrix_temp_2026_07_08/01_solo_scaling/C0218_NE555_9x.pdsprj.Vincero.Empty.workspace,b62ba9e3c9dc399274f3b5aa7214f9033f071d457519e1e288dece1b69feb36a,Proteus workspace sidecar,local-only reproducible infrastructure or disposable Proteus state,"preserved on disk, explicitly excluded from Git",*.workspace
new during reorganization,proteus/experiments/runs/locked_mega_no_terminal_matrix_temp_2026_07_08/01_solo_scaling/C0220_NE555_20x.pdsprj.Vincero.Empty.workspace,b62ba9e3c9dc399274f3b5aa7214f9033f071d457519e1e288dece1b69feb36a,Proteus workspace sidecar,local-only reproducible infrastructure or disposable Proteus state,"preserved on disk, explicitly excluded from Git",*.workspace
new during reorganization,proteus/experiments/runs/locked_mega_no_terminal_matrix_temp_2026_07_08/01_solo_scaling/C0224_NMOSFET_15x.pdsprj.Vincero.Empty.workspace,f9c9b1f8f4a3420d1ab6e8a8be79392a2951442bcd0ed6f1e9da8a04bbfae1f1,Proteus workspace sidecar,local-only reproducible infrastructure or disposable Proteus state,"preserved on disk, explicitly excluded from Git",*.workspace
new during reorganization,proteus/experiments/runs/locked_mega_no_terminal_matrix_temp_2026_07_08/01_solo_scaling/C0228_NPN_9x.pdsprj.Vincero.Empty.workspace,b62ba9e3c9dc399274f3b5aa7214f9033f071d457519e1e288dece1b69feb36a,Proteus workspace sidecar,local-only reproducible infrastructure or disposable Proteus state,"preserved on disk, explicitly excluded from Git",*.workspace
new during reorganization,proteus/experiments/runs/locked_mega_no_terminal_matrix_temp_2026_07_08/01_solo_scaling/C0230_NPN_20x.pdsprj.Vincero.Empty.workspace,b62ba9e3c9dc399274f3b5aa7214f9033f071d457519e1e288dece1b69feb36a,Proteus workspace sidecar,local-only reproducible infrastructure or disposable Proteus state,"preserved on disk, explicitly excluded from Git",*.workspace
new during reorganization,proteus/experiments/runs/locked_mega_no_terminal_matrix_temp_2026_07_08/01_solo_scaling/C0233_OPAMP_9x.pdsprj.Vincero.Empty.workspace,27ed34d28d1c3f82740175907258e6af12c901af690a921b97aad77922212554,Proteus workspace sidecar,local-only reproducible infrastructure or disposable Proteus state,"preserved on disk, explicitly excluded from Git",*.workspace
new during reorganization,proteus/experiments/runs/locked_mega_no_terminal_matrix_temp_2026_07_08/01_solo_scaling/C0235_OPAMP_20x.pdsprj.Vincero.Empty.workspace,b62ba9e3c9dc399274f3b5aa7214f9033f071d457519e1e288dece1b69feb36a,Proteus workspace sidecar,local-only reproducible infrastructure or disposable Proteus state,"preserved on disk, explicitly excluded from Git",*.workspace
new during reorganization,proteus/experiments/runs/locked_mega_no_terminal_matrix_temp_2026_07_08/01_solo_scaling/C0238_PNP_9x.pdsprj.Vincero.Empty.workspace,f9c9b1f8f4a3420d1ab6e8a8be79392a2951442bcd0ed6f1e9da8a04bbfae1f1,Proteus workspace sidecar,local-only reproducible infrastructure or disposable Proteus state,"preserved on disk, explicitly excluded from Git",*.workspace
new during reorganization,proteus/experiments/runs/locked_mega_no_terminal_matrix_temp_2026_07_08/01_solo_scaling/C0240_PNP_20x.pdsprj.Vincero.Empty.workspace,b62ba9e3c9dc399274f3b5aa7214f9033f071d457519e1e288dece1b69feb36a,Proteus workspace sidecar,local-only reproducible infrastructure or disposable Proteus state,"preserved on disk, explicitly excluded from Git",*.workspace
new during reorganization,proteus/experiments/runs/locked_mega_no_terminal_matrix_temp_2026_07_08/01_solo_scaling/C0243_POT-HG_9x.pdsprj.Vincero.Empty.workspace,f9c9b1f8f4a3420d1ab6e8a8be79392a2951442bcd0ed6f1e9da8a04bbfae1f1,Proteus workspace sidecar,local-only reproducible infrastructure or disposable Proteus state,"preserved on disk, explicitly excluded from Git",*.workspace
new during reorganization,proteus/experiments/runs/locked_mega_no_terminal_matrix_temp_2026_07_08/01_solo_scaling/C0245_POT-HG_20x.pdsprj.Vincero.Empty.workspace,b62ba9e3c9dc399274f3b5aa7214f9033f071d457519e1e288dece1b69feb36a,Proteus workspace sidecar,local-only reproducible infrastructure or disposable Proteus state,"preserved on disk, explicitly excluded from Git",*.workspace
new during reorganization,proteus/experiments/runs/locked_mega_no_terminal_matrix_temp_2026_07_08/01_solo_scaling/C0248_REALIND_9x.pdsprj.Vincero.Empty.workspace,b62ba9e3c9dc399274f3b5aa7214f9033f071d457519e1e288dece1b69feb36a,Proteus workspace sidecar,local-only reproducible infrastructure or disposable Proteus state,"preserved on disk, explicitly excluded from Git",*.workspace
new during reorganization,proteus/experiments/runs/locked_mega_no_terminal_matrix_temp_2026_07_08/01_solo_scaling/C0250_REALIND_20x.pdsprj.Vincero.Empty.workspace,b62ba9e3c9dc399274f3b5aa7214f9033f071d457519e1e288dece1b69feb36a,Proteus workspace sidecar,local-only reproducible infrastructure or disposable Proteus state,"preserved on disk, explicitly excluded from Git",*.workspace
new during reorganization,proteus/experiments/runs/locked_mega_no_terminal_matrix_temp_2026_07_08/01_solo_scaling/C0253_RESISTOR_9x.pdsprj.Vincero.Empty.workspace,b62ba9e3c9dc399274f3b5aa7214f9033f071d457519e1e288dece1b69feb36a,Proteus workspace sidecar,local-only reproducible infrastructure or disposable Proteus state,"preserved on disk, explicitly excluded from Git",*.workspace
new during reorganization,proteus/experiments/runs/locked_mega_no_terminal_matrix_temp_2026_07_08/01_solo_scaling/C0255_RESISTOR_20x.pdsprj.Vincero.Empty.workspace,b62ba9e3c9dc399274f3b5aa7214f9033f071d457519e1e288dece1b69feb36a,Proteus workspace sidecar,local-only reproducible infrastructure or disposable Proteus state,"preserved on disk, explicitly excluded from Git",*.workspace
new during reorganization,proteus/experiments/runs/locked_mega_no_terminal_matrix_temp_2026_07_08/01_solo_scaling/C0258_SWITCH_9x.pdsprj.Vincero.Empty.workspace,b62ba9e3c9dc399274f3b5aa7214f9033f071d457519e1e288dece1b69feb36a,Proteus workspace sidecar,local-only reproducible infrastructure or disposable Proteus state,"preserved on disk, explicitly excluded from Git",*.workspace
new during reorganization,proteus/experiments/runs/locked_mega_no_terminal_matrix_temp_2026_07_08/01_solo_scaling/C0260_SWITCH_20x.pdsprj.Vincero.Empty.workspace,b62ba9e3c9dc399274f3b5aa7214f9033f071d457519e1e288dece1b69feb36a,Proteus workspace sidecar,local-only reproducible infrastructure or disposable Proteus state,"preserved on disk, explicitly excluded from Git",*.workspace
new during reorganization,proteus/experiments/runs/locked_mega_no_terminal_matrix_temp_2026_07_08/01_solo_scaling/C0263_TRAN-2P2S_9x.pdsprj.Vincero.Empty.workspace,b62ba9e3c9dc399274f3b5aa7214f9033f071d457519e1e288dece1b69feb36a,Proteus workspace sidecar,local-only reproducible infrastructure or disposable Proteus state,"preserved on disk, explicitly excluded from Git",*.workspace
new during reorganization,proteus/experiments/runs/locked_mega_no_terminal_matrix_temp_2026_07_08/01_solo_scaling/C0265_TRAN-2P2S_20x.pdsprj.Vincero.Empty.workspace,b62ba9e3c9dc399274f3b5aa7214f9033f071d457519e1e288dece1b69feb36a,Proteus workspace sidecar,local-only reproducible infrastructure or disposable Proteus state,"preserved on disk, explicitly excluded from Git",*.workspace
new during reorganization,proteus/experiments/runs/locked_mega_no_terminal_matrix_temp_2026_07_08/01_solo_scaling/C0268_VPULSE_9x.pdsprj.Vincero.Empty.workspace,b62ba9e3c9dc399274f3b5aa7214f9033f071d457519e1e288dece1b69feb36a,Proteus workspace sidecar,local-only reproducible infrastructure or disposable Proteus state,"preserved on disk, explicitly excluded from Git",*.workspace
new during reorganization,proteus/experiments/runs/locked_mega_no_terminal_matrix_temp_2026_07_08/01_solo_scaling/C0270_VPULSE_20x.pdsprj.Vincero.Empty.workspace,b62ba9e3c9dc399274f3b5aa7214f9033f071d457519e1e288dece1b69feb36a,Proteus workspace sidecar,local-only reproducible infrastructure or disposable Proteus state,"preserved on disk, explicitly excluded from Git",*.workspace
new during reorganization,proteus/experiments/runs/locked_mega_no_terminal_matrix_temp_2026_07_08/01_solo_scaling/C0273_VSINE_9x.pdsprj.Vincero.Empty.workspace,b62ba9e3c9dc399274f3b5aa7214f9033f071d457519e1e288dece1b69feb36a,Proteus workspace sidecar,local-only reproducible infrastructure or disposable Proteus state,"preserved on disk, explicitly excluded from Git",*.workspace
new during reorganization,proteus/experiments/runs/locked_mega_no_terminal_matrix_temp_2026_07_08/01_solo_scaling/C0275_VSINE_20x.pdsprj.Vincero.Empty.workspace,b62ba9e3c9dc399274f3b5aa7214f9033f071d457519e1e288dece1b69feb36a,Proteus workspace sidecar,local-only reproducible infrastructure or disposable Proteus state,"preserved on disk, explicitly excluded from Git",*.workspace
new during reorganization,proteus/experiments/runs/locked_mega_no_terminal_matrix_temp_2026_07_08/01_solo_scaling/C0278_VSOURCE_9x.pdsprj.Vincero.Empty.workspace,b62ba9e3c9dc399274f3b5aa7214f9033f071d457519e1e288dece1b69feb36a,Proteus workspace sidecar,local-only reproducible infrastructure or disposable Proteus state,"preserved on disk, explicitly excluded from Git",*.workspace
new during reorganization,proteus/experiments/runs/locked_mega_no_terminal_matrix_temp_2026_07_08/01_solo_scaling/C0280_VSOURCE_20x.pdsprj.Vincero.Empty.workspace,b62ba9e3c9dc399274f3b5aa7214f9033f071d457519e1e288dece1b69feb36a,Proteus workspace sidecar,local-only reproducible infrastructure or disposable Proteus state,"preserved on disk, explicitly excluded from Git",*.workspace
new during reorganization,proteus/experiments/runs/locked_mega_no_terminal_matrix_temp_2026_07_08/01_solo_scaling/fixed-C0043_7SEG-COM-CAT-BLUE_9x.pdsprj.Vincero.Empty.workspace,b62ba9e3c9dc399274f3b5aa7214f9033f071d457519e1e288dece1b69feb36a,Proteus workspace sidecar,local-only reproducible infrastructure or disposable Proteus state,"preserved on disk, explicitly excluded from Git",*.workspace
new during reorganization,proteus/experiments/runs/locked_mega_no_terminal_matrix_temp_2026_07_08/01_solo_scaling/fixed-C0045_7SEG-COM-CAT-BLUE_20x.pdsprj.Vincero.Empty.workspace,b62ba9e3c9dc399274f3b5aa7214f9033f071d457519e1e288dece1b69feb36a,Proteus workspace sidecar,local-only reproducible infrastructure or disposable Proteus state,"preserved on disk, explicitly excluded from Git",*.workspace
new during reorganization,proteus/experiments/runs/locked_mega_no_terminal_matrix_temp_2026_07_08/01_solo_scaling/fixed_C0038_7SEG-COM-AN-BLUE_9x.pdsprj.Vincero.Empty.workspace,b62ba9e3c9dc399274f3b5aa7214f9033f071d457519e1e288dece1b69feb36a,Proteus workspace sidecar,local-only reproducible infrastructure or disposable Proteus state,"preserved on disk, explicitly excluded from Git",*.workspace
new during reorganization,proteus/experiments/runs/locked_mega_no_terminal_matrix_temp_2026_07_08/02_group_two_pin/C0281_1x_each.pdsprj.Vincero.Empty.workspace,70b4a23e98f7c66eaaa1bb2037b7b49f7f4b6e67dcdee80a2f3ebf11900b022d,Proteus workspace sidecar,local-only reproducible infrastructure or disposable Proteus state,"preserved on disk, explicitly excluded from Git",*.workspace
new during reorganization,proteus/experiments/runs/locked_mega_no_terminal_matrix_temp_2026_07_08/02_group_two_pin/C0284_15x_each.pdsprj.Vincero.Empty.workspace,3f996b94a48a32c1896d64134d0697b1f7c8c23b516f501a8a458686e44420c9,Proteus workspace sidecar,local-only reproducible infrastructure or disposable Proteus state,"preserved on disk, explicitly excluded from Git",*.workspace
new during reorganization,proteus/experiments/runs/locked_mega_no_terminal_matrix_temp_2026_07_08/02_group_two_pin/C0286_21x_each_group_max.pdsprj.Vincero.Empty.workspace,551206b7094f4b58dbadb72a77b6e7821d3498cd008f84728c1f9b143f6f78da,Proteus workspace sidecar,local-only reproducible infrastructure or disposable Proteus state,"preserved on disk, explicitly excluded from Git",*.workspace
new during reorganization,proteus/experiments/runs/locked_mega_no_terminal_matrix_temp_2026_07_08/03_group_transistor/C0288_3x_each.pdsprj.Vincero.Empty.workspace,5dfb3ef22590a327b2a5a1015dfd2cdba674ecce354689028e44578364ee5923,Proteus workspace sidecar,local-only reproducible infrastructure or disposable Proteus state,"preserved on disk, explicitly excluded from Git",*.workspace
new during reorganization,proteus/experiments/runs/locked_mega_no_terminal_matrix_temp_2026_07_08/03_group_transistor/C0292_70x_each_group_max.pdsprj.Vincero.Empty.workspace,9ffc9a1eb239ca90d3ef04cd08bfeabcd54836b8bce5cc0e9dd1a2fa3cd7cea7,Proteus workspace sidecar,local-only reproducible infrastructure or disposable Proteus state,"preserved on disk, explicitly excluded from Git",*.workspace
new during reorganization,proteus/experiments/runs/locked_mega_no_terminal_matrix_temp_2026_07_08/04_group_control/C0298_50x_each_group_max.pdsprj.Vincero.Empty.workspace,0b767ac80c70a364de7a9fc6ea83d3c44e316763813c9099743219de8b60516d,Proteus workspace sidecar,local-only reproducible infrastructure or disposable Proteus state,"preserved on disk, explicitly excluded from Git",*.workspace
new during reorganization,proteus/experiments/runs/locked_mega_no_terminal_matrix_temp_2026_07_08/05_group_dil14/C0304_8x_each_group_max.pdsprj.Vincero.Empty.workspace,3826101b9ea9f3ada846ad79a764e80826039544b01da06f60e3fce7254f34ca,Proteus workspace sidecar,local-only reproducible infrastructure or disposable Proteus state,"preserved on disk, explicitly excluded from Git",*.workspace
new during reorganization,proteus/experiments/runs/locked_mega_no_terminal_matrix_temp_2026_07_08/06_group_dil16/C0309_20x_each.pdsprj.Vincero.Empty.workspace,d89fc9f9798c92a7286e4652dce4b837e99bc9d0d1829c50683e1d57ff4d7747,Proteus workspace sidecar,local-only reproducible infrastructure or disposable Proteus state,"preserved on disk, explicitly excluded from Git",*.workspace
new during reorganization,proteus/experiments/runs/locked_mega_no_terminal_matrix_temp_2026_07_08/07_group_dil8_analog/C0312_9x_each.pdsprj.Vincero.Empty.workspace,43588c4eae15152e058bf6846bc221d5919d45ee92add4c1f01880ede4cc2173,Proteus workspace sidecar,local-only reproducible infrastructure or disposable Proteus state,"preserved on disk, explicitly excluded from Git",*.workspace
new during reorganization,proteus/experiments/runs/locked_mega_no_terminal_matrix_temp_2026_07_08/07_group_dil8_analog/C0314_20x_each.pdsprj.Vincero.Empty.workspace,e50f91646034f17faf12219fad326c75b8cb21e610553fb5871f6edcb9e64187,Proteus workspace sidecar,local-only reproducible infrastructure or disposable Proteus state,"preserved on disk, explicitly excluded from Git",*.workspace
new during reorganization,proteus/experiments/runs/locked_mega_no_terminal_matrix_temp_2026_07_08/08_group_display/C0320_100x_each_group_max.pdsprj.Vincero.Empty.workspace,a3fa6fb4779517b92a4c78420771168bca682ed6f73be2cbc1a10602900fb732,Proteus workspace sidecar,local-only reproducible infrastructure or disposable Proteus state,"preserved on disk, explicitly excluded from Git",*.workspace
new during reorganization,proteus/experiments/runs/locked_mega_no_terminal_matrix_temp_2026_07_08/09_mixed_all_uniform/fied_C0321_all_1x_each.pdsprj.Vincero.Empty.workspace,d20eb2d759d49e70bc82dcc1247ffd7adbba3d75b48be11a1509e6207c7ed8c2,Proteus workspace sidecar,local-only reproducible infrastructure or disposable Proteus state,"preserved on disk, explicitly excluded from Git",*.workspace
new during reorganization,proteus/experiments/runs/locked_mega_no_terminal_matrix_temp_2026_07_08/09_mixed_all_uniform/fixed_C0322_all_3x_each.pdsprj.Vincero.Empty.workspace,b62ba9e3c9dc399274f3b5aa7214f9033f071d457519e1e288dece1b69feb36a,Proteus workspace sidecar,local-only reproducible infrastructure or disposable Proteus state,"preserved on disk, explicitly excluded from Git",*.workspace
new during reorganization,proteus/experiments/runs/locked_mega_no_terminal_matrix_temp_2026_07_08/09_mixed_all_uniform/fixed_C0323_all_8x_each.pdsprj.Vincero.Empty.workspace,b62ba9e3c9dc399274f3b5aa7214f9033f071d457519e1e288dece1b69feb36a,Proteus workspace sidecar,local-only reproducible infrastructure or disposable Proteus state,"preserved on disk, explicitly excluded from Git",*.workspace
new during reorganization,proteus/experiments/runs/locked_mega_no_terminal_matrix_temp_2026_07_08/10_mixed_all_capped/C0328_all_min20_or_available_each.pdsprj.Vincero.Empty.workspace,e62e5f9fdb1fe4ef19cc9bc04f938945880d115bc1e6f4b945235348df9fea5c,Proteus workspace sidecar,local-only reproducible infrastructure or disposable Proteus state,"preserved on disk, explicitly excluded from Git",*.workspace
new during reorganization,proteus/experiments/runs/locked_mega_no_terminal_matrix_temp_2026_07_08/locked_mega_no_terminal_matrix_temp_2026_07_08/01_solo_scaling/C0072_74HC32_3x.pdsprj.Vincero.Empty.workspace,b62ba9e3c9dc399274f3b5aa7214f9033f071d457519e1e288dece1b69feb36a,Proteus workspace sidecar,local-only reproducible infrastructure or disposable Proteus state,"preserved on disk, explicitly excluded from Git",*.workspace
new during reorganization,proteus/experiments/runs/locked_mega_no_terminal_matrix_v2_temp_2026_07_08/02_multipart_native_packet_controls/V2C0013_4027_74HC266_3x_each_no_terminal.pdsprj.Vincero.Empty.workspace,dd04bf7bd2b5bd8df016107f3f877e81b41ab3edba02c538ada02900ae10b97f,Proteus workspace sidecar,local-only reproducible infrastructure or disposable Proteus state,"preserved on disk, explicitly excluded from Git",*.workspace
new during reorganization,proteus/experiments/runs/locked_mega_no_terminal_matrix_v2_temp_2026_07_08/09_mixed_all_uniform/V2C0016_all_8x_each.pdsprj.Vincero.Empty.workspace,7b24b9610c46aeccb319bcec0a343da228a34caa92f9efbc76e3e9b33fda77dd,Proteus workspace sidecar,local-only reproducible infrastructure or disposable Proteus state,"preserved on disk, explicitly excluded from Git",*.workspace
new during reorganization,proteus/experiments/runs/locked_mega_no_terminal_matrix_v2_temp_2026_07_08/10_mixed_all_capped/V2C0017_all_min20_or_available_each.pdsprj.Vincero.Empty.workspace,9d2dffc92f83694feabea2c57eb43e42c9510c614cbf8555854a1ad775bfcd89,Proteus workspace sidecar,local-only reproducible infrastructure or disposable Proteus state,"preserved on disk, explicitly excluded from Git",*.workspace
new during reorganization,proteus/experiments/runs/locked_mega_no_terminal_matrix_v2_temp_2026_07_08/11_display_control_prefix_probe/V2C0018_display_with_switch_pothg_3x_each.pdsprj.Vincero.Empty.workspace,0eead16204ad5cbf965db6938714874f1d1fe127218f39d99bb3e8941a01c923,Proteus workspace sidecar,local-only reproducible infrastructure or disposable Proteus state,"preserved on disk, explicitly excluded from Git",*.workspace
experiments/main_mixed_res_cap_locked_v1_2026_05_31/MIXED_LOCKED_6R_21R/MIXED_LOCKED_T01_6_COMPONENTS_ODD_R_EVEN_C/MIXED_LOCKED_T01_6_COMPONENTS_ODD_R_EVEN_C.pdsprj.M_TAHABINZAEEM.tahab.workspace,proteus/experiments/runs/main_mixed_res_cap_locked_v1_2026_05_31/MIXED_LOCKED_6R_21R/MIXED_LOCKED_T01_6_COMPONENTS_ODD_R_EVEN_C/MIXED_LOCKED_T01_6_COMPONENTS_ODD_R_EVEN_C.pdsprj.M_TAHABINZAEEM.tahab.workspace,f13884a3ce481ed520180921ef7b36d31ff85fb094891f4766dfd9d215fe5be9,Proteus workspace sidecar,local-only reproducible infrastructure or disposable Proteus state,"preserved on disk, explicitly excluded from Git",*.workspace
experiments/main_mixed_res_cap_locked_v1_2026_05_31/MIXED_LOCKED_6R_21R/MIXED_LOCKED_T02_21_COMPONENTS_ODD_R_EVEN_C/MIXED_LOCKED_T02_21_COMPONENTS_ODD_R_EVEN_C.pdsprj.M_TAHABINZAEEM.tahab.workspace,proteus/experiments/runs/main_mixed_res_cap_locked_v1_2026_05_31/MIXED_LOCKED_6R_21R/MIXED_LOCKED_T02_21_COMPONENTS_ODD_R_EVEN_C/MIXED_LOCKED_T02_21_COMPONENTS_ODD_R_EVEN_C.pdsprj.M_TAHABINZAEEM.tahab.workspace,e4552db5f7d293aec7bc4ddc92659ad05891c3a1dd9ee01086b034c44c217751,Proteus workspace sidecar,local-only reproducible infrastructure or disposable Proteus state,"preserved on disk, explicitly excluded from Git",*.workspace
experiments/main_power_bridge_resistor_2026_05_30/REQUESTED_15_POWER_BRIDGE/01_SIMPLE_LOOP/01_SIMPLE_LOOP.pdsprj.ARCHIE.vincero.workspace,proteus/experiments/runs/main_power_bridge_resistor_2026_05_30/REQUESTED_15_POWER_BRIDGE/01_SIMPLE_LOOP/01_SIMPLE_LOOP.pdsprj.ARCHIE.vincero.workspace,36ddb936bc92760f87273a387d6a4b42f5037a4ae0d06e40be88cc67dd68c6e8,Proteus workspace sidecar,local-only reproducible infrastructure or disposable Proteus state,"preserved on disk, explicitly excluded from Git",*.workspace
experiments/main_power_bridge_resistor_2026_05_30/REQUESTED_15_POWER_BRIDGE/02_SERIES_CIRCUIT/02_SERIES_CIRCUIT.pdsprj.ARCHIE.vincero.workspace,proteus/experiments/runs/main_power_bridge_resistor_2026_05_30/REQUESTED_15_POWER_BRIDGE/02_SERIES_CIRCUIT/02_SERIES_CIRCUIT.pdsprj.ARCHIE.vincero.workspace,e58b98079b329781681c79e2a457f83b41483fb880380691f0ae777390ee6c6c,Proteus workspace sidecar,local-only reproducible infrastructure or disposable Proteus state,"preserved on disk, explicitly excluded from Git",*.workspace
experiments/main_resistor_locked_v9_method_2026_05_30/REQUESTED_15_LOCKED_METHOD/01_SIMPLE_LOOP/01_SIMPLE_LOOP.pdsprj.M_TAHABINZAEEM.tahab.workspace,proteus/experiments/runs/main_resistor_locked_v9_method_2026_05_30/REQUESTED_15_LOCKED_METHOD/01_SIMPLE_LOOP/01_SIMPLE_LOOP.pdsprj.M_TAHABINZAEEM.tahab.workspace,5b8dd78954ae3ef7b664be223f391d8318733e24bf37f6da6e7067d13afa0d3c,Proteus workspace sidecar,local-only reproducible infrastructure or disposable Proteus state,"preserved on disk, explicitly excluded from Git",*.workspace
experiments/main_resistor_locked_v9_method_2026_05_30/REQUESTED_15_LOCKED_METHOD/02_SERIES_CIRCUIT/02_SERIES_CIRCUIT.pdsprj.M_TAHABINZAEEM.tahab.workspace,proteus/experiments/runs/main_resistor_locked_v9_method_2026_05_30/REQUESTED_15_LOCKED_METHOD/02_SERIES_CIRCUIT/02_SERIES_CIRCUIT.pdsprj.M_TAHABINZAEEM.tahab.workspace,85bb296da146dae89cc7d7f3bfcc259715e5a9626358825cc2c754d815cc44dd,Proteus workspace sidecar,local-only reproducible infrastructure or disposable Proteus state,"preserved on disk, explicitly excluded from Git",*.workspace
experiments/main_resistor_locked_v9_method_2026_05_30/REQUESTED_15_LOCKED_METHOD/03_PARALLEL_CIRCUIT/03_PARALLEL_CIRCUIT.pdsprj.M_TAHABINZAEEM.tahab.workspace,proteus/experiments/runs/main_resistor_locked_v9_method_2026_05_30/REQUESTED_15_LOCKED_METHOD/03_PARALLEL_CIRCUIT/03_PARALLEL_CIRCUIT.pdsprj.M_TAHABINZAEEM.tahab.workspace,d88de3f3058e721a6abc3655f7630026f51a01e0161e92157fe61bf75ea74202,Proteus workspace sidecar,local-only reproducible infrastructure or disposable Proteus state,"preserved on disk, explicitly excluded from Git",*.workspace
experiments/main_resistor_locked_v9_method_2026_05_30/REQUESTED_15_LOCKED_METHOD/04_SERIES_PARALLEL_COMBO/04_SERIES_PARALLEL_COMBO.pdsprj.M_TAHABINZAEEM.tahab.workspace,proteus/experiments/runs/main_resistor_locked_v9_method_2026_05_30/REQUESTED_15_LOCKED_METHOD/04_SERIES_PARALLEL_COMBO/04_SERIES_PARALLEL_COMBO.pdsprj.M_TAHABINZAEEM.tahab.workspace,a6bd6d6909087555ad55bd8c403867452ffa638bd57662dd6d8f8c03e9de12eb,Proteus workspace sidecar,local-only reproducible infrastructure or disposable Proteus state,"preserved on disk, explicitly excluded from Git",*.workspace
experiments/main_resistor_locked_v9_method_2026_05_30/REQUESTED_15_LOCKED_METHOD/05_BASIC_VOLTAGE_DIVIDER/05_BASIC_VOLTAGE_DIVIDER.pdsprj.M_TAHABINZAEEM.tahab.workspace,proteus/experiments/runs/main_resistor_locked_v9_method_2026_05_30/REQUESTED_15_LOCKED_METHOD/05_BASIC_VOLTAGE_DIVIDER/05_BASIC_VOLTAGE_DIVIDER.pdsprj.M_TAHABINZAEEM.tahab.workspace,15aca160f20b1e0907a4b35bc3b0f0e7dd56cc6a07768d94c3550cbefa8745f6,Proteus workspace sidecar,local-only reproducible infrastructure or disposable Proteus state,"preserved on disk, explicitly excluded from Git",*.workspace
experiments/main_resistor_locked_v9_method_2026_05_30/REQUESTED_15_LOCKED_METHOD/06_MULTI_STEP_VOLTAGE_DIVIDER/06_MULTI_STEP_VOLTAGE_DIVIDER.pdsprj.M_TAHABINZAEEM.tahab.workspace,proteus/experiments/runs/main_resistor_locked_v9_method_2026_05_30/REQUESTED_15_LOCKED_METHOD/06_MULTI_STEP_VOLTAGE_DIVIDER/06_MULTI_STEP_VOLTAGE_DIVIDER.pdsprj.M_TAHABINZAEEM.tahab.workspace,5b8dd78954ae3ef7b664be223f391d8318733e24bf37f6da6e7067d13afa0d3c,Proteus workspace sidecar,local-only reproducible infrastructure or disposable Proteus state,"preserved on disk, explicitly excluded from Git",*.workspace
experiments/main_resistor_locked_v9_method_2026_05_30/REQUESTED_15_LOCKED_METHOD/07_CURRENT_DIVIDER/07_CURRENT_DIVIDER.pdsprj.M_TAHABINZAEEM.tahab.workspace,proteus/experiments/runs/main_resistor_locked_v9_method_2026_05_30/REQUESTED_15_LOCKED_METHOD/07_CURRENT_DIVIDER/07_CURRENT_DIVIDER.pdsprj.M_TAHABINZAEEM.tahab.workspace,61a963270ca2b9e9b21d42e74306e7590d6e4b55950bbdaf80c9bf92735c74b5,Proteus workspace sidecar,local-only reproducible infrastructure or disposable Proteus state,"preserved on disk, explicitly excluded from Git",*.workspace
experiments/main_resistor_locked_v9_method_2026_05_30/REQUESTED_15_LOCKED_METHOD/08_DELTA_NETWORK/08_DELTA_NETWORK.pdsprj.M_TAHABINZAEEM.tahab.workspace,proteus/experiments/runs/main_resistor_locked_v9_method_2026_05_30/REQUESTED_15_LOCKED_METHOD/08_DELTA_NETWORK/08_DELTA_NETWORK.pdsprj.M_TAHABINZAEEM.tahab.workspace,10c3c90080d952ae7b77ede47d1e2250c3e4854f0ccf6c8ecf4cd06e287aad86,Proteus workspace sidecar,local-only reproducible infrastructure or disposable Proteus state,"preserved on disk, explicitly excluded from Git",*.workspace
experiments/main_resistor_locked_v9_method_2026_05_30/REQUESTED_15_LOCKED_METHOD/09_STAR_Y_NETWORK/09_STAR_Y_NETWORK.pdsprj.M_TAHABINZAEEM.tahab.workspace,proteus/experiments/runs/main_resistor_locked_v9_method_2026_05_30/REQUESTED_15_LOCKED_METHOD/09_STAR_Y_NETWORK/09_STAR_Y_NETWORK.pdsprj.M_TAHABINZAEEM.tahab.workspace,dbca121008282a61f359a7d47fba6751d56418142278b7e1af5300aacb73438b,Proteus workspace sidecar,local-only reproducible infrastructure or disposable Proteus state,"preserved on disk, explicitly excluded from Git",*.workspace
experiments/main_resistor_locked_v9_method_2026_05_30/REQUESTED_15_LOCKED_METHOD/10_DELTA_TO_STAR_SETUP/10_DELTA_TO_STAR_SETUP.pdsprj.M_TAHABINZAEEM.tahab.workspace,proteus/experiments/runs/main_resistor_locked_v9_method_2026_05_30/REQUESTED_15_LOCKED_METHOD/10_DELTA_TO_STAR_SETUP/10_DELTA_TO_STAR_SETUP.pdsprj.M_TAHABINZAEEM.tahab.workspace,3fcfee2840c4303052d21a2e2626c0ca9692f8a8fad26cf3e57aff5bbfe826cc,Proteus workspace sidecar,local-only reproducible infrastructure or disposable Proteus state,"preserved on disk, explicitly excluded from Git",*.workspace
experiments/main_resistor_locked_v9_method_2026_05_30/REQUESTED_15_LOCKED_METHOD/13_UNBALANCED_WHEATSTONE_BRIDGE/13_UNBALANCED_WHEATSTONE_BRIDGE.pdsprj.M_TAHABINZAEEM.tahab.workspace,proteus/experiments/runs/main_resistor_locked_v9_method_2026_05_30/REQUESTED_15_LOCKED_METHOD/13_UNBALANCED_WHEATSTONE_BRIDGE/13_UNBALANCED_WHEATSTONE_BRIDGE.pdsprj.M_TAHABINZAEEM.tahab.workspace,5b8dd78954ae3ef7b664be223f391d8318733e24bf37f6da6e7067d13afa0d3c,Proteus workspace sidecar,local-only reproducible infrastructure or disposable Proteus state,"preserved on disk, explicitly excluded from Git",*.workspace
experiments/main_resistor_locked_v9_spacing_2026_05_30/REQUESTED_15_LOCKED_SPACING/06_MULTI_STEP_VOLTAGE_DIVIDER/06_MULTI_STEP_VOLTAGE_DIVIDER.pdsprj.M_TAHABINZAEEM.tahab.workspace,proteus/experiments/runs/main_resistor_locked_v9_spacing_2026_05_30/REQUESTED_15_LOCKED_SPACING/06_MULTI_STEP_VOLTAGE_DIVIDER/06_MULTI_STEP_VOLTAGE_DIVIDER.pdsprj.M_TAHABINZAEEM.tahab.workspace,a7627c9ce667d8b602fbe0bee1a5bad9192b0f508e563fa2bd3d94d5472bfce0,Proteus workspace sidecar,local-only reproducible infrastructure or disposable Proteus state,"preserved on disk, explicitly excluded from Git",*.workspace
experiments/main_resistor_locked_v9_spacing_2026_05_30/REQUESTED_15_LOCKED_SPACING/13_UNBALANCED_WHEATSTONE_BRIDGE/13_UNBALANCED_WHEATSTONE_BRIDGE.pdsprj.M_TAHABINZAEEM.tahab.workspace,proteus/experiments/runs/main_resistor_locked_v9_spacing_2026_05_30/REQUESTED_15_LOCKED_SPACING/13_UNBALANCED_WHEATSTONE_BRIDGE/13_UNBALANCED_WHEATSTONE_BRIDGE.pdsprj.M_TAHABINZAEEM.tahab.workspace,e4f6595000e91bb2807dfa57986f66e9ba79948db41d0128b228efc47ef718eb,Proteus workspace sidecar,local-only reproducible infrastructure or disposable Proteus state,"preserved on disk, explicitly excluded from Git",*.workspace
experiments/main_resistor_locked_v9_spacing_2026_05_30/REQUESTED_15_LOCKED_SPACING/14_H_BRIDGE_RESISTOR_VERSION/14_H_BRIDGE_RESISTOR_VERSION.pdsprj.M_TAHABINZAEEM.tahab.workspace,proteus/experiments/runs/main_resistor_locked_v9_spacing_2026_05_30/REQUESTED_15_LOCKED_SPACING/14_H_BRIDGE_RESISTOR_VERSION/14_H_BRIDGE_RESISTOR_VERSION.pdsprj.M_TAHABINZAEEM.tahab.workspace,fd60a829df535d7348c8f6c9e081b5d0a98df4db057901d224d3108764aa244d,Proteus workspace sidecar,local-only reproducible infrastructure or disposable Proteus state,"preserved on disk, explicitly excluded from Git",*.workspace
experiments/main_resistor_locked_v9_spacing_2026_05_30/REQUESTED_15_LOCKED_SPACING/15_R_2R_LADDER_NETWORK/15_R_2R_LADDER_NETWORK.pdsprj.M_TAHABINZAEEM.tahab.workspace,proteus/experiments/runs/main_resistor_locked_v9_spacing_2026_05_30/REQUESTED_15_LOCKED_SPACING/15_R_2R_LADDER_NETWORK/15_R_2R_LADDER_NETWORK.pdsprj.M_TAHABINZAEEM.tahab.workspace,0b7ad15cd126ab621b0ddc500513656965fd7cf1d2e717e4d2fcf0ea5470e2ee,Proteus workspace sidecar,local-only reproducible infrastructure or disposable Proteus state,"preserved on disk, explicitly excluded from Git",*.workspace
experiments/manual_current_group_terminal_donor_1x_v1_temp_2026_07_12/02_local_proteus_gate/ALL_ACCEPTED_TERMINALIZED_CURRENT_GROUP_UNTERMINALIZED_1X_GATE.pdsprj,proteus/experiments/runs/manual_current_group_terminal_donor_1x_v1_temp_2026_07_12/02_local_proteus_gate/ALL_ACCEPTED_TERMINALIZED_CURRENT_GROUP_UNTERMINALIZED_1X_GATE.pdsprj,af4b8b1f3410e3c0d1fa62097dda883e303f8ca6240277e548f40335d974ff34,Disposable Proteus loader copy,local-only reproducible infrastructure or disposable Proteus state,"preserved on disk, explicitly excluded from Git",**/*_COPY.pdsprj or **/*_GATE.pdsprj
new during reorganization,"proteus/experiments/runs/manual_current_group_terminal_donor_1x_v1_temp_2026_07_12/02_local_proteus_gate/Project Backups/ALL_ACCEPTED_TERMINALIZED_CURRENT_GROUP_UNTERMINALIZED_1X_GATE [20260712, 18-40-06].pdsprj",23ddce6a3f3104a9b7fb9f7f2a30dac8dbaf6d2e630226c1f468c5b21fa6df53,Disposable Proteus loader copy,local-only reproducible infrastructure or disposable Proteus state,"preserved on disk, explicitly excluded from Git",**/*local*gate*/**/*.pdsprj
new during reorganization,"proteus/experiments/runs/manual_current_group_terminal_donor_1x_v1_temp_2026_07_12/02_local_proteus_gate/Project Backups/ALL_ACCEPTED_TERMINALIZED_CURRENT_GROUP_UNTERMINALIZED_1X_GATE [20260712, 18-40-40].pdsprj",bd375fb396ba658a5042cab4a0072b28945486a1258d466249b4840e857a2da9,Disposable Proteus loader copy,local-only reproducible infrastructure or disposable Proteus state,"preserved on disk, explicitly excluded from Git",**/*local*gate*/**/*.pdsprj
new during reorganization,"proteus/experiments/runs/manual_current_group_terminal_donor_1x_v1_temp_2026_07_12/Project Backups/ALL_ACCEPTED_TERMINALIZED_CURRENT_GROUP_UNTERMINALIZED_1X_sa [20260712, 20-19-44].pdsprj",23ddce6a3f3104a9b7fb9f7f2a30dac8dbaf6d2e630226c1f468c5b21fa6df53,Proteus application backup,local-only reproducible infrastructure or disposable Proteus state,"preserved on disk, explicitly excluded from Git",**/Project Backups/
new during reorganization,"proteus/experiments/runs/manual_current_group_terminal_donor_1x_v1_temp_2026_07_12/Project Backups/ALL_ACCEPTED_TERMINALIZED_CURRENT_GROUP_UNTERMINALIZED_1X_sa [20260712, 20-22-56].pdsprj",1b8be9ad38608e95573fd21915dc37865ef96bb6917bc225cd46ff9ca8ce0a9b,Proteus application backup,local-only reproducible infrastructure or disposable Proteus state,"preserved on disk, explicitly excluded from Git",**/Project Backups/
new during reorganization,proteus/experiments/runs/manual_current_group_terminal_donor_1x_v1_temp_2026_07_12/Project Backups/ALL_ACCEPTED_TERMINALIZED_CURRENT_GROUP_UNTERMINALIZED_1X_sa [Autosaved].pdsprj,e8c8280854971119ffb35ddbd57eb333fe22b45636bac43d10f1af7fdde639c7,Proteus application backup,local-only reproducible infrastructure or disposable Proteus state,"preserved on disk, explicitly excluded from Git",**/Project Backups/
new during reorganization,proteus/experiments/runs/mixed_all_supported_totalmix_v1_temp_2026_07_15/MF4/MF4_all_49_mixed_1x_no_terminal.pdsprj.Vincero.Empty.workspace,36fa6ba08cf3d81f31c91cd9327e6aa3cc7a7004b8e46b8ba07705b75954059b,Proteus workspace sidecar,local-only reproducible infrastructure or disposable Proteus state,"preserved on disk, explicitly excluded from Git",*.workspace
new during reorganization,proteus/experiments/runs/mixed_all_supported_totalmix_v1_temp_2026_07_15/MF4/MF4_all_49_mixed_1x_terminal_sa.pdsprj.Vincero.Empty.workspace,f3f4975dae584d2d783cff4c93ad822509b82b4cf4bd59cc0b2b70c5c0de2eee,Proteus workspace sidecar,local-only reproducible infrastructure or disposable Proteus state,"preserved on disk, explicitly excluded from Git",*.workspace
new during reorganization,proteus/experiments/runs/mixed_all_supported_totalmix_v1_temp_2026_07_15/MF4/MF4_all_49_mixed_1x_terminal_visual_normal_copy.pdsprj.Vincero.Empty.workspace,3e8604682c245a76f410cdf75c7d17bafd22c797b81a8353566e964cb0e37bf8,Proteus workspace sidecar,local-only reproducible infrastructure or disposable Proteus state,"preserved on disk, explicitly excluded from Git",*.workspace
new during reorganization,proteus/experiments/runs/mixed_all_supported_totalmix_v1_temp_2026_07_15/cumulative_ladder_v1/S00_totalmix_fresh/GENERATED_ALL49_TERMINALIZED_WITH_BARE_CONTROL_CDB_DIAGNOSTIC.pdsprj.Vincero.Empty.workspace,d79eda46719921a7b4d646e4be084c287374aa56f8c198df4657144e4a1799d6,Proteus workspace sidecar,local-only reproducible infrastructure or disposable Proteus state,"preserved on disk, explicitly excluded from Git",*.workspace
new during reorganization,proteus/experiments/runs/mixed_all_supported_totalmix_v1_temp_2026_07_15/diagnostic_prefixes/P00_CURRENT_30/local_proteus_gate/P00_CURRENT_30_TERMINAL_sa_GATE_COPY.pdsprj,de9b2dfc174ed0bc1300e32afceabf123c91592c73eb68afeb1a4fb1a5b7c7a0,Disposable Proteus loader copy,local-only reproducible infrastructure or disposable Proteus state,"preserved on disk, explicitly excluded from Git",**/*_COPY.pdsprj or **/*_GATE.pdsprj
new during reorganization,proteus/experiments/runs/mixed_all_supported_totalmix_v1_temp_2026_07_15/diagnostic_prefixes/P01_PLUS_74HC76/local_proteus_gate/P01_PLUS_74HC76_TERMINAL_sa_GATE_COPY.pdsprj,cd6a65a033baf574e295bf4a420e063895f0b29e49455aa51ddb48b3675ed3c9,Disposable Proteus loader copy,local-only reproducible infrastructure or disposable Proteus state,"preserved on disk, explicitly excluded from Git",**/*_COPY.pdsprj or **/*_GATE.pdsprj
new during reorganization,proteus/experiments/runs/mixed_all_supported_totalmix_v1_temp_2026_07_15/diagnostic_prefixes/P02_PLUS_TERMINAL_LEADING/P02_CAPTURE_GATE_COPY.pdsprj,4323cad58dfa0430f0f4f8fb0d81832f1aa1c0b1a5c9bb9b5f150a9c6799abd4,Disposable Proteus loader copy,local-only reproducible infrastructure or disposable Proteus state,"preserved on disk, explicitly excluded from Git",**/*_COPY.pdsprj or **/*_GATE.pdsprj
new during reorganization,proteus/experiments/runs/mixed_all_supported_totalmix_v1_temp_2026_07_15/diagnostic_prefixes/P02_PLUS_TERMINAL_LEADING/local_proteus_gate/P02_PLUS_TERMINAL_LEADING_TERMINAL_sa_GATE_COPY.pdsprj,4323cad58dfa0430f0f4f8fb0d81832f1aa1c0b1a5c9bb9b5f150a9c6799abd4,Disposable Proteus loader copy,local-only reproducible infrastructure or disposable Proteus state,"preserved on disk, explicitly excluded from Git",**/*_COPY.pdsprj or **/*_GATE.pdsprj
new during reorganization,proteus/experiments/runs/mixed_all_supported_totalmix_v1_temp_2026_07_15/diagnostic_prefixes/P03_PLUS_QUAD_TAIL/local_proteus_gate/P03_PLUS_QUAD_TAIL_TERMINAL_sa_GATE_COPY.pdsprj,99f7a44e35082eed0f29416948f7a5ac53dc094f24119b487f58fc9c501424b7,Disposable Proteus loader copy,local-only reproducible infrastructure or disposable Proteus state,"preserved on disk, explicitly excluded from Git",**/*_COPY.pdsprj or **/*_GATE.pdsprj
new during reorganization,proteus/experiments/runs/mixed_all_supported_totalmix_v1_temp_2026_07_15/diagnostic_prefixes/P04_ALL_49/local_proteus_gate/P04_ALL_49_TERMINAL_sa_GATE_COPY.pdsprj,b7a41dfa8322a3642207028155767a37bc6726e00ae4dd9d23c2cb7dfdf83886,Disposable Proteus loader copy,local-only reproducible infrastructure or disposable Proteus state,"preserved on disk, explicitly excluded from Git",**/*_COPY.pdsprj or **/*_GATE.pdsprj
experiments/mixed_all_supported_totalmix_v1_temp_2026_07_15/diagnostic_terminal_leading/L01_7490/L01_FATAL_CAPTURE_COPY.pdsprj,proteus/experiments/runs/mixed_all_supported_totalmix_v1_temp_2026_07_15/diagnostic_terminal_leading/L01_7490/L01_FATAL_CAPTURE_COPY.pdsprj,3e837503016937d1bab099c7896aea928b95853043ea636aa1a2eb9ba13bacec,Disposable Proteus loader copy,local-only reproducible infrastructure or disposable Proteus state,"preserved on disk, explicitly excluded from Git",**/*_COPY.pdsprj or **/*_GATE.pdsprj
new during reorganization,proteus/experiments/runs/mixed_all_supported_totalmix_v1_temp_2026_07_15/diagnostic_terminal_leading/L01_7490/local_proteus_gate/L01_7490_TERMINAL_sa_GATE_COPY.pdsprj,3e837503016937d1bab099c7896aea928b95853043ea636aa1a2eb9ba13bacec,Disposable Proteus loader copy,local-only reproducible infrastructure or disposable Proteus state,"preserved on disk, explicitly excluded from Git",**/*_COPY.pdsprj or **/*_GATE.pdsprj
new during reorganization,proteus/experiments/runs/mixed_all_supported_totalmix_v1_temp_2026_07_15/diagnostic_terminal_leading/L04_74HC192/local_proteus_gate/L04_74HC192_TERMINAL_sa_GATE_COPY.pdsprj,2c8ab03c822f003549f5c2a7045126a4afcb645992db7e4189acd1b86d5e6433,Disposable Proteus loader copy,local-only reproducible infrastructure or disposable Proteus state,"preserved on disk, explicitly excluded from Git",**/*_COPY.pdsprj or **/*_GATE.pdsprj
new during reorganization,proteus/experiments/runs/mixed_all_supported_totalmix_v1_temp_2026_07_15/diagnostic_terminal_leading/L08_74HC85/local_proteus_gate/L08_74HC85_TERMINAL_sa_GATE_COPY.pdsprj,4323cad58dfa0430f0f4f8fb0d81832f1aa1c0b1a5c9bb9b5f150a9c6799abd4,Disposable Proteus loader copy,local-only reproducible infrastructure or disposable Proteus state,"preserved on disk, explicitly excluded from Git",**/*_COPY.pdsprj or **/*_GATE.pdsprj
new during reorganization,proteus/experiments/runs/mixed_all_supported_totalmix_v1_temp_2026_07_15/diagnostic_terminal_leading/solo_controls/C04_7490_GATE_COPY.pdsprj,ddb8ccd5b5b7d0a4d837fc877e23ee9b6a57a07adb1bd34b69ac12a384545bd2,Disposable Proteus loader copy,local-only reproducible infrastructure or disposable Proteus state,"preserved on disk, explicitly excluded from Git",**/*_COPY.pdsprj or **/*_GATE.pdsprj
new during reorganization,proteus/experiments/runs/mixed_all_supported_totalmix_v1_temp_2026_07_15/diagnostic_terminal_leading/solo_controls/M03C_7490_PLUS_RC_GATE_COPY.pdsprj,c7eaab57b42dd46638142f889072e58b2b8807fa5c1ecf625defe066327bd5e5,Disposable Proteus loader copy,local-only reproducible infrastructure or disposable Proteus state,"preserved on disk, explicitly excluded from Git",**/*_COPY.pdsprj or **/*_GATE.pdsprj
new during reorganization,proteus/experiments/runs/mixed_all_supported_totalmix_v1_temp_2026_07_15/dsn_audit_repair_1x/local_proteus_gate/01_NORMAL_OPEN Invoke-ProteusGate_COPY.pdsprj,9af3dcebfab3ce47d318ac7944942b14b16b0ff1a4c9a1ebace5bb2a7604e779,Disposable Proteus loader copy,local-only reproducible infrastructure or disposable Proteus state,"preserved on disk, explicitly excluded from Git",**/*_COPY.pdsprj or **/*_GATE.pdsprj
new during reorganization,proteus/experiments/runs/mixed_all_supported_totalmix_v1_temp_2026_07_15/dsn_audit_repair_1x/local_proteus_gate/02_COLD_REOPEN_COPY.pdsprj,9af3dcebfab3ce47d318ac7944942b14b16b0ff1a4c9a1ebace5bb2a7604e779,Disposable Proteus loader copy,local-only reproducible infrastructure or disposable Proteus state,"preserved on disk, explicitly excluded from Git",**/*_COPY.pdsprj or **/*_GATE.pdsprj
new during reorganization,proteus/experiments/runs/mixed_all_supported_totalmix_v1_temp_2026_07_15/dsn_audit_repair_scales/03_all_49_mixed_9x_hc00_8x/local_proteus_gate/ALL_TOTALMIX_49F_9X_HC00_8X_TERMINAL_GATE_NORMAL_COPY.pdsprj,47ea9f7db8af14375d348e5b189ce9e6b99037b8af7af627e7e92c0646509fed,Disposable Proteus loader copy,local-only reproducible infrastructure or disposable Proteus state,"preserved on disk, explicitly excluded from Git",**/*_COPY.pdsprj or **/*_GATE.pdsprj
new during reorganization,proteus/experiments/runs/mixed_all_supported_totalmix_v1_temp_2026_07_15/dsn_audit_repair_scales/04_all_49_mixed_15x_hc00_8x/local_proteus_gate/ALL_TOTALMIX_49F_15X_HC00_8X_HC02_12X_GATE_NORMAL_COPY.pdsprj,d8175111c0fe2d51ae5a537953f311fe160a0873491d1b624df316ebeb34b9ef,Disposable Proteus loader copy,local-only reproducible infrastructure or disposable Proteus state,"preserved on disk, explicitly excluded from Git",**/*_COPY.pdsprj or **/*_GATE.pdsprj
new during reorganization,proteus/experiments/runs/mixed_all_supported_totalmix_v1_temp_2026_07_15/dsn_audit_repair_scales/diagnostics_hc00_continuation/local_proteus_gate/HC00_8X_OFFSET_8_NORMAL_COPY.pdsprj,9009109dfaf21262d8cecbdfa43eb8712572dc675561f88b9086785790326bfe,Disposable Proteus loader copy,local-only reproducible infrastructure or disposable Proteus state,"preserved on disk, explicitly excluded from Git",**/*_COPY.pdsprj or **/*_GATE.pdsprj
new during reorganization,proteus/experiments/runs/mixed_all_supported_totalmix_v1_temp_2026_07_15/dsn_audit_repair_scales/diagnostics_hc00_continuation/local_proteus_gate/HC00_9X_OFFSET_0_NORMAL_COPY.pdsprj,8affe81acf35ef7783c8ff8b5fee61c9203e5d9b1af549dd1e9c0d2890e58b63,Disposable Proteus loader copy,local-only reproducible infrastructure or disposable Proteus state,"preserved on disk, explicitly excluded from Git",**/*_COPY.pdsprj or **/*_GATE.pdsprj
new during reorganization,proteus/experiments/runs/mixed_all_supported_totalmix_v1_temp_2026_07_15/interleaved_layout_repair_1x_temp_2026_07_15/local_proteus_visual_gate/ALL_TOTALMIX_49F_INTERLEAVED_1X_TERMINAL_VISUAL_COPY.pdsprj,a1f7786fc28a45f6849817aeea64752b9dcdeb2dc8c40f3e9519c8ff3c5d9a74,Disposable Proteus loader copy,local-only reproducible infrastructure or disposable Proteus state,"preserved on disk, explicitly excluded from Git",**/*_COPY.pdsprj or **/*_GATE.pdsprj
new during reorganization,proteus/experiments/runs/mixed_all_supported_totalmix_v1_temp_2026_07_15/interleaved_layout_repair_1x_temp_2026_07_15/local_proteus_visual_gate/ALL_TOTALMIX_49F_INTERLEAVED_1X_VISUAL_COPY.pdsprj,9f5caad1f23400e56039e5a31ecaae733bbb427ba6491ddc3a311dc4aed6a350,Disposable Proteus loader copy,local-only reproducible infrastructure or disposable Proteus state,"preserved on disk, explicitly excluded from Git",**/*_COPY.pdsprj or **/*_GATE.pdsprj
new during reorganization,proteus/experiments/runs/mixed_all_supported_totalmix_v1_temp_2026_07_15/scratch_1x/04_local_proteus_gate/ALL_TOTALMIX_49F_1X_TERMINAL_CANONICAL_CAPTURE_COPY.pdsprj,b7a41dfa8322a3642207028155767a37bc6726e00ae4dd9d23c2cb7dfdf83886,Disposable Proteus loader copy,local-only reproducible infrastructure or disposable Proteus state,"preserved on disk, explicitly excluded from Git",**/*_COPY.pdsprj or **/*_GATE.pdsprj
new during reorganization,proteus/experiments/runs/mixed_all_supported_totalmix_v1_temp_2026_07_15/scratch_1x/04_local_proteus_gate/ALL_TOTALMIX_49F_1X_TERMINAL_CANONICAL_GATE_COPY.pdsprj,b7a41dfa8322a3642207028155767a37bc6726e00ae4dd9d23c2cb7dfdf83886,Disposable Proteus loader copy,local-only reproducible infrastructure or disposable Proteus state,"preserved on disk, explicitly excluded from Git",**/*_COPY.pdsprj or **/*_GATE.pdsprj
new during reorganization,proteus/experiments/runs/mixed_all_supported_totalmix_v1_temp_2026_07_15/scratch_1x/04_local_proteus_gate/ALL_TOTALMIX_49F_1X_TERMINAL_FATAL_CAPTURE_COPY.pdsprj,1ff6e107e403fae8d6af532b978bd1bce43cca8cfb9b33b65ddabe41fb9c717e,Disposable Proteus loader copy,local-only reproducible infrastructure or disposable Proteus state,"preserved on disk, explicitly excluded from Git",**/*_COPY.pdsprj or **/*_GATE.pdsprj
new during reorganization,proteus/experiments/runs/mixed_all_supported_totalmix_v1_temp_2026_07_15/scratch_1x/04_local_proteus_gate/ALL_TOTALMIX_49F_1X_TERMINAL_GATE_COPY.pdsprj,1ff6e107e403fae8d6af532b978bd1bce43cca8cfb9b33b65ddabe41fb9c717e,Disposable Proteus loader copy,local-only reproducible infrastructure or disposable Proteus state,"preserved on disk, explicitly excluded from Git",**/*_COPY.pdsprj or **/*_GATE.pdsprj
new during reorganization,proteus/experiments/runs/mixed_all_supported_totalmix_v1_temp_2026_07_15/scratch_1x/04_local_proteus_gate/AUTHORITATIVE_TOTALMIX_GATE_COPY.pdsprj,9721666fb5ae49a87e6cd717a6d98c699d1f1ec14ed99fa0f8985b654569009a,Disposable Proteus loader copy,local-only reproducible infrastructure or disposable Proteus state,"preserved on disk, explicitly excluded from Git",**/*_COPY.pdsprj or **/*_GATE.pdsprj
new during reorganization,proteus/experiments/runs/mixed_all_terminalized_hybrid_v46_temp_2026_07_12/00_pilot_1x/02_local_proteus_gate/P001_NATIVE_CONTROL_BJT_1X_GATE.pdsprj,d438aaa105323f67cb3fe124f39e2106fd44bcb92d5a34bb99c31929f1ccbe81,Disposable Proteus loader copy,local-only reproducible infrastructure or disposable Proteus state,"preserved on disk, explicitly excluded from Git",**/*_COPY.pdsprj or **/*_GATE.pdsprj
new during reorganization,"proteus/experiments/runs/mixed_all_terminalized_hybrid_v46_temp_2026_07_12/00_pilot_1x/02_local_proteus_gate/Project Backups/P001_NATIVE_CONTROL_BJT_1X_GATE [20260712, 03-55-37].pdsprj",4337c8dcb4b406d944d9b657eeb5ea85c3211d542301feaf57e966b555f9b922,Disposable Proteus loader copy,local-only reproducible infrastructure or disposable Proteus state,"preserved on disk, explicitly excluded from Git",**/*local*gate*/**/*.pdsprj
new during reorganization,proteus/experiments/runs/mixed_all_terminalized_hybrid_v46_temp_2026_07_12/01_pilot_final_zone_1x/02_local_proteus_gate/P002_FINAL_ZONE_1X_GATE.pdsprj,0bf3f959845e3ef28ecf43ca70577c6397f12fca5568faf9c9feef626f99d281,Disposable Proteus loader copy,local-only reproducible infrastructure or disposable Proteus state,"preserved on disk, explicitly excluded from Git",**/*_COPY.pdsprj or **/*_GATE.pdsprj
new during reorganization,"proteus/experiments/runs/mixed_all_terminalized_hybrid_v46_temp_2026_07_12/01_pilot_final_zone_1x/02_local_proteus_gate/Project Backups/P002_FINAL_ZONE_1X_GATE [20260712, 03-59-55].pdsprj",18f17ae522ae419af686e0c5944a331fec7b0bf01c795f648bcccd43561e70f0,Disposable Proteus loader copy,local-only reproducible infrastructure or disposable Proteus state,"preserved on disk, explicitly excluded from Git",**/*local*gate*/**/*.pdsprj
new during reorganization,proteus/experiments/runs/mixed_all_terminalized_hybrid_v46_temp_2026_07_12/02_canonical_hybrid_pilot_1x/03_local_proteus_gate/P003_CANONICAL_HYBRID_1X_GATE.pdsprj,ead95adfc6d0597022542835585552e7a54c0b16599c849f20f0f28ecc26391f,Disposable Proteus loader copy,local-only reproducible infrastructure or disposable Proteus state,"preserved on disk, explicitly excluded from Git",**/*_COPY.pdsprj or **/*_GATE.pdsprj
new during reorganization,proteus/experiments/runs/mixed_all_terminalized_hybrid_v46_temp_2026_07_12/02_canonical_hybrid_pilot_1x/04_local_proteus_gate_visible_save/P003_CANONICAL_HYBRID_1X_GATE.pdsprj,8c41ba1d41adf1f850caa8adf84727f0a0685ca7dbe6e2249dcdae165de121da,Disposable Proteus loader copy,local-only reproducible infrastructure or disposable Proteus state,"preserved on disk, explicitly excluded from Git",**/*_COPY.pdsprj or **/*_GATE.pdsprj
new during reorganization,"proteus/experiments/runs/mixed_all_terminalized_hybrid_v46_temp_2026_07_12/02_canonical_hybrid_pilot_1x/04_local_proteus_gate_visible_save/Project Backups/P003_CANONICAL_HYBRID_1X_GATE [20260712, 04-14-44].pdsprj",ead95adfc6d0597022542835585552e7a54c0b16599c849f20f0f28ecc26391f,Disposable Proteus loader copy,local-only reproducible infrastructure or disposable Proteus state,"preserved on disk, explicitly excluded from Git",**/*local*gate*/**/*.pdsprj
new during reorganization,"proteus/experiments/runs/mixed_all_terminalized_hybrid_v46_temp_2026_07_12/02_canonical_hybrid_pilot_1x/04_local_proteus_gate_visible_save/Project Backups/P003_CANONICAL_HYBRID_1X_GATE [20260712, 04-15-29].pdsprj",430b804f764e098da88e7874bfdc10ad7d1ce35f69c33b2d5561aa2cad27cc80,Disposable Proteus loader copy,local-only reproducible infrastructure or disposable Proteus state,"preserved on disk, explicitly excluded from Git",**/*local*gate*/**/*.pdsprj
new during reorganization,proteus/experiments/runs/mixed_all_terminalized_hybrid_v46_temp_2026_07_12/05_all_supported_1x_probe/02_local_proteus_gate/M001_ALL_ACCEPTED_TERMINALIZED_1X_GATE.pdsprj,c7d878c19a54757eba5d2046ce3e4790ba30d13eed341f3eb6eae93024fc5edc,Disposable Proteus loader copy,local-only reproducible infrastructure or disposable Proteus state,"preserved on disk, explicitly excluded from Git",**/*_COPY.pdsprj or **/*_GATE.pdsprj
new during reorganization,proteus/experiments/runs/mixed_all_terminalized_hybrid_v46_temp_2026_07_12/06_all_supported_1x_component_zone/M002_ALL_ACCEPTED_TERMINALIZED_1X_NO_TERMINAL.pdsprj.Vincero.Empty.workspace,7a3bb3f576a4b19df92801c30fbed9fd99dc0977516bb222a420ff7dc92c50b8,Proteus workspace sidecar,local-only reproducible infrastructure or disposable Proteus state,"preserved on disk, explicitly excluded from Git",*.workspace
new during reorganization,"proteus/experiments/runs/mixed_all_terminalized_hybrid_v46_temp_2026_07_12/_triage_full_mixed/T01_NATIVE_CONTROLS/02_proteus_saved_oracle/Project Backups/T01_NATIVE_CONTROLS_SAVED [20260712, 13-33-39].pdsprj",12cb4258084dcfc26fe7cdb8c196583255977b3f2e605be2e2a2c26ad59d1a99,Proteus application backup,local-only reproducible infrastructure or disposable Proteus state,"preserved on disk, explicitly excluded from Git",**/Project Backups/
new during reorganization,proteus/experiments/runs/mixed_current_accepted_1x_v2_temp_2026_07_15/04_local_proteus_gate/M01_CURRENT_ACCEPTED_30F_1X_GATE_COPY.pdsprj,ef6e2a31375ec97b6f79c99a0fd66c628a0dcfbcd00864911010a4887a070a31,Disposable Proteus loader copy,local-only reproducible infrastructure or disposable Proteus state,"preserved on disk, explicitly excluded from Git",**/*_COPY.pdsprj or **/*_GATE.pdsprj
new during reorganization,"proteus/experiments/runs/mixed_current_accepted_1x_v2_temp_2026_07_15/Project Backups/M01_CURRENT_ACCEPTED_30F_1X_TERMINAL_sa [20260715, 09-18-04].pdsprj",ef6e2a31375ec97b6f79c99a0fd66c628a0dcfbcd00864911010a4887a070a31,Proteus application backup,local-only reproducible infrastructure or disposable Proteus state,"preserved on disk, explicitly excluded from Git",**/Project Backups/
new during reorganization,proteus/experiments/runs/mixed_current_accepted_1x_v2_temp_2026_07_15/totalmix.pdsprj.Vincero.Empty.workspace,f8e0b71455dede81a9aabef4ff64289bc3c4aadc371acd6ddfd5a2372b896827,Proteus workspace sidecar,local-only reproducible infrastructure or disposable Proteus state,"preserved on disk, explicitly excluded from Git",*.workspace
new during reorganization,proteus/experiments/runs/mixed_ic_catalogue_compatible_1x_v1_temp_2026_07_15/04_local_proteus_gate/M03_IC_COMPATIBLE_17F_PLUS_RC_1X_GATE_COPY.pdsprj,ec2930b7a863054f844959766e457b68a06362d4d05e77aceeaf33cfe6bf02f5,Disposable Proteus loader copy,local-only reproducible infrastructure or disposable Proteus state,"preserved on disk, explicitly excluded from Git",**/*_COPY.pdsprj or **/*_GATE.pdsprj
new during reorganization,proteus/experiments/runs/mixed_ic_catalogue_compatible_1x_v1_temp_2026_07_15/diagnostics/04_local_proteus_gate/M03A_IC_COMPONENT_TAIL_9F_PLUS_RC_GATE_COPY.pdsprj,33abcdf7fde7437dcc2c64694159a1e8e2850454befe58d7d1cbd43c30ce2922,Disposable Proteus loader copy,local-only reproducible infrastructure or disposable Proteus state,"preserved on disk, explicitly excluded from Git",**/*_COPY.pdsprj or **/*_GATE.pdsprj
new during reorganization,proteus/experiments/runs/mixed_ic_catalogue_compatible_1x_v1_temp_2026_07_15/diagnostics/04_local_proteus_gate/M03B_IC_TERMINAL_LEADING_8F_PLUS_RC_GATE_COPY.pdsprj,0beaa442a13093dd3cb3c3b85c3a39a4bbc50882ad23d0188291c1016a16a9fb,Disposable Proteus loader copy,local-only reproducible infrastructure or disposable Proteus state,"preserved on disk, explicitly excluded from Git",**/*_COPY.pdsprj or **/*_GATE.pdsprj
new during reorganization,proteus/experiments/runs/mixed_ic_catalogue_compatible_1x_v1_temp_2026_07_15/diagnostics/mixed_tail_hypothesis/04_local_proteus_gate/M04_7447_PLUS_RC_MIXED_TAIL_DISPATCH_GATE_COPY.pdsprj,7381c3b5d5fe2f5545854f72c71e17ef2efd9dfca1ddc0c8ed859bc8c2fa9025,Disposable Proteus loader copy,local-only reproducible infrastructure or disposable Proteus state,"preserved on disk, explicitly excluded from Git",**/*_COPY.pdsprj or **/*_GATE.pdsprj
new during reorganization,proteus/experiments/runs/mixed_ic_catalogue_compatible_1x_v1_temp_2026_07_15/diagnostics/terminal_leading_singletons/04_local_proteus_gate/M03C_7447_PLUS_RC_1X_NORMAL_COPY.pdsprj,6354cfb8c02b676d60c5586879f185574b294df675f19e8ff02c8fb540c32e44,Disposable Proteus loader copy,local-only reproducible infrastructure or disposable Proteus state,"preserved on disk, explicitly excluded from Git",**/*_COPY.pdsprj or **/*_GATE.pdsprj
new during reorganization,proteus/experiments/runs/mixed_ic_catalogue_compatible_1x_v1_temp_2026_07_15/diagnostics/terminal_leading_singletons/04_local_proteus_gate/M03C_7490_PLUS_RC_1X_NORMAL_COPY.pdsprj,c7eaab57b42dd46638142f889072e58b2b8807fa5c1ecf625defe066327bd5e5,Disposable Proteus loader copy,local-only reproducible infrastructure or disposable Proteus state,"preserved on disk, explicitly excluded from Git",**/*_COPY.pdsprj or **/*_GATE.pdsprj
new during reorganization,proteus/experiments/runs/mixed_ic_catalogue_compatible_1x_v1_temp_2026_07_15/diagnostics/terminal_leading_singletons/04_local_proteus_gate/M03C_74HC157_PLUS_RC_1X_NORMAL_COPY.pdsprj,7c06b50e6c13304d45c831759cdb522810740ad5335df97a110cc0e644692415,Disposable Proteus loader copy,local-only reproducible infrastructure or disposable Proteus state,"preserved on disk, explicitly excluded from Git",**/*_COPY.pdsprj or **/*_GATE.pdsprj
new during reorganization,proteus/experiments/runs/mixed_ic_catalogue_compatible_1x_v1_temp_2026_07_15/diagnostics/terminal_leading_singletons/04_local_proteus_gate/M03C_74HC160_PLUS_RC_1X_NORMAL_COPY.pdsprj,3a5a564e473c26e892f0939b57432a3905a08dd387dbe5b44093ff8c8d3e9001,Disposable Proteus loader copy,local-only reproducible infrastructure or disposable Proteus state,"preserved on disk, explicitly excluded from Git",**/*_COPY.pdsprj or **/*_GATE.pdsprj
new during reorganization,proteus/experiments/runs/mixed_ic_catalogue_compatible_1x_v1_temp_2026_07_15/diagnostics/terminal_leading_singletons/04_local_proteus_gate/M03C_74HC174_PLUS_RC_1X_NORMAL_COPY.pdsprj,0d76c7d5a627405306566b2ce2c807e59f0c31588512150accd8c37076b559cf,Disposable Proteus loader copy,local-only reproducible infrastructure or disposable Proteus state,"preserved on disk, explicitly excluded from Git",**/*_COPY.pdsprj or **/*_GATE.pdsprj
new during reorganization,proteus/experiments/runs/mixed_ic_catalogue_compatible_1x_v1_temp_2026_07_15/diagnostics/terminal_leading_singletons/04_local_proteus_gate/M03C_74HC192_PLUS_RC_1X_NORMAL_COPY.pdsprj,b0d63cf6d5ff2c1281603e0faa11a0e75cea03a3c5d88e04efda30f1083a76f0,Disposable Proteus loader copy,local-only reproducible infrastructure or disposable Proteus state,"preserved on disk, explicitly excluded from Git",**/*_COPY.pdsprj or **/*_GATE.pdsprj
new during reorganization,proteus/experiments/runs/mixed_ic_catalogue_compatible_1x_v1_temp_2026_07_15/diagnostics/terminal_leading_singletons/04_local_proteus_gate/M03C_74HC283_PLUS_RC_1X_NORMAL_COPY.pdsprj,26c989162ea4146098372d05e94436363a1d363d496483e0bf589bcacd61a30c,Disposable Proteus loader copy,local-only reproducible infrastructure or disposable Proteus state,"preserved on disk, explicitly excluded from Git",**/*_COPY.pdsprj or **/*_GATE.pdsprj
new during reorganization,proteus/experiments/runs/mixed_ic_catalogue_compatible_1x_v1_temp_2026_07_15/diagnostics/terminal_leading_singletons/04_local_proteus_gate/M03C_74HC85_PLUS_RC_1X_NORMAL_COPY.pdsprj,8d5f19011416c9ae2f8defd539f96e355e961d6039cd7c8f498c5d378a4d1e0d,Disposable Proteus loader copy,local-only reproducible infrastructure or disposable Proteus state,"preserved on disk, explicitly excluded from Git",**/*_COPY.pdsprj or **/*_GATE.pdsprj
experiments/mixed_rcl_v3_isolation_temp_2026_06_01/RCL_V3_T03_CL_CAP_THEN_IND/RCL_V3_T03_CL_CAP_THEN_IND.pdsprj.M_TAHABINZAEEM.tahab.workspace,proteus/experiments/runs/mixed_rcl_v3_isolation_temp_2026_06_01/RCL_V3_T03_CL_CAP_THEN_IND/RCL_V3_T03_CL_CAP_THEN_IND.pdsprj.M_TAHABINZAEEM.tahab.workspace,587c46c2c365e7f48b4f4d0065e8d83f2f735f989dc215573e38d4b8c6b6693a,Proteus workspace sidecar,local-only reproducible infrastructure or disposable Proteus state,"preserved on disk, explicitly excluded from Git",*.workspace
experiments/mixed_rcl_v3_isolation_temp_2026_06_01/RCL_V3_T05_CL_OUTPUTS_FIRST_JOINED/RCL_V3_T05_CL_OUTPUTS_FIRST_JOINED.pdsprj.M_TAHABINZAEEM.tahab.workspace,proteus/experiments/runs/mixed_rcl_v3_isolation_temp_2026_06_01/RCL_V3_T05_CL_OUTPUTS_FIRST_JOINED/RCL_V3_T05_CL_OUTPUTS_FIRST_JOINED.pdsprj.M_TAHABINZAEEM.tahab.workspace,b27d78d1aa3b5f556d3db7346a46cdf67b9ceb58f2afbb4636562014bc5bebc4,Proteus workspace sidecar,local-only reproducible infrastructure or disposable Proteus state,"preserved on disk, explicitly excluded from Git",*.workspace
experiments/mixed_rcl_v5_manual_donor_temp_2026_06_01/RCL_V5_T02_DONOR_DSN_CDB_ON_E001_CONTAINER/RCL_V5_T02_DONOR_DSN_CDB_ON_E001_CONTAINER.pdsprj.M_TAHABINZAEEM.tahab.workspace,proteus/experiments/runs/mixed_rcl_v5_manual_donor_temp_2026_06_01/RCL_V5_T02_DONOR_DSN_CDB_ON_E001_CONTAINER/RCL_V5_T02_DONOR_DSN_CDB_ON_E001_CONTAINER.pdsprj.M_TAHABINZAEEM.tahab.workspace,60e7ce9ed55a5e3f40507c06cec566d4c29616d3a272f511d42dc1b920f3976d,Proteus workspace sidecar,local-only reproducible infrastructure or disposable Proteus state,"preserved on disk, explicitly excluded from Git",*.workspace
experiments/mixed_rcl_v5_manual_donor_temp_2026_06_01/RCL_V5_T03_DONOR_CHUNK_DONOR_HEADER_E001/RCL_V5_T03_DONOR_CHUNK_DONOR_HEADER_E001.pdsprj.M_TAHABINZAEEM.tahab.workspace,proteus/experiments/runs/mixed_rcl_v5_manual_donor_temp_2026_06_01/RCL_V5_T03_DONOR_CHUNK_DONOR_HEADER_E001/RCL_V5_T03_DONOR_CHUNK_DONOR_HEADER_E001.pdsprj.M_TAHABINZAEEM.tahab.workspace,60e7ce9ed55a5e3f40507c06cec566d4c29616d3a272f511d42dc1b920f3976d,Proteus workspace sidecar,local-only reproducible infrastructure or disposable Proteus state,"preserved on disk, explicitly excluded from Git",*.workspace
experiments/mixed_rcl_v5_manual_donor_temp_2026_06_01/RCL_V5_T04_DONOR_CHUNK_RESISTOR_HEADER_E001/RCL_V5_T04_DONOR_CHUNK_RESISTOR_HEADER_E001.pdsprj.M_TAHABINZAEEM.tahab.workspace,proteus/experiments/runs/mixed_rcl_v5_manual_donor_temp_2026_06_01/RCL_V5_T04_DONOR_CHUNK_RESISTOR_HEADER_E001/RCL_V5_T04_DONOR_CHUNK_RESISTOR_HEADER_E001.pdsprj.M_TAHABINZAEEM.tahab.workspace,60e7ce9ed55a5e3f40507c06cec566d4c29616d3a272f511d42dc1b920f3976d,Proteus workspace sidecar,local-only reproducible infrastructure or disposable Proteus state,"preserved on disk, explicitly excluded from Git",*.workspace
experiments/mixed_rcl_v6_terminal_boundary_temp_2026_06_01/RCL_V6_T01_FREE_LRC_REBUILT_FROM_SLICES/RCL_V6_T01_FREE_LRC_REBUILT_FROM_SLICES.pdsprj.M_TAHABINZAEEM.tahab.workspace,proteus/experiments/runs/mixed_rcl_v6_terminal_boundary_temp_2026_06_01/RCL_V6_T01_FREE_LRC_REBUILT_FROM_SLICES/RCL_V6_T01_FREE_LRC_REBUILT_FROM_SLICES.pdsprj.M_TAHABINZAEEM.tahab.workspace,282933b5052baafad848c8b9c9b2b2b92eb72b30737ee5c61ba567709919bfc1,Proteus workspace sidecar,local-only reproducible infrastructure or disposable Proteus state,"preserved on disk, explicitly excluded from Git",*.workspace
experiments/mixed_rcl_v6_terminal_boundary_temp_2026_06_01/RCL_V6_T02_TERM_L_FREE_R_C/RCL_V6_T02_TERM_L_FREE_R_C.pdsprj.M_TAHABINZAEEM.tahab.workspace,proteus/experiments/runs/mixed_rcl_v6_terminal_boundary_temp_2026_06_01/RCL_V6_T02_TERM_L_FREE_R_C/RCL_V6_T02_TERM_L_FREE_R_C.pdsprj.M_TAHABINZAEEM.tahab.workspace,60e7ce9ed55a5e3f40507c06cec566d4c29616d3a272f511d42dc1b920f3976d,Proteus workspace sidecar,local-only reproducible infrastructure or disposable Proteus state,"preserved on disk, explicitly excluded from Git",*.workspace
experiments/mixed_rcl_v6_terminal_boundary_temp_2026_06_01/RCL_V6_T04_FREE_L_R_TERM_C/RCL_V6_T04_FREE_L_R_TERM_C.pdsprj.M_TAHABINZAEEM.tahab.workspace,proteus/experiments/runs/mixed_rcl_v6_terminal_boundary_temp_2026_06_01/RCL_V6_T04_FREE_L_R_TERM_C/RCL_V6_T04_FREE_L_R_TERM_C.pdsprj.M_TAHABINZAEEM.tahab.workspace,60e7ce9ed55a5e3f40507c06cec566d4c29616d3a272f511d42dc1b920f3976d,Proteus workspace sidecar,local-only reproducible infrastructure or disposable Proteus state,"preserved on disk, explicitly excluded from Git",*.workspace
experiments/mixed_rcl_v6_terminal_boundary_temp_2026_06_01/RCL_V6_T05_TERM_C_L_FREE_R/RCL_V6_T05_TERM_C_L_FREE_R.pdsprj.M_TAHABINZAEEM.tahab.workspace,proteus/experiments/runs/mixed_rcl_v6_terminal_boundary_temp_2026_06_01/RCL_V6_T05_TERM_C_L_FREE_R/RCL_V6_T05_TERM_C_L_FREE_R.pdsprj.M_TAHABINZAEEM.tahab.workspace,60e7ce9ed55a5e3f40507c06cec566d4c29616d3a272f511d42dc1b920f3976d,Proteus workspace sidecar,local-only reproducible infrastructure or disposable Proteus state,"preserved on disk, explicitly excluded from Git",*.workspace
experiments/mixed_rcl_v6_terminal_boundary_temp_2026_06_01/RCL_V6_T10_CONNECTED_C_L_FREE_R/RCL_V6_T10_CONNECTED_C_L_FREE_R.pdsprj.M_TAHABINZAEEM.tahab.workspace,proteus/experiments/runs/mixed_rcl_v6_terminal_boundary_temp_2026_06_01/RCL_V6_T10_CONNECTED_C_L_FREE_R/RCL_V6_T10_CONNECTED_C_L_FREE_R.pdsprj.M_TAHABINZAEEM.tahab.workspace,60e7ce9ed55a5e3f40507c06cec566d4c29616d3a272f511d42dc1b920f3976d,Proteus workspace sidecar,local-only reproducible infrastructure or disposable Proteus state,"preserved on disk, explicitly excluded from Git",*.workspace
experiments/mixed_rcl_v7_resistor_suffix_order_temp_2026_06_01/RCL_V7_T02_FREE_L_C_R_FINAL_DEFAULT_ORD1/RCL_V7_T02_FREE_L_C_R_FINAL_DEFAULT_ORD1.pdsprj.M_TAHABINZAEEM.tahab.workspace,proteus/experiments/runs/mixed_rcl_v7_resistor_suffix_order_temp_2026_06_01/RCL_V7_T02_FREE_L_C_R_FINAL_DEFAULT_ORD1/RCL_V7_T02_FREE_L_C_R_FINAL_DEFAULT_ORD1.pdsprj.M_TAHABINZAEEM.tahab.workspace,406b6cefc36af73d5fd92d994305465d795d0dd14cecb62b8cf3c894a3751a3d,Proteus workspace sidecar,local-only reproducible infrastructure or disposable Proteus state,"preserved on disk, explicitly excluded from Git",*.workspace
experiments/mixed_rcl_v7_resistor_suffix_order_temp_2026_06_01/RCL_V7_T03_FREE_L_C_R_FINAL_ORD2_INDEX2/RCL_V7_T03_FREE_L_C_R_FINAL_ORD2_INDEX2.pdsprj.M_TAHABINZAEEM.tahab.workspace,proteus/experiments/runs/mixed_rcl_v7_resistor_suffix_order_temp_2026_06_01/RCL_V7_T03_FREE_L_C_R_FINAL_ORD2_INDEX2/RCL_V7_T03_FREE_L_C_R_FINAL_ORD2_INDEX2.pdsprj.M_TAHABINZAEEM.tahab.workspace,60e7ce9ed55a5e3f40507c06cec566d4c29616d3a272f511d42dc1b920f3976d,Proteus workspace sidecar,local-only reproducible infrastructure or disposable Proteus state,"preserved on disk, explicitly excluded from Git",*.workspace
experiments/mixed_rcl_v7_resistor_suffix_order_temp_2026_06_01/RCL_V7_T04_FREE_L_C_R_FINAL_ORD8_INDEX2/RCL_V7_T04_FREE_L_C_R_FINAL_ORD8_INDEX2.pdsprj.M_TAHABINZAEEM.tahab.workspace,proteus/experiments/runs/mixed_rcl_v7_resistor_suffix_order_temp_2026_06_01/RCL_V7_T04_FREE_L_C_R_FINAL_ORD8_INDEX2/RCL_V7_T04_FREE_L_C_R_FINAL_ORD8_INDEX2.pdsprj.M_TAHABINZAEEM.tahab.workspace,60e7ce9ed55a5e3f40507c06cec566d4c29616d3a272f511d42dc1b920f3976d,Proteus workspace sidecar,local-only reproducible infrastructure or disposable Proteus state,"preserved on disk, explicitly excluded from Git",*.workspace
experiments/mixed_rcl_v7_resistor_suffix_order_temp_2026_06_01/RCL_V7_T05_FREE_L_C_R_FINAL_HIGH_7100_7200/RCL_V7_T05_FREE_L_C_R_FINAL_HIGH_7100_7200.pdsprj.M_TAHABINZAEEM.tahab.workspace,proteus/experiments/runs/mixed_rcl_v7_resistor_suffix_order_temp_2026_06_01/RCL_V7_T05_FREE_L_C_R_FINAL_HIGH_7100_7200/RCL_V7_T05_FREE_L_C_R_FINAL_HIGH_7100_7200.pdsprj.M_TAHABINZAEEM.tahab.workspace,60e7ce9ed55a5e3f40507c06cec566d4c29616d3a272f511d42dc1b920f3976d,Proteus workspace sidecar,local-only reproducible infrastructure or disposable Proteus state,"preserved on disk, explicitly excluded from Git",*.workspace
experiments/mixed_rcl_v7_resistor_suffix_order_temp_2026_06_01/RCL_V7_T06_FREE_L_C_R_FINAL_CAP_RANGE_011A_00E8/RCL_V7_T06_FREE_L_C_R_FINAL_CAP_RANGE_011A_00E8.pdsprj.M_TAHABINZAEEM.tahab.workspace,proteus/experiments/runs/mixed_rcl_v7_resistor_suffix_order_temp_2026_06_01/RCL_V7_T06_FREE_L_C_R_FINAL_CAP_RANGE_011A_00E8/RCL_V7_T06_FREE_L_C_R_FINAL_CAP_RANGE_011A_00E8.pdsprj.M_TAHABINZAEEM.tahab.workspace,60e7ce9ed55a5e3f40507c06cec566d4c29616d3a272f511d42dc1b920f3976d,Proteus workspace sidecar,local-only reproducible infrastructure or disposable Proteus state,"preserved on disk, explicitly excluded from Git",*.workspace
experiments/mixed_rcl_v7_resistor_suffix_order_temp_2026_06_01/RCL_V7_T07_FREE_L_C_R_FINAL_IND_RANGE_01B2_01E4/RCL_V7_T07_FREE_L_C_R_FINAL_IND_RANGE_01B2_01E4.pdsprj.M_TAHABINZAEEM.tahab.workspace,proteus/experiments/runs/mixed_rcl_v7_resistor_suffix_order_temp_2026_06_01/RCL_V7_T07_FREE_L_C_R_FINAL_IND_RANGE_01B2_01E4/RCL_V7_T07_FREE_L_C_R_FINAL_IND_RANGE_01B2_01E4.pdsprj.M_TAHABINZAEEM.tahab.workspace,60e7ce9ed55a5e3f40507c06cec566d4c29616d3a272f511d42dc1b920f3976d,Proteus workspace sidecar,local-only reproducible infrastructure or disposable Proteus state,"preserved on disk, explicitly excluded from Git",*.workspace
experiments/mixed_res_cap_v1_6r_21r_temp_2026_05_31/MIXED_V1_T01_6_COMPONENTS_ODD_R_EVEN_C/MIXED_V1_T01_6_COMPONENTS_ODD_R_EVEN_C.pdsprj.M_TAHABINZAEEM.tahab.workspace,proteus/experiments/runs/mixed_res_cap_v1_6r_21r_temp_2026_05_31/MIXED_V1_T01_6_COMPONENTS_ODD_R_EVEN_C/MIXED_V1_T01_6_COMPONENTS_ODD_R_EVEN_C.pdsprj.M_TAHABINZAEEM.tahab.workspace,49f5c1eb414543e58046163c4a24ee2bd31ddcab420693dcd5a0a4fa95fec963,Proteus workspace sidecar,local-only reproducible infrastructure or disposable Proteus state,"preserved on disk, explicitly excluded from Git",*.workspace
experiments/mixed_res_cap_v1_6r_21r_temp_2026_05_31/MIXED_V1_T02_21_COMPONENTS_ODD_R_EVEN_C/MIXED_V1_T02_21_COMPONENTS_ODD_R_EVEN_C.pdsprj.M_TAHABINZAEEM.tahab.workspace,proteus/experiments/runs/mixed_res_cap_v1_6r_21r_temp_2026_05_31/MIXED_V1_T02_21_COMPONENTS_ODD_R_EVEN_C/MIXED_V1_T02_21_COMPONENTS_ODD_R_EVEN_C.pdsprj.M_TAHABINZAEEM.tahab.workspace,d441440f712fa642961a57a9dbbaa2cba87b88c093b2fd1cff6e042835dcf2cf,Proteus workspace sidecar,local-only reproducible infrastructure or disposable Proteus state,"preserved on disk, explicitly excluded from Git",*.workspace
new during reorganization,proteus/experiments/runs/mixed_two_pin_lm_op_terminal_v28_temp_2026_07_09/00_no_terminal_controls_test_first/V28_04_ALL_2PIN_LM_OP_24x_CAPPED_NO_TERMINAL_CONTROL.pdsprj.Vincero.Empty.workspace,0a068c74b0c29522649aac7034670e84e7f54b44a86f168ca6b7094d120eb4cc,Proteus workspace sidecar,local-only reproducible infrastructure or disposable Proteus state,"preserved on disk, explicitly excluded from Git",*.workspace
new during reorganization,proteus/experiments/runs/mixed_two_pin_lm_op_terminal_v28_temp_2026_07_09/01_terminalized_sa_test_these/V28_02_ALL_2PIN_LM_OP_9x_sa.pdsprj.Vincero.Empty.workspace,7059b9e716ab3edeccb1f4c9038c048b4887a624c3b0967310fcda67ede93cdb,Proteus workspace sidecar,local-only reproducible infrastructure or disposable Proteus state,"preserved on disk, explicitly excluded from Git",*.workspace
new during reorganization,proteus/experiments/runs/mixed_two_pin_lm_op_terminal_v28_temp_2026_07_09/01_terminalized_sa_test_these/V28_04_ALL_2PIN_LM_OP_24x_CAPPED_sa.pdsprj.Vincero.Empty.workspace,0ea2351e867d5660f329da36095a1f984447b3646019fc6cf797231ce45a454e,Proteus workspace sidecar,local-only reproducible infrastructure or disposable Proteus state,"preserved on disk, explicitly excluded from Git",*.workspace
new during reorganization,proteus/experiments/runs/mixed_two_pin_lm_op_terminal_v29_wire_boundary_temp_2026_07_09/01_terminalized_sa_test_these/V29_02_ALL_2PIN_LM_OP_9x_sa.pdsprj.Vincero.Empty.workspace,d06eadeea821f0e189b9806381e4eebb5fa86201ea440cbc1e88103708143c68,Proteus workspace sidecar,local-only reproducible infrastructure or disposable Proteus state,"preserved on disk, explicitly excluded from Git",*.workspace
new during reorganization,proteus/experiments/runs/multi_pin_catalogue_terminal_solo_v2_temp_2026_07_03/S01_NPN_1X_LIMIT_FROM_3X_13X_23X/S01_NPN_1X_LIMIT_FROM_3X_13X_23X.pdsprj.Vincero.Empty.workspace,ee82e8f1ff21c21c3e37030926595f9f91f37ea69777e0ffaf4c719cdba093c0,Proteus workspace sidecar,local-only reproducible infrastructure or disposable Proteus state,"preserved on disk, explicitly excluded from Git",*.workspace
new during reorganization,proteus/experiments/runs/multi_pin_catalogue_terminal_solo_v2_temp_2026_07_03/S02_PNP_1X_LIMIT_FROM_3X_13X_23X/S02_PNP_1X_LIMIT_FROM_3X_13X_23X.pdsprj.Vincero.Empty.workspace,d01fffe182a301f448d9eccce60b6b693134a6df7aa7b32c996ede39318b326e,Proteus workspace sidecar,local-only reproducible infrastructure or disposable Proteus state,"preserved on disk, explicitly excluded from Git",*.workspace
new during reorganization,proteus/experiments/runs/multi_pin_catalogue_terminal_solo_v2_temp_2026_07_03/S03_NE555_1X_LIMIT_FROM_3X_13X_23X/S03_NE555_1X_LIMIT_FROM_3X_13X_23X.pdsprj.Vincero.Empty.workspace,def5b6a826f40db70f2a7d8751e1ff35c834fdd19e30fc9f192ac97d0c0022e5,Proteus workspace sidecar,local-only reproducible infrastructure or disposable Proteus state,"preserved on disk, explicitly excluded from Git",*.workspace
new during reorganization,proteus/experiments/runs/multi_pin_catalogue_terminal_solo_v2_temp_2026_07_03/S07_4027_1X_LIMIT_FROM_3X_13X_23X/S07_4027_1X_LIMIT_FROM_3X_13X_23X.pdsprj.Vincero.Empty.workspace,d01fffe182a301f448d9eccce60b6b693134a6df7aa7b32c996ede39318b326e,Proteus workspace sidecar,local-only reproducible infrastructure or disposable Proteus state,"preserved on disk, explicitly excluded from Git",*.workspace
new during reorganization,proteus/experiments/runs/multi_pin_catalogue_terminal_solo_v2_temp_2026_07_03/S21_74HC157_1X_LIMIT_FROM_3X_13X_23X/S21_74HC157_1X_LIMIT_FROM_3X_13X_23X.pdsprj.Vincero.Empty.workspace,d01fffe182a301f448d9eccce60b6b693134a6df7aa7b32c996ede39318b326e,Proteus workspace sidecar,local-only reproducible infrastructure or disposable Proteus state,"preserved on disk, explicitly excluded from Git",*.workspace
new during reorganization,proteus/experiments/runs/multi_pin_catalogue_terminal_solo_v3_temp_2026_07_04/S01_NPN_1X_COORD_FRAME_FIX/S01_NPN_1X_COORD_FRAME_FIX.pdsprj.Vincero.Empty.workspace,959f23bb7438092641c46f6a7f5081a47662f0f8b2ce17e1ab419d60397146ba,Proteus workspace sidecar,local-only reproducible infrastructure or disposable Proteus state,"preserved on disk, explicitly excluded from Git",*.workspace
new during reorganization,proteus/experiments/runs/multi_pin_catalogue_terminal_solo_v3_temp_2026_07_04/S02_PNP_1X_COORD_FRAME_FIX/S02_PNP_1X_COORD_FRAME_FIX.pdsprj.Vincero.Empty.workspace,658e96ba0259ad1c448c6454642d7921c6f9aeaa8d24756e924e7aaa645f6468,Proteus workspace sidecar,local-only reproducible infrastructure or disposable Proteus state,"preserved on disk, explicitly excluded from Git",*.workspace
new during reorganization,proteus/experiments/runs/multi_pin_catalogue_terminal_solo_v3_temp_2026_07_04/S03_NE555_1X_COORD_FRAME_FIX/S03_NE555_1X_COORD_FRAME_FIX.pdsprj.Vincero.Empty.workspace,a8e14debdec162c11ca3a98a6894ccd448169c73f173be5c8074764e73d28b9c,Proteus workspace sidecar,local-only reproducible infrastructure or disposable Proteus state,"preserved on disk, explicitly excluded from Git",*.workspace
new during reorganization,proteus/experiments/runs/multi_pin_catalogue_terminal_solo_v3_temp_2026_07_04/S03_NE555_1X_COORD_FRAME_FIX/S03_NE555_1X_COORD_FRAME_FIX_sa.pdsprj.Vincero.Empty.workspace,a8e14debdec162c11ca3a98a6894ccd448169c73f173be5c8074764e73d28b9c,Proteus workspace sidecar,local-only reproducible infrastructure or disposable Proteus state,"preserved on disk, explicitly excluded from Git",*.workspace
new during reorganization,proteus/experiments/runs/multi_pin_catalogue_terminal_solo_v4_temp_2026_07_04/S01_NPN_1X_DOUBLE_FF_FIX/S01_NPN_1X_DOUBLE_FF_FIX.pdsprj.Vincero.Empty.workspace,30faf1d8ed2b7b1a5e0b1a994cca35dc70248db96efce1126f6cdb0e067aee31,Proteus workspace sidecar,local-only reproducible infrastructure or disposable Proteus state,"preserved on disk, explicitly excluded from Git",*.workspace
new during reorganization,proteus/experiments/runs/multi_pin_catalogue_terminal_solo_v4_temp_2026_07_04/S02_PNP_1X_DOUBLE_FF_FIX/S02_PNP_1X_DOUBLE_FF_FIX.pdsprj.Vincero.Empty.workspace,dfcae174384642cd85ca08c9bb63b37925d2d4008f09ab9cb9944bef3089438e,Proteus workspace sidecar,local-only reproducible infrastructure or disposable Proteus state,"preserved on disk, explicitly excluded from Git",*.workspace
new during reorganization,proteus/experiments/runs/multi_pin_catalogue_terminal_solo_v4_temp_2026_07_04/S03_NE555_1X_DOUBLE_FF_FIX/S03_NE555_1X_DOUBLE_FF_FIX.pdsprj.Vincero.Empty.workspace,2e2ad0e5df8d066ca9fe77301266cab4ce233fdc38e2c0c5fc7cd4efed65fb0d,Proteus workspace sidecar,local-only reproducible infrastructure or disposable Proteus state,"preserved on disk, explicitly excluded from Git",*.workspace
new during reorganization,proteus/experiments/runs/multi_pin_catalogue_terminal_solo_v4_temp_2026_07_04/S04_LM741_1X_DOUBLE_FF_FIX/S04_LM741_1X_DOUBLE_FF_FIX.pdsprj.Vincero.Empty.workspace,66d1eac3cb52cc902d2ebd73cad4b4f75ac73be1e2e9d2ee785cd43f46b5eba7,Proteus workspace sidecar,local-only reproducible infrastructure or disposable Proteus state,"preserved on disk, explicitly excluded from Git",*.workspace
new during reorganization,proteus/experiments/runs/multi_pin_catalogue_terminal_solo_v4_temp_2026_07_04/S07_4027_1X_DOUBLE_FF_FIX/S07_4027_1X_DOUBLE_FF_FIX.pdsprj.Vincero.Empty.workspace,f651e195e589e44cf40b0526889c16e42304309cc05df90b7290bd67a206e3a6,Proteus workspace sidecar,local-only reproducible infrastructure or disposable Proteus state,"preserved on disk, explicitly excluded from Git",*.workspace
new during reorganization,proteus/experiments/runs/multi_pin_catalogue_terminal_solo_v4_temp_2026_07_04/S08_7490_1X_DOUBLE_FF_FIX/S08_7490_1X_DOUBLE_FF_FIX.pdsprj.Vincero.Empty.workspace,8a3e866d3ba303222006c7824ec10ce09c7bcdcd6387ae8ff01efe2f37cc25f9,Proteus workspace sidecar,local-only reproducible infrastructure or disposable Proteus state,"preserved on disk, explicitly excluded from Git",*.workspace
new during reorganization,proteus/experiments/runs/multi_pin_catalogue_terminal_solo_v4_temp_2026_07_04/S12_74HC160_1X_DOUBLE_FF_FIX/S12_74HC160_1X_DOUBLE_FF_FIX.pdsprj.Vincero.Empty.workspace,a731ee353883dd4a1e1228fe8ddd1e573584e63174441baeb46d675359b2a053,Proteus workspace sidecar,local-only reproducible infrastructure or disposable Proteus state,"preserved on disk, explicitly excluded from Git",*.workspace
new during reorganization,proteus/experiments/runs/multi_pin_catalogue_terminal_solo_v4_temp_2026_07_04/S15_74HC192_1X_DOUBLE_FF_FIX/S15_74HC192_1X_DOUBLE_FF_FIX.pdsprj.Vincero.Empty.workspace,28c1302a30af2f517100d5bec5c65d15334189f11db54d4769890cf809764857,Proteus workspace sidecar,local-only reproducible infrastructure or disposable Proteus state,"preserved on disk, explicitly excluded from Git",*.workspace
new during reorganization,proteus/experiments/runs/multi_pin_catalogue_terminal_solo_v4_temp_2026_07_04/S17_74HC174_1X_DOUBLE_FF_FIX/S17_74HC174_1X_DOUBLE_FF_FIX.pdsprj.Vincero.Empty.workspace,7fa7a6ec4d4c36aa9d9558be78f329e58b0c0f6722e511f4cd41f24d81298da4,Proteus workspace sidecar,local-only reproducible infrastructure or disposable Proteus state,"preserved on disk, explicitly excluded from Git",*.workspace
new during reorganization,proteus/experiments/runs/multi_pin_catalogue_terminal_solo_v4_temp_2026_07_04/S19_74HC74_1X_DOUBLE_FF_FIX/S19_74HC74_1X_DOUBLE_FF_FIX.pdsprj.Vincero.Empty.workspace,5b10073339b9d9bec67c9c03e038838e4702dede806cc45ecef2f045093eda9e,Proteus workspace sidecar,local-only reproducible infrastructure or disposable Proteus state,"preserved on disk, explicitly excluded from Git",*.workspace
new during reorganization,proteus/experiments/runs/multi_pin_catalogue_terminal_solo_v4_temp_2026_07_04/S20_74HC76_1X_DOUBLE_FF_FIX/S20_74HC76_1X_DOUBLE_FF_FIX.pdsprj.Vincero.Empty.workspace,822554e2acbc1d6af99bd024eac734403a9d1a7b34b1e736119fc22561474dad,Proteus workspace sidecar,local-only reproducible infrastructure or disposable Proteus state,"preserved on disk, explicitly excluded from Git",*.workspace
new during reorganization,proteus/experiments/runs/multi_pin_catalogue_terminal_solo_v4_temp_2026_07_04/S21_74HC157_1X_DOUBLE_FF_FIX/S21_74HC157_1X_DOUBLE_FF_FIX.pdsprj.Vincero.Empty.workspace,30549fd6e72eb7697d7e0885b6465835f2ed97a56473143b673ab842d66b7fda,Proteus workspace sidecar,local-only reproducible infrastructure or disposable Proteus state,"preserved on disk, explicitly excluded from Git",*.workspace
new during reorganization,proteus/experiments/runs/multi_pin_catalogue_terminal_solo_v4_temp_2026_07_04/S23_74HC283_1X_DOUBLE_FF_FIX/S23_74HC283_1X_DOUBLE_FF_FIX.pdsprj.Vincero.Empty.workspace,5940f611c70a3265341b5c996ebe20d31186f63314c677f297c533a6444fb444,Proteus workspace sidecar,local-only reproducible infrastructure or disposable Proteus state,"preserved on disk, explicitly excluded from Git",*.workspace
new during reorganization,proteus/experiments/runs/multi_pin_catalogue_terminal_solo_v4_temp_2026_07_04/S25_74HC85_1X_DOUBLE_FF_FIX/S25_74HC85_1X_DOUBLE_FF_FIX.pdsprj.Vincero.Empty.workspace,0709c4be33ef0b1fe8e091ef273eb7057995e4f2448e091e7950bebe97188475,Proteus workspace sidecar,local-only reproducible infrastructure or disposable Proteus state,"preserved on disk, explicitly excluded from Git",*.workspace
new during reorganization,proteus/experiments/runs/multi_pin_catalogue_terminal_solo_v4_temp_2026_07_04/S26_7447_1X_DOUBLE_FF_FIX/S26_7447_1X_DOUBLE_FF_FIX.pdsprj.Vincero.Empty.workspace,7553468333e389f3efcd345b06db06f666b0b94beded2b07157bcabe17f1b4d7,Proteus workspace sidecar,local-only reproducible infrastructure or disposable Proteus state,"preserved on disk, explicitly excluded from Git",*.workspace
new during reorganization,proteus/experiments/runs/multi_pin_catalogue_terminal_solo_v5_temp_2026_07_04/S01_NPN_1X_MARKER_ANCHOR_FIX/S01_NPN_1X_MARKER_ANCHOR_FIX.pdsprj.Vincero.Empty.workspace,00af95153aa4c23fd99b0b34e2e723078d337d435fc841ed526f9c2c249a5652,Proteus workspace sidecar,local-only reproducible infrastructure or disposable Proteus state,"preserved on disk, explicitly excluded from Git",*.workspace
new during reorganization,proteus/experiments/runs/multi_pin_catalogue_terminal_solo_v5_temp_2026_07_04/S02_PNP_1X_MARKER_ANCHOR_FIX/S02_PNP_1X_MARKER_ANCHOR_FIX.pdsprj.Vincero.Empty.workspace,2e14181b28c71174e69d8d8c29f8f5bf3878715dc0b66e14db90d06458881b08,Proteus workspace sidecar,local-only reproducible infrastructure or disposable Proteus state,"preserved on disk, explicitly excluded from Git",*.workspace
new during reorganization,proteus/experiments/runs/multi_pin_catalogue_terminal_solo_v5_temp_2026_07_04/S03_NE555_1X_MARKER_ANCHOR_FIX/S03_NE555_1X_MARKER_ANCHOR_FIX.pdsprj.Vincero.Empty.workspace,b52c2a3f50d140b4b14c055685845db37fa03bbbc47ab0a7225aa1ce6100f0e6,Proteus workspace sidecar,local-only reproducible infrastructure or disposable Proteus state,"preserved on disk, explicitly excluded from Git",*.workspace
new during reorganization,proteus/experiments/runs/multi_pin_catalogue_terminal_solo_v5_temp_2026_07_04/S04_LM741_1X_MARKER_ANCHOR_FIX/S04_LM741_1X_MARKER_ANCHOR_FIX.pdsprj.Vincero.Empty.workspace,e770b39ddb65896086ca2206095ad486ba5e29d29476e156b243f2a0761e15e6,Proteus workspace sidecar,local-only reproducible infrastructure or disposable Proteus state,"preserved on disk, explicitly excluded from Git",*.workspace
new during reorganization,proteus/experiments/runs/multi_pin_catalogue_terminal_solo_v5_temp_2026_07_04/S05_4017_1X_MARKER_ANCHOR_FIX/S05_4017_1X_MARKER_ANCHOR_FIX.pdsprj.Vincero.Empty.workspace,ba56232c402fabeac226c853f78bfb186fcf790c92033b7d17e6b3a975dc9938,Proteus workspace sidecar,local-only reproducible infrastructure or disposable Proteus state,"preserved on disk, explicitly excluded from Git",*.workspace
new during reorganization,proteus/experiments/runs/multi_pin_catalogue_terminal_solo_v5_temp_2026_07_04/S06_4020_1X_MARKER_ANCHOR_FIX/S06_4020_1X_MARKER_ANCHOR_FIX.pdsprj.Vincero.Empty.workspace,da506f081a4324ca1022261c2b30f3a5153e871d7941ffcc1bce0016327dec3a,Proteus workspace sidecar,local-only reproducible infrastructure or disposable Proteus state,"preserved on disk, explicitly excluded from Git",*.workspace
new during reorganization,proteus/experiments/runs/multi_pin_catalogue_terminal_solo_v5_temp_2026_07_04/S07_4027_1X_MARKER_ANCHOR_FIX/S07_4027_1X_MARKER_ANCHOR_FIX.pdsprj.Vincero.Empty.workspace,dbfe401188799dad0e2f1203c45ec3d59284dc85b5416c016d23fb924ecc0b62,Proteus workspace sidecar,local-only reproducible infrastructure or disposable Proteus state,"preserved on disk, explicitly excluded from Git",*.workspace
new during reorganization,proteus/experiments/runs/multi_pin_catalogue_terminal_solo_v5_temp_2026_07_04/S08_7490_1X_MARKER_ANCHOR_FIX/S08_7490_1X_MARKER_ANCHOR_FIX.pdsprj.Vincero.Empty.workspace,66785132d069763ca9b457810f484ebbd216408acfe9496d1d10f6ea7f24b149,Proteus workspace sidecar,local-only reproducible infrastructure or disposable Proteus state,"preserved on disk, explicitly excluded from Git",*.workspace
new during reorganization,proteus/experiments/runs/multi_pin_catalogue_terminal_solo_v5_temp_2026_07_04/S09_74HC4024_1X_MARKER_ANCHOR_FIX/S09_74HC4024_1X_MARKER_ANCHOR_FIX.pdsprj.Vincero.Empty.workspace,3e513f7472f027f689cc91d979a17170d9474bdf00fa06c0c356591f569d5160,Proteus workspace sidecar,local-only reproducible infrastructure or disposable Proteus state,"preserved on disk, explicitly excluded from Git",*.workspace
new during reorganization,proteus/experiments/runs/multi_pin_catalogue_terminal_solo_v5_temp_2026_07_04/S10_74HC4040_1X_MARKER_ANCHOR_FIX/S10_74HC4040_1X_MARKER_ANCHOR_FIX.pdsprj.Vincero.Empty.workspace,5209f3f1c744e8a33d685c38e159205a395a0b8d1e92f479a6c3f12f0497b70a,Proteus workspace sidecar,local-only reproducible infrastructure or disposable Proteus state,"preserved on disk, explicitly excluded from Git",*.workspace
new during reorganization,proteus/experiments/runs/multi_pin_catalogue_terminal_solo_v5_temp_2026_07_04/S11_74HC4060_1X_MARKER_ANCHOR_FIX/S11_74HC4060_1X_MARKER_ANCHOR_FIX.pdsprj.Vincero.Empty.workspace,0361dc26d48923a633ffd1071d8e3a09d3f6f76d852bb0d473d03360cbdd6f1a,Proteus workspace sidecar,local-only reproducible infrastructure or disposable Proteus state,"preserved on disk, explicitly excluded from Git",*.workspace
new during reorganization,proteus/experiments/runs/multi_pin_catalogue_terminal_solo_v5_temp_2026_07_04/S12_74HC160_1X_MARKER_ANCHOR_FIX/S12_74HC160_1X_MARKER_ANCHOR_FIX.pdsprj.Vincero.Empty.workspace,5b71199d3adca6bcca0bac92e4d1f9673f011085fd58d29e3fd2f3d7c244257e,Proteus workspace sidecar,local-only reproducible infrastructure or disposable Proteus state,"preserved on disk, explicitly excluded from Git",*.workspace
new during reorganization,proteus/experiments/runs/multi_pin_catalogue_terminal_solo_v5_temp_2026_07_04/S13_74HC161_1X_MARKER_ANCHOR_FIX/S13_74HC161_1X_MARKER_ANCHOR_FIX.pdsprj.Vincero.Empty.workspace,725a22a1be5017b86736615bf49efac04f58b46c1c47e345217bb33e06dc6426,Proteus workspace sidecar,local-only reproducible infrastructure or disposable Proteus state,"preserved on disk, explicitly excluded from Git",*.workspace
new during reorganization,proteus/experiments/runs/multi_pin_catalogue_terminal_solo_v5_temp_2026_07_04/S14_74HC163_1X_MARKER_ANCHOR_FIX/S14_74HC163_1X_MARKER_ANCHOR_FIX.pdsprj.Vincero.Empty.workspace,fc87b456d250f1350b378c78f9c795413c3619869cc39d15b2f3a774b458a17d,Proteus workspace sidecar,local-only reproducible infrastructure or disposable Proteus state,"preserved on disk, explicitly excluded from Git",*.workspace
new during reorganization,proteus/experiments/runs/multi_pin_catalogue_terminal_solo_v5_temp_2026_07_04/S15_74HC192_1X_MARKER_ANCHOR_FIX/S15_74HC192_1X_MARKER_ANCHOR_FIX.pdsprj.Vincero.Empty.workspace,f3dd684fde4e1b43997cb18d411b7fae019b6b7b335e9165863e89e13c6368d2,Proteus workspace sidecar,local-only reproducible infrastructure or disposable Proteus state,"preserved on disk, explicitly excluded from Git",*.workspace
new during reorganization,proteus/experiments/runs/multi_pin_catalogue_terminal_solo_v5_temp_2026_07_04/S16_74HC193_1X_MARKER_ANCHOR_FIX/S16_74HC193_1X_MARKER_ANCHOR_FIX.pdsprj.Vincero.Empty.workspace,cb07015ea5fc9da7ce7ece2f9fcbcebf326c02eb5f76db91f67356e0d84fd4d1,Proteus workspace sidecar,local-only reproducible infrastructure or disposable Proteus state,"preserved on disk, explicitly excluded from Git",*.workspace
new during reorganization,proteus/experiments/runs/multi_pin_catalogue_terminal_solo_v5_temp_2026_07_04/S17_74HC174_1X_MARKER_ANCHOR_FIX/S17_74HC174_1X_MARKER_ANCHOR_FIX.pdsprj.Vincero.Empty.workspace,be768a3fa5b2fe2461551fe2fff04cdfaf9ec33ac6e34d64230ca345002adca1,Proteus workspace sidecar,local-only reproducible infrastructure or disposable Proteus state,"preserved on disk, explicitly excluded from Git",*.workspace
new during reorganization,proteus/experiments/runs/multi_pin_catalogue_terminal_solo_v5_temp_2026_07_04/S18_74HC273_1X_MARKER_ANCHOR_FIX/S18_74HC273_1X_MARKER_ANCHOR_FIX.pdsprj.Vincero.Empty.workspace,805c150b29b97f2124bc7ea925704634504e7e8e4b0211319ac46b085444d4b5,Proteus workspace sidecar,local-only reproducible infrastructure or disposable Proteus state,"preserved on disk, explicitly excluded from Git",*.workspace
new during reorganization,proteus/experiments/runs/multi_pin_catalogue_terminal_solo_v5_temp_2026_07_04/S19_74HC74_1X_MARKER_ANCHOR_FIX/S19_74HC74_1X_MARKER_ANCHOR_FIX.pdsprj.Vincero.Empty.workspace,80d70131ce58b65c71b35d88c443a6ecd7f4caa1b84f24be569a6a627e8c98e9,Proteus workspace sidecar,local-only reproducible infrastructure or disposable Proteus state,"preserved on disk, explicitly excluded from Git",*.workspace
new during reorganization,proteus/experiments/runs/multi_pin_catalogue_terminal_solo_v5_temp_2026_07_04/S20_74HC76_1X_MARKER_ANCHOR_FIX/S20_74HC76_1X_MARKER_ANCHOR_FIX.pdsprj.Vincero.Empty.workspace,7cd00c6384e46dabc9b8f60af27ac532d20d6aee5d99d092a0cd1e49e2961f80,Proteus workspace sidecar,local-only reproducible infrastructure or disposable Proteus state,"preserved on disk, explicitly excluded from Git",*.workspace
new during reorganization,proteus/experiments/runs/multi_pin_catalogue_terminal_solo_v5_temp_2026_07_04/S21_74HC157_1X_MARKER_ANCHOR_FIX/S21_74HC157_1X_MARKER_ANCHOR_FIX.pdsprj.Vincero.Empty.workspace,4bf5d04f0378ceb21f96e65ded4e81a2a8c3086da3bd9169acbf64a353f83637,Proteus workspace sidecar,local-only reproducible infrastructure or disposable Proteus state,"preserved on disk, explicitly excluded from Git",*.workspace
new during reorganization,proteus/experiments/runs/multi_pin_catalogue_terminal_solo_v5_temp_2026_07_04/S22_74HC165_1X_MARKER_ANCHOR_FIX/S22_74HC165_1X_MARKER_ANCHOR_FIX.pdsprj.Vincero.Empty.workspace,9493b03947c93259a3e62dddad9667c59b2410234fbf0a3142f697860133197f,Proteus workspace sidecar,local-only reproducible infrastructure or disposable Proteus state,"preserved on disk, explicitly excluded from Git",*.workspace
new during reorganization,proteus/experiments/runs/multi_pin_catalogue_terminal_solo_v5_temp_2026_07_04/S23_74HC283_1X_MARKER_ANCHOR_FIX/S23_74HC283_1X_MARKER_ANCHOR_FIX.pdsprj.Vincero.Empty.workspace,bcc47e57a69b59058192290ffd0262545247497b280b702c7685d950a1f0d93d,Proteus workspace sidecar,local-only reproducible infrastructure or disposable Proteus state,"preserved on disk, explicitly excluded from Git",*.workspace
new during reorganization,proteus/experiments/runs/multi_pin_catalogue_terminal_solo_v5_temp_2026_07_04/S24_74HC595_1X_MARKER_ANCHOR_FIX/S24_74HC595_1X_MARKER_ANCHOR_FIX.pdsprj.Vincero.Empty.workspace,bb312416ee20e06e6aefe8627bce304267e7ab368a9bd4a85f57577e20eaf890,Proteus workspace sidecar,local-only reproducible infrastructure or disposable Proteus state,"preserved on disk, explicitly excluded from Git",*.workspace
new during reorganization,proteus/experiments/runs/multi_pin_catalogue_terminal_solo_v5_temp_2026_07_04/S25_74HC85_1X_MARKER_ANCHOR_FIX/S25_74HC85_1X_MARKER_ANCHOR_FIX.pdsprj.Vincero.Empty.workspace,75ba3da2722e733bd51bcb8c9b07c9a616f8776fca52e0a25f99ee88972b798d,Proteus workspace sidecar,local-only reproducible infrastructure or disposable Proteus state,"preserved on disk, explicitly excluded from Git",*.workspace
new during reorganization,proteus/experiments/runs/multi_pin_catalogue_terminal_solo_v5_temp_2026_07_04/S26_7447_1X_MARKER_ANCHOR_FIX/S26_7447_1X_MARKER_ANCHOR_FIX.pdsprj.Vincero.Empty.workspace,55e81201798a3ab1c1c4d9dcee9b6af11ef4e7e51729cd6e6aefbb5324876b2f,Proteus workspace sidecar,local-only reproducible infrastructure or disposable Proteus state,"preserved on disk, explicitly excluded from Git",*.workspace
new during reorganization,proteus/experiments/runs/multi_pin_catalogue_terminal_solo_v6_temp_2026_07_04/S01_NPN_1X_V6_COORD_FIX/S01_NPN_1X_V6_COORD_FIX.pdsprj.Vincero.Empty.workspace,c173c80d30ae736d1481c3955bdd4bd565699869350cf4f7040ea58ee14f8f94,Proteus workspace sidecar,local-only reproducible infrastructure or disposable Proteus state,"preserved on disk, explicitly excluded from Git",*.workspace
new during reorganization,proteus/experiments/runs/multi_pin_catalogue_terminal_solo_v6_temp_2026_07_04/S02_PNP_1X_V6_COORD_FIX/S02_PNP_1X_V6_COORD_FIX.pdsprj.Vincero.Empty.workspace,083f6e47d4578058ebe48b77ad32ce7ba0f96d46ebb045746a062ab4cca0afcb,Proteus workspace sidecar,local-only reproducible infrastructure or disposable Proteus state,"preserved on disk, explicitly excluded from Git",*.workspace
new during reorganization,proteus/experiments/runs/multi_pin_catalogue_terminal_solo_v6_temp_2026_07_04/S03_NE555_1X_V6_COORD_FIX/S03_NE555_1X_V6_COORD_FIX.pdsprj.Vincero.Empty.workspace,5647e75e99d9df9e2549551a927a2de4c729724be752397c2828a74cc78c5c86,Proteus workspace sidecar,local-only reproducible infrastructure or disposable Proteus state,"preserved on disk, explicitly excluded from Git",*.workspace
new during reorganization,proteus/experiments/runs/multi_pin_catalogue_terminal_solo_v6_temp_2026_07_04/S04_LM741_1X_V6_COORD_FIX/S04_LM741_1X_V6_COORD_FIX.pdsprj.Vincero.Empty.workspace,1773eac8b8b6cb81d192b2f673dd2c41a1718750e2d96243c72833d079c9dfd8,Proteus workspace sidecar,local-only reproducible infrastructure or disposable Proteus state,"preserved on disk, explicitly excluded from Git",*.workspace
new during reorganization,proteus/experiments/runs/multi_pin_catalogue_terminal_solo_v6_temp_2026_07_04/S05_4017_1X_V6_COORD_FIX/S05_4017_1X_V6_COORD_FIX.pdsprj.Vincero.Empty.workspace,d1022890a981ccf7e1be8f26f6c8e5265c09a9b4ee7296cd84dd95567fd5957d,Proteus workspace sidecar,local-only reproducible infrastructure or disposable Proteus state,"preserved on disk, explicitly excluded from Git",*.workspace
new during reorganization,proteus/experiments/runs/multi_pin_catalogue_terminal_solo_v6_temp_2026_07_04/S07_4027_1X_V6_COORD_FIX/S07_4027_1X_V6_COORD_FIX.pdsprj.Vincero.Empty.workspace,dd02d2c90ac979b613f8af5bf9a253a57573ffeb9cf59c9a7354426dd3f788fd,Proteus workspace sidecar,local-only reproducible infrastructure or disposable Proteus state,"preserved on disk, explicitly excluded from Git",*.workspace
new during reorganization,proteus/experiments/runs/multi_pin_catalogue_terminal_solo_v6_temp_2026_07_04/S11_74HC4060_1X_V6_COORD_FIX/S11_74HC4060_1X_V6_COORD_FIX.pdsprj.Vincero.Empty.workspace,fdbe2c0b03aefb8d489a1297a6413ed0861d8df4b4179d44eb548d6c2e269c5e,Proteus workspace sidecar,local-only reproducible infrastructure or disposable Proteus state,"preserved on disk, explicitly excluded from Git",*.workspace
new during reorganization,proteus/experiments/runs/multi_pin_catalogue_terminal_solo_v6_temp_2026_07_04/S12_74HC160_1X_V6_COORD_FIX/S12_74HC160_1X_V6_COORD_FIX.pdsprj.Vincero.Empty.workspace,979de25b1d85ae2a9f2f47a0c43cc0963554580fa4eedbc7110380c4bded6b19,Proteus workspace sidecar,local-only reproducible infrastructure or disposable Proteus state,"preserved on disk, explicitly excluded from Git",*.workspace
new during reorganization,proteus/experiments/runs/multi_pin_catalogue_terminal_solo_v6_temp_2026_07_04/S13_74HC161_1X_V6_COORD_FIX/S13_74HC161_1X_V6_COORD_FIX.pdsprj.Vincero.Empty.workspace,d3e760dfc443f9c7f27036776a434cbcb426b93519d367fc72401cd80c60b0d8,Proteus workspace sidecar,local-only reproducible infrastructure or disposable Proteus state,"preserved on disk, explicitly excluded from Git",*.workspace
new during reorganization,proteus/experiments/runs/multi_pin_catalogue_terminal_solo_v6_temp_2026_07_04/S14_74HC163_1X_V6_COORD_FIX/S14_74HC163_1X_V6_COORD_FIX.pdsprj.Vincero.Empty.workspace,6b533bc9ce66ed7bf39e38eeaecd05819739a584c799becb789be4b806a90c69,Proteus workspace sidecar,local-only reproducible infrastructure or disposable Proteus state,"preserved on disk, explicitly excluded from Git",*.workspace
new during reorganization,proteus/experiments/runs/multi_pin_catalogue_terminal_solo_v6_temp_2026_07_04/S15_74HC192_1X_V6_COORD_FIX/S15_74HC192_1X_V6_COORD_FIX.pdsprj.Vincero.Empty.workspace,2060716c23c50540486c031d49e9f54791c815b668cd33db992277b7d4e15383,Proteus workspace sidecar,local-only reproducible infrastructure or disposable Proteus state,"preserved on disk, explicitly excluded from Git",*.workspace
new during reorganization,proteus/experiments/runs/multi_pin_catalogue_terminal_solo_v6_temp_2026_07_04/S23_74HC283_1X_V6_COORD_FIX/S23_74HC283_1X_V6_COORD_FIX.pdsprj.Vincero.Empty.workspace,a7b62a5a9337a36fc0addd15b50c4859092b4116eb1cd7277d99644c3dfba5fc,Proteus workspace sidecar,local-only reproducible infrastructure or disposable Proteus state,"preserved on disk, explicitly excluded from Git",*.workspace
new during reorganization,proteus/experiments/runs/multi_pin_missing_terminal_donor_bases_v1_temp_2026_07_04/M01_4511_1X_NO_TERMINAL_DONOR_BASE/M01_4511_1X_NO_TERMINAL_DONOR_BASE.pdsprj.Vincero.Empty.workspace,2e47f272a3d78a568ef2681fd8e71f7b5afe15dc9705011e7be18544c05d80d3,Proteus workspace sidecar,local-only reproducible infrastructure or disposable Proteus state,"preserved on disk, explicitly excluded from Git",*.workspace
new during reorganization,"proteus/experiments/runs/multi_pin_missing_terminal_donor_bases_v1_temp_2026_07_04/M01_4511_1X_NO_TERMINAL_DONOR_BASE/Project Backups/M01_4511_1X_NO_TERMINAL_DONOR_BASE [20260704, 12-27-00].pdsprj",9fbf0e06c1295d8e306cfcee63dbc62243cf236728ffd32eda41c791aa9f32da,Proteus application backup,local-only reproducible infrastructure or disposable Proteus state,"preserved on disk, explicitly excluded from Git",**/Project Backups/
new during reorganization,proteus/experiments/runs/multi_pin_missing_terminal_donor_bases_v1_temp_2026_07_04/M03_74HC00_6X_NO_TERMINAL_DONOR_BASE/M03_74HC00_6X_NO_TERMINAL_DONOR_BASE.pdsprj.Vincero.Empty.workspace,13c10bd4fd5f8decbca3f6c7947beef3804d19de3221003de00fe1cd5a654d08,Proteus workspace sidecar,local-only reproducible infrastructure or disposable Proteus state,"preserved on disk, explicitly excluded from Git",*.workspace
new during reorganization,"proteus/experiments/runs/multi_pin_missing_terminal_donor_bases_v1_temp_2026_07_04/M03_74HC00_6X_NO_TERMINAL_DONOR_BASE/Project Backups/M03_74HC00_6X_NO_TERMINAL_DONOR_BASE [20260704, 12-33-07].pdsprj",4507b3715ea1a0cd61bb6c915b5c07ec36601cc03105e1319e2aa3f26628c9a2,Proteus application backup,local-only reproducible infrastructure or disposable Proteus state,"preserved on disk, explicitly excluded from Git",**/Project Backups/
new during reorganization,"proteus/experiments/runs/multi_pin_missing_terminal_donor_bases_v1_temp_2026_07_04/M03_74HC00_6X_NO_TERMINAL_DONOR_BASE/Project Backups/M03_74HC00_6X_NO_TERMINAL_DONOR_BASE [20260704, 12-33-09].pdsprj",61c8a4a6969041d3e373377ac18978190f709cc1d24b95923620de7ba5c90407,Proteus application backup,local-only reproducible infrastructure or disposable Proteus state,"preserved on disk, explicitly excluded from Git",**/Project Backups/
new during reorganization,"proteus/experiments/runs/multi_pin_missing_terminal_donor_bases_v1_temp_2026_07_04/M03_74HC00_6X_NO_TERMINAL_DONOR_BASE/Project Backups/M03_74HC00_6X_NO_TERMINAL_DONOR_BASE [20260704, 12-33-10].pdsprj",964f7441681fe220ba880ebd0abc80e6ae1d0053d68941c1c4e5304dde8dc012,Proteus application backup,local-only reproducible infrastructure or disposable Proteus state,"preserved on disk, explicitly excluded from Git",**/Project Backups/
new during reorganization,"proteus/experiments/runs/multi_pin_missing_terminal_donor_bases_v1_temp_2026_07_04/M03_74HC00_6X_NO_TERMINAL_DONOR_BASE/Project Backups/M03_74HC00_6X_NO_TERMINAL_DONOR_BASE [20260704, 12-33-11].pdsprj",f1ea4eb07449768b41f95b43e644193302b3fc19ff0c311c8fe34df9d7262a32,Proteus application backup,local-only reproducible infrastructure or disposable Proteus state,"preserved on disk, explicitly excluded from Git",**/Project Backups/
new during reorganization,"proteus/experiments/runs/multi_pin_missing_terminal_donor_bases_v1_temp_2026_07_04/M03_74HC00_6X_NO_TERMINAL_DONOR_BASE/Project Backups/M03_74HC00_6X_NO_TERMINAL_DONOR_BASE [20260704, 12-33-12].pdsprj",95602cec2a3e355f97a4f8f6de100d8267917813c798ce6e5fcb8f1825d68134,Proteus application backup,local-only reproducible infrastructure or disposable Proteus state,"preserved on disk, explicitly excluded from Git",**/Project Backups/
new during reorganization,"proteus/experiments/runs/multi_pin_missing_terminal_donor_bases_v1_temp_2026_07_04/M03_74HC00_6X_NO_TERMINAL_DONOR_BASE/Project Backups/M03_74HC00_6X_NO_TERMINAL_DONOR_BASE [20260704, 12-33-13].pdsprj",2c5d4c668003ce062826211c8f22e549065996c74cfa10ad26cd9714f436c6a0,Proteus application backup,local-only reproducible infrastructure or disposable Proteus state,"preserved on disk, explicitly excluded from Git",**/Project Backups/
new during reorganization,proteus/experiments/runs/multi_pin_missing_terminal_donor_bases_v1_temp_2026_07_04/M04_74HC02_6X_NO_TERMINAL_DONOR_BASE/M04_74HC02_6X_NO_TERMINAL_DONOR_BASE.pdsprj.Vincero.Empty.workspace,251c7219f4df499964791f5ae0b666746f07319cdf67196ff810eef0ba058ca8,Proteus workspace sidecar,local-only reproducible infrastructure or disposable Proteus state,"preserved on disk, explicitly excluded from Git",*.workspace
new during reorganization,"proteus/experiments/runs/multi_pin_missing_terminal_donor_bases_v1_temp_2026_07_04/M04_74HC02_6X_NO_TERMINAL_DONOR_BASE/Project Backups/M04_74HC02_6X_NO_TERMINAL_DONOR_BASE [20260704, 12-39-25].pdsprj",f95fbb889c67e78968b9eb523a463c8dd119c5583d2240b628abfef94223539c,Proteus application backup,local-only reproducible infrastructure or disposable Proteus state,"preserved on disk, explicitly excluded from Git",**/Project Backups/
new during reorganization,"proteus/experiments/runs/multi_pin_missing_terminal_donor_bases_v1_temp_2026_07_04/M04_74HC02_6X_NO_TERMINAL_DONOR_BASE/Project Backups/M04_74HC02_6X_NO_TERMINAL_DONOR_BASE [20260704, 12-39-26].pdsprj",6d776abf9a15bfc1a4ae3673c2178e6ff5d7b2f77dc98d9fbc57beff13fb4ea1,Proteus application backup,local-only reproducible infrastructure or disposable Proteus state,"preserved on disk, explicitly excluded from Git",**/Project Backups/
new during reorganization,"proteus/experiments/runs/multi_pin_missing_terminal_donor_bases_v1_temp_2026_07_04/M04_74HC02_6X_NO_TERMINAL_DONOR_BASE/Project Backups/M04_74HC02_6X_NO_TERMINAL_DONOR_BASE [20260704, 12-39-27].pdsprj",6d776abf9a15bfc1a4ae3673c2178e6ff5d7b2f77dc98d9fbc57beff13fb4ea1,Proteus application backup,local-only reproducible infrastructure or disposable Proteus state,"preserved on disk, explicitly excluded from Git",**/Project Backups/
new during reorganization,proteus/experiments/runs/multi_pin_missing_terminal_donor_bases_v1_temp_2026_07_04/M06_74HC08_1X_NO_TERMINAL_DONOR_BASE/M06_74HC08_1X_NO_TERMINAL_DONOR_BASE.pdsprj.Vincero.Empty.workspace,9e386820fd24f7df73f710521670526cf5612e3846a938b8c73d883b60186c65,Proteus workspace sidecar,local-only reproducible infrastructure or disposable Proteus state,"preserved on disk, explicitly excluded from Git",*.workspace
new during reorganization,"proteus/experiments/runs/multi_pin_missing_terminal_donor_bases_v1_temp_2026_07_04/M06_74HC08_1X_NO_TERMINAL_DONOR_BASE/Project Backups/M06_74HC08_1X_NO_TERMINAL_DONOR_BASE [20260704, 12-47-49].pdsprj",ba53525026e40b92e0c48a0ba38dac109504810c5420ee81072ff3e06020f0dd,Proteus application backup,local-only reproducible infrastructure or disposable Proteus state,"preserved on disk, explicitly excluded from Git",**/Project Backups/
new during reorganization,"proteus/experiments/runs/multi_pin_missing_terminal_donor_bases_v1_temp_2026_07_04/M06_74HC08_1X_NO_TERMINAL_DONOR_BASE/Project Backups/M06_74HC08_1X_NO_TERMINAL_DONOR_BASE [20260704, 12-47-50].pdsprj",ba53525026e40b92e0c48a0ba38dac109504810c5420ee81072ff3e06020f0dd,Proteus application backup,local-only reproducible infrastructure or disposable Proteus state,"preserved on disk, explicitly excluded from Git",**/Project Backups/
new during reorganization,proteus/experiments/runs/multi_pin_missing_terminal_donor_bases_v1_temp_2026_07_04/M07_74HC151_1X_NO_TERMINAL_DONOR_BASE/M07_74HC151_1X_NO_TERMINAL_DONOR_BASE.pdsprj.Vincero.Empty.workspace,c5e9b2da6a37546a4f5ba60b2e191a40b2229129c55b47bb79e781bd5eb6e848,Proteus workspace sidecar,local-only reproducible infrastructure or disposable Proteus state,"preserved on disk, explicitly excluded from Git",*.workspace
new during reorganization,"proteus/experiments/runs/multi_pin_missing_terminal_donor_bases_v1_temp_2026_07_04/M07_74HC151_1X_NO_TERMINAL_DONOR_BASE/Project Backups/M07_74HC151_1X_NO_TERMINAL_DONOR_BASE [20260704, 12-52-45].pdsprj",40cbfe0d33e2d37742a39ddac0745bf86390dd5f912178ce942be05f394b9480,Proteus application backup,local-only reproducible infrastructure or disposable Proteus state,"preserved on disk, explicitly excluded from Git",**/Project Backups/
new during reorganization,"proteus/experiments/runs/multi_pin_missing_terminal_donor_bases_v1_temp_2026_07_04/M07_74HC151_1X_NO_TERMINAL_DONOR_BASE/Project Backups/M07_74HC151_1X_NO_TERMINAL_DONOR_BASE [20260704, 12-52-46].pdsprj",1ad97be63313799c0fec6fc30420835af7f5270c7266c1729eef09ee5c736cf4,Proteus application backup,local-only reproducible infrastructure or disposable Proteus state,"preserved on disk, explicitly excluded from Git",**/Project Backups/
new during reorganization,"proteus/experiments/runs/multi_pin_missing_terminal_donor_bases_v1_temp_2026_07_04/M07_74HC151_1X_NO_TERMINAL_DONOR_BASE/Project Backups/M07_74HC151_1X_NO_TERMINAL_DONOR_BASE [20260704, 12-52-47].pdsprj",1ad97be63313799c0fec6fc30420835af7f5270c7266c1729eef09ee5c736cf4,Proteus application backup,local-only reproducible infrastructure or disposable Proteus state,"preserved on disk, explicitly excluded from Git",**/Project Backups/
new during reorganization,"proteus/experiments/runs/multi_pin_missing_terminal_donor_bases_v1_temp_2026_07_04/M07_74HC151_1X_NO_TERMINAL_DONOR_BASE/Project Backups/M07_74HC151_1X_NO_TERMINAL_DONOR_BASE [20260704, 12-52-48].pdsprj",904f320af6f766eadcd7558254a07df7c5b7388599660aea7208c79fbaf0911c,Proteus application backup,local-only reproducible infrastructure or disposable Proteus state,"preserved on disk, explicitly excluded from Git",**/Project Backups/
new during reorganization,proteus/experiments/runs/multi_pin_missing_terminal_donor_bases_v1_temp_2026_07_04/M08_74HC266_1X_NO_TERMINAL_DONOR_BASE/M08_74HC266_1X_NO_TERMINAL_DONOR_BASE.pdsprj.Vincero.Empty.workspace,c660e22c96c5f914aad8b458eee87849d272ea5e3468ffac987868be7f3c4669,Proteus workspace sidecar,local-only reproducible infrastructure or disposable Proteus state,"preserved on disk, explicitly excluded from Git",*.workspace
new during reorganization,"proteus/experiments/runs/multi_pin_missing_terminal_donor_bases_v1_temp_2026_07_04/M08_74HC266_1X_NO_TERMINAL_DONOR_BASE/Project Backups/M08_74HC266_1X_NO_TERMINAL_DONOR_BASE [20260704, 12-57-17].pdsprj",5c8c8a053d1e8d9f22ad03163852ca1f0fd5c699ec68d741ef2357a1e0a420b4,Proteus application backup,local-only reproducible infrastructure or disposable Proteus state,"preserved on disk, explicitly excluded from Git",**/Project Backups/
new during reorganization,"proteus/experiments/runs/multi_pin_missing_terminal_donor_bases_v1_temp_2026_07_04/M08_74HC266_1X_NO_TERMINAL_DONOR_BASE/Project Backups/M08_74HC266_1X_NO_TERMINAL_DONOR_BASE [20260704, 12-57-18].pdsprj",1321d57058958fdac723fd2af21ed8253cddfdac698daf71192b8fd83897dfa2,Proteus application backup,local-only reproducible infrastructure or disposable Proteus state,"preserved on disk, explicitly excluded from Git",**/Project Backups/
new during reorganization,"proteus/experiments/runs/multi_pin_missing_terminal_donor_bases_v1_temp_2026_07_04/M08_74HC266_1X_NO_TERMINAL_DONOR_BASE/Project Backups/M08_74HC266_1X_NO_TERMINAL_DONOR_BASE [20260704, 12-57-19].pdsprj",bb0304b3baa6c63ae1d7eb378bd1d42859931a09c53ea59a084fe05ae743d978,Proteus application backup,local-only reproducible infrastructure or disposable Proteus state,"preserved on disk, explicitly excluded from Git",**/Project Backups/
new during reorganization,proteus/experiments/runs/multi_pin_missing_terminal_donor_bases_v1_temp_2026_07_04/M09_74HC32_1X_NO_TERMINAL_DONOR_BASE/M09_74HC32_1X_NO_TERMINAL_DONOR_BASE.pdsprj.Vincero.Empty.workspace,d4f5a92bcfd9e11cb930b95c15651b12ecb23ffb5342db219cd2da8c73e40cc8,Proteus workspace sidecar,local-only reproducible infrastructure or disposable Proteus state,"preserved on disk, explicitly excluded from Git",*.workspace
new during reorganization,"proteus/experiments/runs/multi_pin_missing_terminal_donor_bases_v1_temp_2026_07_04/M09_74HC32_1X_NO_TERMINAL_DONOR_BASE/Project Backups/M09_74HC32_1X_NO_TERMINAL_DONOR_BASE [20260704, 13-01-22].pdsprj",b5e972db6b309f67c2cc9c9fc457dac37caa90098f6f2980e100420f6c4bae72,Proteus application backup,local-only reproducible infrastructure or disposable Proteus state,"preserved on disk, explicitly excluded from Git",**/Project Backups/
new during reorganization,"proteus/experiments/runs/multi_pin_missing_terminal_donor_bases_v1_temp_2026_07_04/M09_74HC32_1X_NO_TERMINAL_DONOR_BASE/Project Backups/M09_74HC32_1X_NO_TERMINAL_DONOR_BASE [20260704, 13-01-23].pdsprj",79cdc4a3b73099049dfe076fc330463f651ba9936c01ea19789672c6a1ba3c83,Proteus application backup,local-only reproducible infrastructure or disposable Proteus state,"preserved on disk, explicitly excluded from Git",**/Project Backups/
new during reorganization,"proteus/experiments/runs/multi_pin_missing_terminal_donor_bases_v1_temp_2026_07_04/M09_74HC32_1X_NO_TERMINAL_DONOR_BASE/Project Backups/M09_74HC32_1X_NO_TERMINAL_DONOR_BASE [20260704, 13-01-24].pdsprj",9e652acbefc1fee7d4b7f2eb3d847b26f7d6fb8ea4f8012587001f776324de47,Proteus application backup,local-only reproducible infrastructure or disposable Proteus state,"preserved on disk, explicitly excluded from Git",**/Project Backups/
new during reorganization,"proteus/experiments/runs/multi_pin_missing_terminal_donor_bases_v1_temp_2026_07_04/M09_74HC32_1X_NO_TERMINAL_DONOR_BASE/Project Backups/M09_74HC32_1X_NO_TERMINAL_DONOR_BASE [20260704, 13-01-25].pdsprj",857676c3b08d86b922159420b924b0a5d42ab3c09a8ef80fcb4294b0bd71eca5,Proteus application backup,local-only reproducible infrastructure or disposable Proteus state,"preserved on disk, explicitly excluded from Git",**/Project Backups/
new during reorganization,proteus/experiments/runs/multi_pin_missing_terminal_donor_bases_v1_temp_2026_07_04/M11_74HC86_1X_NO_TERMINAL_DONOR_BASE/M11_74HC86_1X_NO_TERMINAL_DONOR_BASE.pdsprj.Vincero.Empty.workspace,c2d0ed08c6944938b3c61d81b2019145372877455e43f6fdc56abb2780f2a99b,Proteus workspace sidecar,local-only reproducible infrastructure or disposable Proteus state,"preserved on disk, explicitly excluded from Git",*.workspace
new during reorganization,"proteus/experiments/runs/multi_pin_missing_terminal_donor_bases_v1_temp_2026_07_04/M11_74HC86_1X_NO_TERMINAL_DONOR_BASE/Project Backups/M11_74HC86_1X_NO_TERMINAL_DONOR_BASE [20260704, 13-08-59].pdsprj",9eeb14cac90c91daec96d998eba9c6bc21e03b48b5ce7c66b675e2282f936dbf,Proteus application backup,local-only reproducible infrastructure or disposable Proteus state,"preserved on disk, explicitly excluded from Git",**/Project Backups/
new during reorganization,"proteus/experiments/runs/multi_pin_missing_terminal_donor_bases_v1_temp_2026_07_04/M11_74HC86_1X_NO_TERMINAL_DONOR_BASE/Project Backups/M11_74HC86_1X_NO_TERMINAL_DONOR_BASE [20260704, 13-09-00].pdsprj",77e3e299cb807fab4ca75a7c22228f7fcb4c26bd494eb6c6b0088e15c10238be,Proteus application backup,local-only reproducible infrastructure or disposable Proteus state,"preserved on disk, explicitly excluded from Git",**/Project Backups/
new during reorganization,proteus/experiments/runs/multi_pin_missing_terminal_donor_bases_v1_temp_2026_07_04/M12_7SEG-COM-AN-BLUE_1X_NO_TERMINAL_DONOR_BASE/M12_7SEG-COM-AN-BLUE_1X_NO_TERMINAL_DONOR_BASE.pdsprj.Vincero.Empty.workspace,95a20af08115f8ff1c0fa53f5505b7f532fae6790bb3bc651ed906c6318aea51,Proteus workspace sidecar,local-only reproducible infrastructure or disposable Proteus state,"preserved on disk, explicitly excluded from Git",*.workspace
new during reorganization,"proteus/experiments/runs/multi_pin_missing_terminal_donor_bases_v1_temp_2026_07_04/M12_7SEG-COM-AN-BLUE_1X_NO_TERMINAL_DONOR_BASE/Project Backups/M12_7SEG-COM-AN-BLUE_1X_NO_TERMINAL_DONOR_BASE [20260704, 13-15-46].pdsprj",1c8440ca7586effce107e1a43ee5816692bb7b2cc2e98813261c2b68875aa827,Proteus application backup,local-only reproducible infrastructure or disposable Proteus state,"preserved on disk, explicitly excluded from Git",**/Project Backups/
new during reorganization,"proteus/experiments/runs/multi_pin_missing_terminal_donor_bases_v1_temp_2026_07_04/M12_7SEG-COM-AN-BLUE_1X_NO_TERMINAL_DONOR_BASE/Project Backups/M12_7SEG-COM-AN-BLUE_1X_NO_TERMINAL_DONOR_BASE [20260704, 13-15-47].pdsprj",deeb04771cd851a392ac8b92dcccd563cf92ba34e9e75c6218ad7bbdfafa706c,Proteus application backup,local-only reproducible infrastructure or disposable Proteus state,"preserved on disk, explicitly excluded from Git",**/Project Backups/
new during reorganization,proteus/experiments/runs/multi_pin_missing_terminal_donor_bases_v1_temp_2026_07_04/M13_7SEG-COM-CAT-BLUE_1X_NO_TERMINAL_DONOR_BASE/M13_7SEG-COM-CAT-BLUE_1X_NO_TERMINAL_DONOR_BASE.pdsprj.Vincero.Empty.workspace,3fdad653758e85946c89674cb0c47da9d90a339ae77e3cb31adc382b66f39143,Proteus workspace sidecar,local-only reproducible infrastructure or disposable Proteus state,"preserved on disk, explicitly excluded from Git",*.workspace
new during reorganization,"proteus/experiments/runs/multi_pin_missing_terminal_donor_bases_v1_temp_2026_07_04/M13_7SEG-COM-CAT-BLUE_1X_NO_TERMINAL_DONOR_BASE/Project Backups/M13_7SEG-COM-CAT-BLUE_1X_NO_TERMINAL_DONOR_BASE [20260704, 13-21-53].pdsprj",1fe7a6d5b7626a570a4b1d3bc28c5e44163f4e5ccd3a7db02e39b55e06b1775b,Proteus application backup,local-only reproducible infrastructure or disposable Proteus state,"preserved on disk, explicitly excluded from Git",**/Project Backups/
new during reorganization,"proteus/experiments/runs/multi_pin_missing_terminal_donor_bases_v1_temp_2026_07_04/M13_7SEG-COM-CAT-BLUE_1X_NO_TERMINAL_DONOR_BASE/Project Backups/M13_7SEG-COM-CAT-BLUE_1X_NO_TERMINAL_DONOR_BASE [20260704, 13-21-54].pdsprj",713056effb6eb67826f51ecf3d7328cabb52a93e6d008e5ac0e4dbef60d8a55b,Proteus application backup,local-only reproducible infrastructure or disposable Proteus state,"preserved on disk, explicitly excluded from Git",**/Project Backups/
new during reorganization,proteus/experiments/runs/multi_pin_missing_terminal_donor_bases_v1_temp_2026_07_04/M14_BRIDGE_1X_NO_TERMINAL_DONOR_BASE/M14_BRIDGE_1X_NO_TERMINAL_DONOR_BASE.pdsprj.Vincero.Empty.workspace,3cb9fdae976ddfb621720a92e30aa4c2624bc60819f28b28c9d90018883afd77,Proteus workspace sidecar,local-only reproducible infrastructure or disposable Proteus state,"preserved on disk, explicitly excluded from Git",*.workspace
new during reorganization,"proteus/experiments/runs/multi_pin_missing_terminal_donor_bases_v1_temp_2026_07_04/M14_BRIDGE_1X_NO_TERMINAL_DONOR_BASE/Project Backups/M14_BRIDGE_1X_NO_TERMINAL_DONOR_BASE [20260704, 13-46-31].pdsprj",eb2b6b45332a2046991fdccb784dbc0ae64729304d755267be739902c61b22e4,Proteus application backup,local-only reproducible infrastructure or disposable Proteus state,"preserved on disk, explicitly excluded from Git",**/Project Backups/
new during reorganization,"proteus/experiments/runs/multi_pin_missing_terminal_donor_bases_v1_temp_2026_07_04/M14_BRIDGE_1X_NO_TERMINAL_DONOR_BASE/Project Backups/M14_BRIDGE_1X_NO_TERMINAL_DONOR_BASE [20260704, 19-06-49].pdsprj",9625e65e739f06c522417c8ce9d93f2f394c5604e92ab77f2141c3d8b75dc4cb,Proteus application backup,local-only reproducible infrastructure or disposable Proteus state,"preserved on disk, explicitly excluded from Git",**/Project Backups/
new during reorganization,proteus/experiments/runs/multi_pin_missing_terminal_donor_bases_v1_temp_2026_07_04/M15_LM317T_1X_NO_TERMINAL_DONOR_BASE/M15_LM317T_1X_NO_TERMINAL_DONOR_BASE.pdsprj.Vincero.Empty.workspace,95a20af08115f8ff1c0fa53f5505b7f532fae6790bb3bc651ed906c6318aea51,Proteus workspace sidecar,local-only reproducible infrastructure or disposable Proteus state,"preserved on disk, explicitly excluded from Git",*.workspace
new during reorganization,"proteus/experiments/runs/multi_pin_missing_terminal_donor_bases_v1_temp_2026_07_04/M15_LM317T_1X_NO_TERMINAL_DONOR_BASE/Project Backups/M15_LM317T_1X_NO_TERMINAL_DONOR_BASE [20260704, 13-44-48].pdsprj",aedb289dc727c96cf993f8ec6055463c33eadb0831a1f070251a73eb9a75e3cb,Proteus application backup,local-only reproducible infrastructure or disposable Proteus state,"preserved on disk, explicitly excluded from Git",**/Project Backups/
new during reorganization,proteus/experiments/runs/multi_pin_missing_terminal_donor_bases_v1_temp_2026_07_04/M16_NMOSFET_1X_NO_TERMINAL_DONOR_BASE/M16_NMOSFET_1X_NO_TERMINAL_DONOR_BASE.pdsprj.Vincero.Empty.workspace,bfdc0da36ca5f3628a3277ce566c39398e102c34b450ce1aeac58be4f57d058e,Proteus workspace sidecar,local-only reproducible infrastructure or disposable Proteus state,"preserved on disk, explicitly excluded from Git",*.workspace
new during reorganization,"proteus/experiments/runs/multi_pin_missing_terminal_donor_bases_v1_temp_2026_07_04/M16_NMOSFET_1X_NO_TERMINAL_DONOR_BASE/Project Backups/M16_NMOSFET_1X_NO_TERMINAL_DONOR_BASE [20260704, 18-59-19].pdsprj",eadc0ac4801f230274cf82c8a0775ef43a1fcc27d3742b60024de51677c43382,Proteus application backup,local-only reproducible infrastructure or disposable Proteus state,"preserved on disk, explicitly excluded from Git",**/Project Backups/
new during reorganization,proteus/experiments/runs/multi_pin_missing_terminal_donor_bases_v1_temp_2026_07_04/M17_OPAMP_1X_NO_TERMINAL_DONOR_BASE/M17_OPAMP_1X_NO_TERMINAL_DONOR_BASE.pdsprj.Vincero.Empty.workspace,b9e382c4598b291218483b8f50b0a5628159801e768683d896dbb578b94f36d8,Proteus workspace sidecar,local-only reproducible infrastructure or disposable Proteus state,"preserved on disk, explicitly excluded from Git",*.workspace
new during reorganization,"proteus/experiments/runs/multi_pin_missing_terminal_donor_bases_v1_temp_2026_07_04/M17_OPAMP_1X_NO_TERMINAL_DONOR_BASE/Project Backups/M17_OPAMP_1X_NO_TERMINAL_DONOR_BASE [20260704, 19-00-37].pdsprj",9ffddc3bf310eddf7cbec756742fdbcfaa0a8630fda0e23eac950ef3ea617532,Proteus application backup,local-only reproducible infrastructure or disposable Proteus state,"preserved on disk, explicitly excluded from Git",**/Project Backups/
new during reorganization,proteus/experiments/runs/multi_pin_missing_terminal_donor_bases_v1_temp_2026_07_04/M18_POT-HG_1X_NO_TERMINAL_DONOR_BASE/M18_POT-HG_1X_NO_TERMINAL_DONOR_BASE.pdsprj.Vincero.Empty.workspace,bde906ae5e4c6728a8bff4b9b2ead6b681436b0c3e539822dc5e69a1c4786093,Proteus workspace sidecar,local-only reproducible infrastructure or disposable Proteus state,"preserved on disk, explicitly excluded from Git",*.workspace
new during reorganization,"proteus/experiments/runs/multi_pin_missing_terminal_donor_bases_v1_temp_2026_07_04/M18_POT-HG_1X_NO_TERMINAL_DONOR_BASE/Project Backups/M18_POT-HG_1X_NO_TERMINAL_DONOR_BASE [20260704, 19-03-47].pdsprj",bb79821ef0da58f3d38ba6146556dea7444a581f381bc5fdc18d3609690de0fb,Proteus application backup,local-only reproducible infrastructure or disposable Proteus state,"preserved on disk, explicitly excluded from Git",**/Project Backups/
new during reorganization,proteus/experiments/runs/multi_pin_missing_terminal_donor_bases_v1_temp_2026_07_04/M19_TRAN-2P2S_1X_NO_TERMINAL_DONOR_BASE/M19_TRAN-2P2S_1X_NO_TERMINAL_DONOR_BASE.pdsprj.Vincero.Empty.workspace,68c745cfd497dff98b8ec66bdde2947f9c7056a256147e8f0c1aee8a70a0161e,Proteus workspace sidecar,local-only reproducible infrastructure or disposable Proteus state,"preserved on disk, explicitly excluded from Git",*.workspace
new during reorganization,"proteus/experiments/runs/multi_pin_missing_terminal_donor_bases_v1_temp_2026_07_04/M19_TRAN-2P2S_1X_NO_TERMINAL_DONOR_BASE/Project Backups/M19_TRAN-2P2S_1X_NO_TERMINAL_DONOR_BASE [20260704, 19-05-36].pdsprj",d7ed56f10192ee0b15502c906150cf4b741e60de5a82aad84ca8a1444997ab12,Proteus application backup,local-only reproducible infrastructure or disposable Proteus state,"preserved on disk, explicitly excluded from Git",**/Project Backups/
experiments/mx6/D0.pdsprj.M_TAHABINZAEEM.tahab.workspace,proteus/experiments/runs/mx6/D0.pdsprj.M_TAHABINZAEEM.tahab.workspace,358bd9e6cdbe3e4d2f59799a5342bc95297df3ece6eb4b8f891cf3ef2418cecc,Proteus workspace sidecar,local-only reproducible infrastructure or disposable Proteus state,"preserved on disk, explicitly excluded from Git",*.workspace
experiments/mx6/D1.pdsprj.M_TAHABINZAEEM.tahab.workspace,proteus/experiments/runs/mx6/D1.pdsprj.M_TAHABINZAEEM.tahab.workspace,358bd9e6cdbe3e4d2f59799a5342bc95297df3ece6eb4b8f891cf3ef2418cecc,Proteus workspace sidecar,local-only reproducible infrastructure or disposable Proteus state,"preserved on disk, explicitly excluded from Git",*.workspace
experiments/mx6/E0.pdsprj.M_TAHABINZAEEM.tahab.workspace,proteus/experiments/runs/mx6/E0.pdsprj.M_TAHABINZAEEM.tahab.workspace,358bd9e6cdbe3e4d2f59799a5342bc95297df3ece6eb4b8f891cf3ef2418cecc,Proteus workspace sidecar,local-only reproducible infrastructure or disposable Proteus state,"preserved on disk, explicitly excluded from Git",*.workspace
experiments/mx6/E1.pdsprj.M_TAHABINZAEEM.tahab.workspace,proteus/experiments/runs/mx6/E1.pdsprj.M_TAHABINZAEEM.tahab.workspace,358bd9e6cdbe3e4d2f59799a5342bc95297df3ece6eb4b8f891cf3ef2418cecc,Proteus workspace sidecar,local-only reproducible infrastructure or disposable Proteus state,"preserved on disk, explicitly excluded from Git",*.workspace
new during reorganization,proteus/experiments/runs/new_catalogue_terminal_solo_v7_temp_2026_07_04/S01_4511_1X_CATALOGUE_TERMINAL/S01_4511_1X_CATALOGUE_TERMINAL_placed.pdsprj.Vincero.Empty.workspace,5e8d8af4b2bc7c21c4f9f78b7e7a300b6263345f8508ee48908da33051f62081,Proteus workspace sidecar,local-only reproducible infrastructure or disposable Proteus state,"preserved on disk, explicitly excluded from Git",*.workspace
new during reorganization,proteus/experiments/runs/new_catalogue_terminal_solo_v7_temp_2026_07_04/S01_4511_1X_CATALOGUE_TERMINAL/S01_4511_1X_CATALOGUE_TERMINAL_sa.pdsprj.Vincero.Empty.workspace,8d162f7364fc92a55d0ff63c3b9b96b24feb7dea3364f0bc54f1625d1e453436,Proteus workspace sidecar,local-only reproducible infrastructure or disposable Proteus state,"preserved on disk, explicitly excluded from Git",*.workspace
new during reorganization,proteus/experiments/runs/new_catalogue_terminal_solo_v7_temp_2026_07_04/S02_74HC151_1X_CATALOGUE_TERMINAL/S02_74HC151_1X_CATALOGUE_TERMINAL_placed.pdsprj.Vincero.Empty.workspace,399931541ded899a65f18b4c74197be6d326fb4ea66d6a4907fe656ac058a4d4,Proteus workspace sidecar,local-only reproducible infrastructure or disposable Proteus state,"preserved on disk, explicitly excluded from Git",*.workspace
new during reorganization,proteus/experiments/runs/new_catalogue_terminal_solo_v7_temp_2026_07_04/S02_74HC151_1X_CATALOGUE_TERMINAL/S02_74HC151_1X_CATALOGUE_TERMINAL_sa.pdsprj.Vincero.Empty.workspace,f4f856cd79a0bfadb3a2cbf4fce82691db6342eff36ea8f75ef64c291a7a35b9,Proteus workspace sidecar,local-only reproducible infrastructure or disposable Proteus state,"preserved on disk, explicitly excluded from Git",*.workspace
new during reorganization,proteus/experiments/runs/new_catalogue_terminal_solo_v7_temp_2026_07_04/S03_74HC04_1X_CATALOGUE_TERMINAL/S03_74HC04_1X_CATALOGUE_TERMINAL_placed.pdsprj.Vincero.Empty.workspace,b71674be1dfe91c313efa95194de3981df97cf583ad3fbaead24ed30faecb384,Proteus workspace sidecar,local-only reproducible infrastructure or disposable Proteus state,"preserved on disk, explicitly excluded from Git",*.workspace
new during reorganization,proteus/experiments/runs/new_catalogue_terminal_solo_v7_temp_2026_07_04/S03_74HC04_1X_CATALOGUE_TERMINAL/S03_74HC04_1X_CATALOGUE_TERMINAL_sa.pdsprj.Vincero.Empty.workspace,20049516a4bfb7b787c7d61101847263b40d5c03b57d0ec714324c8624016049,Proteus workspace sidecar,local-only reproducible infrastructure or disposable Proteus state,"preserved on disk, explicitly excluded from Git",*.workspace
new during reorganization,proteus/experiments/runs/new_catalogue_terminal_solo_v9_validated_temp_2026_07_04/E01_4511_1X_NO_TERMINAL_EMPTY/E01_4511_1X_NO_TERMINAL_EMPTY.pdsprj.Vincero.Empty.workspace,5e2f9fd110e710c2661d14e3a38c3cf03d344c403bfb537fe0b207d3713fe547,Proteus workspace sidecar,local-only reproducible infrastructure or disposable Proteus state,"preserved on disk, explicitly excluded from Git",*.workspace
new during reorganization,proteus/experiments/runs/new_catalogue_terminal_solo_v9_validated_temp_2026_07_04/E06_74HC08_1X_NO_TERMINAL_EMPTY/E06_74HC08_1X_NO_TERMINAL_EMPTY.pdsprj.Vincero.Empty.workspace,9cb5b13404cc7d7f1ab92d35d83d6559f8e2baeeebae4460220355cdc04e74af,Proteus workspace sidecar,local-only reproducible infrastructure or disposable Proteus state,"preserved on disk, explicitly excluded from Git",*.workspace
new during reorganization,proteus/experiments/runs/new_catalogue_terminal_solo_v9_validated_temp_2026_07_04/E17_OPAMP_1X_NO_TERMINAL_EMPTY/E17_OPAMP_1X_NO_TERMINAL_EMPTY.pdsprj.Vincero.Empty.workspace,9cb5b13404cc7d7f1ab92d35d83d6559f8e2baeeebae4460220355cdc04e74af,Proteus workspace sidecar,local-only reproducible infrastructure or disposable Proteus state,"preserved on disk, explicitly excluded from Git",*.workspace
new during reorganization,proteus/experiments/runs/non_ic_totalmix_matrix_v1_temp_2026_07_16/01_native_two_pin18/N02_NATIVE18_15X_TERMINALIZED_COLD_GATE_COPY.pdsprj,2be6ba5009bbdc4446877b8a3aaa1b3b10d940d481221737fbf666c478ff324a,Disposable Proteus loader copy,local-only reproducible infrastructure or disposable Proteus state,"preserved on disk, explicitly excluded from Git",**/*_COPY.pdsprj or **/*_GATE.pdsprj
new during reorganization,proteus/experiments/runs/non_ic_totalmix_matrix_v1_temp_2026_07_16/01_native_two_pin18/N10_NATIVE18_30X_CAPELEC21_TERMINALIZED_COLD_GATE_COPY.pdsprj,49d04eb4007af844882bdd11d390e46b3d4dab9aec0ea5f62ac01783070c323d,Disposable Proteus loader copy,local-only reproducible infrastructure or disposable Proteus state,"preserved on disk, explicitly excluded from Git",**/*_COPY.pdsprj or **/*_GATE.pdsprj
new during reorganization,proteus/experiments/runs/non_ic_totalmix_matrix_v1_temp_2026_07_16/01_native_two_pin18/N12_NATIVE18_45X_CAPELEC21_TERMINALIZED_COLD_GATE_COPY.pdsprj,9fc0515faa72ae8beb84a826eefec6bfa0431f310ba7cdf7a76e5a91ff02b5d1,Disposable Proteus loader copy,local-only reproducible infrastructure or disposable Proteus state,"preserved on disk, explicitly excluded from Git",**/*_COPY.pdsprj or **/*_GATE.pdsprj
new during reorganization,proteus/experiments/runs/non_ic_totalmix_matrix_v1_temp_2026_07_16/01_native_two_pin18/N14_NATIVE18_58X_CAPELEC21_TERMINALIZED_COLD_GATE_COPY.pdsprj,1c0832592188b9ebb0f9c73e2474887db74d663ff1b8b8ef43275507ed7368c7,Disposable Proteus loader copy,local-only reproducible infrastructure or disposable Proteus state,"preserved on disk, explicitly excluded from Git",**/*_COPY.pdsprj or **/*_GATE.pdsprj
new during reorganization,proteus/experiments/runs/non_ic_totalmix_matrix_v1_temp_2026_07_16/03_combination_quickcheck/Q03_FULL18_UNEVEN_SMALL/Q03_FULL18_UNEVEN_SMALL_TERMINALIZED_sa_OPEN_CHECK_COPY.pdsprj,e118250d241b5ce118bda670266f63cbbbdc3816dffa4a99671d0eeeb321c819,Disposable Proteus loader copy,local-only reproducible infrastructure or disposable Proteus state,"preserved on disk, explicitly excluded from Git",**/*_COPY.pdsprj or **/*_GATE.pdsprj
new during reorganization,proteus/experiments/runs/non_ic_totalmix_matrix_v1_temp_2026_07_16/03_combination_quickcheck/Q04_FULL18_UNEVEN_9X/Q04_FULL18_UNEVEN_9X_TERMINALIZED_sa_OPEN_CHECK_COPY.pdsprj,26ab6860403e4f4a7a8babe7616945d89bc7d06da0116a186c5dc2e444eb958c,Disposable Proteus loader copy,local-only reproducible infrastructure or disposable Proteus state,"preserved on disk, explicitly excluded from Git",**/*_COPY.pdsprj or **/*_GATE.pdsprj
new during reorganization,proteus/experiments/runs/non_ic_totalmix_matrix_v1_temp_2026_07_16/03_combination_quickcheck/Q05_FULL18_UNEVEN_30X/Q05_FULL18_UNEVEN_30X_TERMINALIZED_sa_OPEN_CHECK_COPY.pdsprj,5fdd690b10583e30bce5033f61377e6abfe9bf5409a0079ebd025069fe5e2f1f,Disposable Proteus loader copy,local-only reproducible infrastructure or disposable Proteus state,"preserved on disk, explicitly excluded from Git",**/*_COPY.pdsprj or **/*_GATE.pdsprj
new during reorganization,proteus/experiments/runs/non_ic_totalmix_matrix_v1_temp_2026_07_16/03_combination_quickcheck/Q06_FULL18_UNEVEN_58X/Q06_FULL18_UNEVEN_58X_TERMINALIZED_sa_OPEN_CHECK_COPY.pdsprj,838edb006d50908ce460cdd415821526dde1c2b4c1b7e1564f7be19c99c96b83,Disposable Proteus loader copy,local-only reproducible infrastructure or disposable Proteus state,"preserved on disk, explicitly excluded from Git",**/*_COPY.pdsprj or **/*_GATE.pdsprj
experiments/power_ground_endpoint_examples_2026_05_30/BOTH_T01_6R_V0_G0_SHORTWIRE_ATTEMPT/BOTH_T01_6R_V0_G0_SHORTWIRE_ATTEMPT.pdsprj.M_TAHABINZAEEM.tahab.workspace,proteus/experiments/runs/power_ground_endpoint_examples_2026_05_30/BOTH_T01_6R_V0_G0_SHORTWIRE_ATTEMPT/BOTH_T01_6R_V0_G0_SHORTWIRE_ATTEMPT.pdsprj.M_TAHABINZAEEM.tahab.workspace,5b8dd78954ae3ef7b664be223f391d8318733e24bf37f6da6e7067d13afa0d3c,Proteus workspace sidecar,local-only reproducible infrastructure or disposable Proteus state,"preserved on disk, explicitly excluded from Git",*.workspace
experiments/power_ground_endpoint_examples_2026_05_30/POWER_T03_6R_V0_ENDPOINT_ATTEMPT/POWER_T03_6R_V0_ENDPOINT_ATTEMPT.pdsprj.M_TAHABINZAEEM.tahab.workspace,proteus/experiments/runs/power_ground_endpoint_examples_2026_05_30/POWER_T03_6R_V0_ENDPOINT_ATTEMPT/POWER_T03_6R_V0_ENDPOINT_ATTEMPT.pdsprj.M_TAHABINZAEEM.tahab.workspace,bc64feffef5451aff7c3854df54055d7d8cdd11d57eaaad20ed8bdae7c88e65a,Proteus workspace sidecar,local-only reproducible infrastructure or disposable Proteus state,"preserved on disk, explicitly excluded from Git",*.workspace
experiments/power_ground_endpoint_examples_2026_05_30/POWER_T04_R21_V0_ENDPOINT_ATTEMPT/POWER_T04_R21_V0_ENDPOINT_ATTEMPT.pdsprj.M_TAHABINZAEEM.tahab.workspace,proteus/experiments/runs/power_ground_endpoint_examples_2026_05_30/POWER_T04_R21_V0_ENDPOINT_ATTEMPT/POWER_T04_R21_V0_ENDPOINT_ATTEMPT.pdsprj.M_TAHABINZAEEM.tahab.workspace,5666291a4da2b1e0b664dcf584397b2d4197c0425a7d01e2160f74d897444c23,Proteus workspace sidecar,local-only reproducible infrastructure or disposable Proteus state,"preserved on disk, explicitly excluded from Git",*.workspace
experiments/requested_resistor_networks_2026_05_30/03_PARALLEL_CIRCUIT/03_PARALLEL_CIRCUIT.pdsprj.M_TAHABINZAEEM.tahab.workspace,proteus/experiments/runs/requested_resistor_networks_2026_05_30/03_PARALLEL_CIRCUIT/03_PARALLEL_CIRCUIT.pdsprj.M_TAHABINZAEEM.tahab.workspace,3754418d7832bf119fda5c52edda9a1cbd6ae3d1c2fbeec31f80bc6115fc248d,Proteus workspace sidecar,local-only reproducible infrastructure or disposable Proteus state,"preserved on disk, explicitly excluded from Git",*.workspace
experiments/requested_resistor_networks_oriented_2026_05_30/01_SIMPLE_LOOP/01_SIMPLE_LOOP.pdsprj.M_TAHABINZAEEM.tahab.workspace,proteus/experiments/runs/requested_resistor_networks_oriented_2026_05_30/01_SIMPLE_LOOP/01_SIMPLE_LOOP.pdsprj.M_TAHABINZAEEM.tahab.workspace,58e3377d72d76f99aee056aeab495c0dbe92a34c5f2a91fc11379f5c91b49ff8,Proteus workspace sidecar,local-only reproducible infrastructure or disposable Proteus state,"preserved on disk, explicitly excluded from Git",*.workspace
experiments/requested_resistor_networks_oriented_2026_05_30/02_SERIES_CIRCUIT/02_SERIES_CIRCUIT.pdsprj.M_TAHABINZAEEM.tahab.workspace,proteus/experiments/runs/requested_resistor_networks_oriented_2026_05_30/02_SERIES_CIRCUIT/02_SERIES_CIRCUIT.pdsprj.M_TAHABINZAEEM.tahab.workspace,65ca1b1153d9c9deace27a6d05673eacf074a28f452505dfa5a02b57edf71df6,Proteus workspace sidecar,local-only reproducible infrastructure or disposable Proteus state,"preserved on disk, explicitly excluded from Git",*.workspace
experiments/requested_resistor_networks_oriented_2026_05_30/05_BASIC_VOLTAGE_DIVIDER/05_BASIC_VOLTAGE_DIVIDER.pdsprj.M_TAHABINZAEEM.tahab.workspace,proteus/experiments/runs/requested_resistor_networks_oriented_2026_05_30/05_BASIC_VOLTAGE_DIVIDER/05_BASIC_VOLTAGE_DIVIDER.pdsprj.M_TAHABINZAEEM.tahab.workspace,8836c690a538bb39d7466d686d21887c5007650f6cca3a6ac9de6117c6125e2a,Proteus workspace sidecar,local-only reproducible infrastructure or disposable Proteus state,"preserved on disk, explicitly excluded from Git",*.workspace
experiments/requested_resistor_networks_oriented_2026_05_30/06_MULTI_STEP_VOLTAGE_DIVIDER/06_MULTI_STEP_VOLTAGE_DIVIDER.pdsprj.M_TAHABINZAEEM.tahab.workspace,proteus/experiments/runs/requested_resistor_networks_oriented_2026_05_30/06_MULTI_STEP_VOLTAGE_DIVIDER/06_MULTI_STEP_VOLTAGE_DIVIDER.pdsprj.M_TAHABINZAEEM.tahab.workspace,2b044d7bbaf16b8d1cd0eb5fc3724458f55ee8cb61f7d388e15ec42516c4df2c,Proteus workspace sidecar,local-only reproducible infrastructure or disposable Proteus state,"preserved on disk, explicitly excluded from Git",*.workspace
experiments/requested_resistor_networks_oriented_2026_05_30/09_STAR_Y_NETWORK/09_STAR_Y_NETWORK.pdsprj.M_TAHABINZAEEM.tahab.workspace,proteus/experiments/runs/requested_resistor_networks_oriented_2026_05_30/09_STAR_Y_NETWORK/09_STAR_Y_NETWORK.pdsprj.M_TAHABINZAEEM.tahab.workspace,8509fcd900759c4371bd5c2b87a0b0073185e9b9d1ec90be5b6077f18fc16a68,Proteus workspace sidecar,local-only reproducible infrastructure or disposable Proteus state,"preserved on disk, explicitly excluded from Git",*.workspace
experiments/source_passive_v1_single_two_family_temp_2026_06_05/SOURCE_PASSIVE_V1_SINGLE_TWO_FAMILY_TEST_BATCH/SRCP_V1_ACV_T01_R_ONLY/SRCP_V1_ACV_T01_R_ONLY.pdsprj.M_TAHABINZAEEM.tahab.workspace,proteus/experiments/runs/source_passive_v1_single_two_family_temp_2026_06_05/SOURCE_PASSIVE_V1_SINGLE_TWO_FAMILY_TEST_BATCH/SRCP_V1_ACV_T01_R_ONLY/SRCP_V1_ACV_T01_R_ONLY.pdsprj.M_TAHABINZAEEM.tahab.workspace,358bd9e6cdbe3e4d2f59799a5342bc95297df3ece6eb4b8f891cf3ef2418cecc,Proteus workspace sidecar,local-only reproducible infrastructure or disposable Proteus state,"preserved on disk, explicitly excluded from Git",*.workspace
experiments/source_passive_v1_single_two_family_temp_2026_06_05/SOURCE_PASSIVE_V1_SINGLE_TWO_FAMILY_TEST_BATCH/SRCP_V1_ACV_T02_C_ONLY/SRCP_V1_ACV_T02_C_ONLY.pdsprj.M_TAHABINZAEEM.tahab.workspace,proteus/experiments/runs/source_passive_v1_single_two_family_temp_2026_06_05/SOURCE_PASSIVE_V1_SINGLE_TWO_FAMILY_TEST_BATCH/SRCP_V1_ACV_T02_C_ONLY/SRCP_V1_ACV_T02_C_ONLY.pdsprj.M_TAHABINZAEEM.tahab.workspace,358bd9e6cdbe3e4d2f59799a5342bc95297df3ece6eb4b8f891cf3ef2418cecc,Proteus workspace sidecar,local-only reproducible infrastructure or disposable Proteus state,"preserved on disk, explicitly excluded from Git",*.workspace
experiments/source_passive_v1_single_two_family_temp_2026_06_05/SOURCE_PASSIVE_V1_SINGLE_TWO_FAMILY_TEST_BATCH/SRCP_V1_ACV_T03_L_ONLY/SRCP_V1_ACV_T03_L_ONLY.pdsprj.M_TAHABINZAEEM.tahab.workspace,proteus/experiments/runs/source_passive_v1_single_two_family_temp_2026_06_05/SOURCE_PASSIVE_V1_SINGLE_TWO_FAMILY_TEST_BATCH/SRCP_V1_ACV_T03_L_ONLY/SRCP_V1_ACV_T03_L_ONLY.pdsprj.M_TAHABINZAEEM.tahab.workspace,358bd9e6cdbe3e4d2f59799a5342bc95297df3ece6eb4b8f891cf3ef2418cecc,Proteus workspace sidecar,local-only reproducible infrastructure or disposable Proteus state,"preserved on disk, explicitly excluded from Git",*.workspace
experiments/source_passive_v1_single_two_family_temp_2026_06_05/SOURCE_PASSIVE_V1_SINGLE_TWO_FAMILY_TEST_BATCH/SRCP_V1_ACV_T04_RC_ONLY/SRCP_V1_ACV_T04_RC_ONLY.pdsprj.M_TAHABINZAEEM.tahab.workspace,proteus/experiments/runs/source_passive_v1_single_two_family_temp_2026_06_05/SOURCE_PASSIVE_V1_SINGLE_TWO_FAMILY_TEST_BATCH/SRCP_V1_ACV_T04_RC_ONLY/SRCP_V1_ACV_T04_RC_ONLY.pdsprj.M_TAHABINZAEEM.tahab.workspace,358bd9e6cdbe3e4d2f59799a5342bc95297df3ece6eb4b8f891cf3ef2418cecc,Proteus workspace sidecar,local-only reproducible infrastructure or disposable Proteus state,"preserved on disk, explicitly excluded from Git",*.workspace
experiments/source_passive_v1_single_two_family_temp_2026_06_05/SOURCE_PASSIVE_V1_SINGLE_TWO_FAMILY_TEST_BATCH/SRCP_V1_ACV_T05_RL_ONLY/SRCP_V1_ACV_T05_RL_ONLY.pdsprj.M_TAHABINZAEEM.tahab.workspace,proteus/experiments/runs/source_passive_v1_single_two_family_temp_2026_06_05/SOURCE_PASSIVE_V1_SINGLE_TWO_FAMILY_TEST_BATCH/SRCP_V1_ACV_T05_RL_ONLY/SRCP_V1_ACV_T05_RL_ONLY.pdsprj.M_TAHABINZAEEM.tahab.workspace,358bd9e6cdbe3e4d2f59799a5342bc95297df3ece6eb4b8f891cf3ef2418cecc,Proteus workspace sidecar,local-only reproducible infrastructure or disposable Proteus state,"preserved on disk, explicitly excluded from Git",*.workspace
experiments/source_passive_v1_single_two_family_temp_2026_06_05/SOURCE_PASSIVE_V1_SINGLE_TWO_FAMILY_TEST_BATCH/SRCP_V1_ACV_T06_CL_ONLY/SRCP_V1_ACV_T06_CL_ONLY.pdsprj.M_TAHABINZAEEM.tahab.workspace,proteus/experiments/runs/source_passive_v1_single_two_family_temp_2026_06_05/SOURCE_PASSIVE_V1_SINGLE_TWO_FAMILY_TEST_BATCH/SRCP_V1_ACV_T06_CL_ONLY/SRCP_V1_ACV_T06_CL_ONLY.pdsprj.M_TAHABINZAEEM.tahab.workspace,358bd9e6cdbe3e4d2f59799a5342bc95297df3ece6eb4b8f891cf3ef2418cecc,Proteus workspace sidecar,local-only reproducible infrastructure or disposable Proteus state,"preserved on disk, explicitly excluded from Git",*.workspace
experiments/source_passive_v1_single_two_family_temp_2026_06_05/SOURCE_PASSIVE_V1_SINGLE_TWO_FAMILY_TEST_BATCH/SRCP_V1_DCI_T01_R_ONLY/SRCP_V1_DCI_T01_R_ONLY.pdsprj.M_TAHABINZAEEM.tahab.workspace,proteus/experiments/runs/source_passive_v1_single_two_family_temp_2026_06_05/SOURCE_PASSIVE_V1_SINGLE_TWO_FAMILY_TEST_BATCH/SRCP_V1_DCI_T01_R_ONLY/SRCP_V1_DCI_T01_R_ONLY.pdsprj.M_TAHABINZAEEM.tahab.workspace,358bd9e6cdbe3e4d2f59799a5342bc95297df3ece6eb4b8f891cf3ef2418cecc,Proteus workspace sidecar,local-only reproducible infrastructure or disposable Proteus state,"preserved on disk, explicitly excluded from Git",*.workspace
experiments/source_passive_v1_single_two_family_temp_2026_06_05/SOURCE_PASSIVE_V1_SINGLE_TWO_FAMILY_TEST_BATCH/SRCP_V1_DCI_T02_C_ONLY/SRCP_V1_DCI_T02_C_ONLY.pdsprj.M_TAHABINZAEEM.tahab.workspace,proteus/experiments/runs/source_passive_v1_single_two_family_temp_2026_06_05/SOURCE_PASSIVE_V1_SINGLE_TWO_FAMILY_TEST_BATCH/SRCP_V1_DCI_T02_C_ONLY/SRCP_V1_DCI_T02_C_ONLY.pdsprj.M_TAHABINZAEEM.tahab.workspace,358bd9e6cdbe3e4d2f59799a5342bc95297df3ece6eb4b8f891cf3ef2418cecc,Proteus workspace sidecar,local-only reproducible infrastructure or disposable Proteus state,"preserved on disk, explicitly excluded from Git",*.workspace
experiments/source_passive_v1_single_two_family_temp_2026_06_05/SOURCE_PASSIVE_V1_SINGLE_TWO_FAMILY_TEST_BATCH/SRCP_V1_DCI_T03_L_ONLY/SRCP_V1_DCI_T03_L_ONLY.pdsprj.M_TAHABINZAEEM.tahab.workspace,proteus/experiments/runs/source_passive_v1_single_two_family_temp_2026_06_05/SOURCE_PASSIVE_V1_SINGLE_TWO_FAMILY_TEST_BATCH/SRCP_V1_DCI_T03_L_ONLY/SRCP_V1_DCI_T03_L_ONLY.pdsprj.M_TAHABINZAEEM.tahab.workspace,358bd9e6cdbe3e4d2f59799a5342bc95297df3ece6eb4b8f891cf3ef2418cecc,Proteus workspace sidecar,local-only reproducible infrastructure or disposable Proteus state,"preserved on disk, explicitly excluded from Git",*.workspace
experiments/source_passive_v1_single_two_family_temp_2026_06_05/SOURCE_PASSIVE_V1_SINGLE_TWO_FAMILY_TEST_BATCH/SRCP_V1_DCI_T04_RC_ONLY/SRCP_V1_DCI_T04_RC_ONLY.pdsprj.M_TAHABINZAEEM.tahab.workspace,proteus/experiments/runs/source_passive_v1_single_two_family_temp_2026_06_05/SOURCE_PASSIVE_V1_SINGLE_TWO_FAMILY_TEST_BATCH/SRCP_V1_DCI_T04_RC_ONLY/SRCP_V1_DCI_T04_RC_ONLY.pdsprj.M_TAHABINZAEEM.tahab.workspace,358bd9e6cdbe3e4d2f59799a5342bc95297df3ece6eb4b8f891cf3ef2418cecc,Proteus workspace sidecar,local-only reproducible infrastructure or disposable Proteus state,"preserved on disk, explicitly excluded from Git",*.workspace
experiments/source_passive_v1_single_two_family_temp_2026_06_05/SOURCE_PASSIVE_V1_SINGLE_TWO_FAMILY_TEST_BATCH/SRCP_V1_DCI_T05_RL_ONLY/SRCP_V1_DCI_T05_RL_ONLY.pdsprj.M_TAHABINZAEEM.tahab.workspace,proteus/experiments/runs/source_passive_v1_single_two_family_temp_2026_06_05/SOURCE_PASSIVE_V1_SINGLE_TWO_FAMILY_TEST_BATCH/SRCP_V1_DCI_T05_RL_ONLY/SRCP_V1_DCI_T05_RL_ONLY.pdsprj.M_TAHABINZAEEM.tahab.workspace,358bd9e6cdbe3e4d2f59799a5342bc95297df3ece6eb4b8f891cf3ef2418cecc,Proteus workspace sidecar,local-only reproducible infrastructure or disposable Proteus state,"preserved on disk, explicitly excluded from Git",*.workspace
experiments/source_passive_v1_single_two_family_temp_2026_06_05/SOURCE_PASSIVE_V1_SINGLE_TWO_FAMILY_TEST_BATCH/SRCP_V1_DCI_T06_CL_ONLY/SRCP_V1_DCI_T06_CL_ONLY.pdsprj.M_TAHABINZAEEM.tahab.workspace,proteus/experiments/runs/source_passive_v1_single_two_family_temp_2026_06_05/SOURCE_PASSIVE_V1_SINGLE_TWO_FAMILY_TEST_BATCH/SRCP_V1_DCI_T06_CL_ONLY/SRCP_V1_DCI_T06_CL_ONLY.pdsprj.M_TAHABINZAEEM.tahab.workspace,358bd9e6cdbe3e4d2f59799a5342bc95297df3ece6eb4b8f891cf3ef2418cecc,Proteus workspace sidecar,local-only reproducible infrastructure or disposable Proteus state,"preserved on disk, explicitly excluded from Git",*.workspace
experiments/source_passive_v1_single_two_family_temp_2026_06_05/SOURCE_PASSIVE_V1_SINGLE_TWO_FAMILY_TEST_BATCH/SRCP_V1_DCV_T01_R_ONLY/SRCP_V1_DCV_T01_R_ONLY.pdsprj.M_TAHABINZAEEM.tahab.workspace,proteus/experiments/runs/source_passive_v1_single_two_family_temp_2026_06_05/SOURCE_PASSIVE_V1_SINGLE_TWO_FAMILY_TEST_BATCH/SRCP_V1_DCV_T01_R_ONLY/SRCP_V1_DCV_T01_R_ONLY.pdsprj.M_TAHABINZAEEM.tahab.workspace,358bd9e6cdbe3e4d2f59799a5342bc95297df3ece6eb4b8f891cf3ef2418cecc,Proteus workspace sidecar,local-only reproducible infrastructure or disposable Proteus state,"preserved on disk, explicitly excluded from Git",*.workspace
experiments/source_passive_v1_single_two_family_temp_2026_06_05/SOURCE_PASSIVE_V1_SINGLE_TWO_FAMILY_TEST_BATCH/SRCP_V1_DCV_T02_C_ONLY/SRCP_V1_DCV_T02_C_ONLY.pdsprj.M_TAHABINZAEEM.tahab.workspace,proteus/experiments/runs/source_passive_v1_single_two_family_temp_2026_06_05/SOURCE_PASSIVE_V1_SINGLE_TWO_FAMILY_TEST_BATCH/SRCP_V1_DCV_T02_C_ONLY/SRCP_V1_DCV_T02_C_ONLY.pdsprj.M_TAHABINZAEEM.tahab.workspace,358bd9e6cdbe3e4d2f59799a5342bc95297df3ece6eb4b8f891cf3ef2418cecc,Proteus workspace sidecar,local-only reproducible infrastructure or disposable Proteus state,"preserved on disk, explicitly excluded from Git",*.workspace
experiments/source_passive_v1_single_two_family_temp_2026_06_05/SOURCE_PASSIVE_V1_SINGLE_TWO_FAMILY_TEST_BATCH/SRCP_V1_DCV_T03_L_ONLY/SRCP_V1_DCV_T03_L_ONLY.pdsprj.M_TAHABINZAEEM.tahab.workspace,proteus/experiments/runs/source_passive_v1_single_two_family_temp_2026_06_05/SOURCE_PASSIVE_V1_SINGLE_TWO_FAMILY_TEST_BATCH/SRCP_V1_DCV_T03_L_ONLY/SRCP_V1_DCV_T03_L_ONLY.pdsprj.M_TAHABINZAEEM.tahab.workspace,358bd9e6cdbe3e4d2f59799a5342bc95297df3ece6eb4b8f891cf3ef2418cecc,Proteus workspace sidecar,local-only reproducible infrastructure or disposable Proteus state,"preserved on disk, explicitly excluded from Git",*.workspace
experiments/source_passive_v1_single_two_family_temp_2026_06_05/SOURCE_PASSIVE_V1_SINGLE_TWO_FAMILY_TEST_BATCH/SRCP_V1_DCV_T04_RC_ONLY/SRCP_V1_DCV_T04_RC_ONLY.pdsprj.M_TAHABINZAEEM.tahab.workspace,proteus/experiments/runs/source_passive_v1_single_two_family_temp_2026_06_05/SOURCE_PASSIVE_V1_SINGLE_TWO_FAMILY_TEST_BATCH/SRCP_V1_DCV_T04_RC_ONLY/SRCP_V1_DCV_T04_RC_ONLY.pdsprj.M_TAHABINZAEEM.tahab.workspace,358bd9e6cdbe3e4d2f59799a5342bc95297df3ece6eb4b8f891cf3ef2418cecc,Proteus workspace sidecar,local-only reproducible infrastructure or disposable Proteus state,"preserved on disk, explicitly excluded from Git",*.workspace
experiments/source_passive_v1_single_two_family_temp_2026_06_05/SOURCE_PASSIVE_V1_SINGLE_TWO_FAMILY_TEST_BATCH/SRCP_V1_DCV_T05_RL_ONLY/SRCP_V1_DCV_T05_RL_ONLY.pdsprj.M_TAHABINZAEEM.tahab.workspace,proteus/experiments/runs/source_passive_v1_single_two_family_temp_2026_06_05/SOURCE_PASSIVE_V1_SINGLE_TWO_FAMILY_TEST_BATCH/SRCP_V1_DCV_T05_RL_ONLY/SRCP_V1_DCV_T05_RL_ONLY.pdsprj.M_TAHABINZAEEM.tahab.workspace,358bd9e6cdbe3e4d2f59799a5342bc95297df3ece6eb4b8f891cf3ef2418cecc,Proteus workspace sidecar,local-only reproducible infrastructure or disposable Proteus state,"preserved on disk, explicitly excluded from Git",*.workspace
experiments/source_passive_v1_single_two_family_temp_2026_06_05/SOURCE_PASSIVE_V1_SINGLE_TWO_FAMILY_TEST_BATCH/SRCP_V1_DCV_T06_CL_ONLY/SRCP_V1_DCV_T06_CL_ONLY.pdsprj.M_TAHABINZAEEM.tahab.workspace,proteus/experiments/runs/source_passive_v1_single_two_family_temp_2026_06_05/SOURCE_PASSIVE_V1_SINGLE_TWO_FAMILY_TEST_BATCH/SRCP_V1_DCV_T06_CL_ONLY/SRCP_V1_DCV_T06_CL_ONLY.pdsprj.M_TAHABINZAEEM.tahab.workspace,358bd9e6cdbe3e4d2f59799a5342bc95297df3ece6eb4b8f891cf3ef2418cecc,Proteus workspace sidecar,local-only reproducible infrastructure or disposable Proteus state,"preserved on disk, explicitly excluded from Git",*.workspace
experiments/source_passive_v2_two_source_temp_2026_06_05/SOURCE_PASSIVE_V2_TWO_SOURCE_TEST_BATCH/SRCP_V2_ACV2_T07_R_ONLY/SRCP_V2_ACV2_T07_R_ONLY.pdsprj.M_TAHABINZAEEM.tahab.workspace,proteus/experiments/runs/source_passive_v2_two_source_temp_2026_06_05/SOURCE_PASSIVE_V2_TWO_SOURCE_TEST_BATCH/SRCP_V2_ACV2_T07_R_ONLY/SRCP_V2_ACV2_T07_R_ONLY.pdsprj.M_TAHABINZAEEM.tahab.workspace,358bd9e6cdbe3e4d2f59799a5342bc95297df3ece6eb4b8f891cf3ef2418cecc,Proteus workspace sidecar,local-only reproducible infrastructure or disposable Proteus state,"preserved on disk, explicitly excluded from Git",*.workspace
experiments/source_passive_v2_two_source_temp_2026_06_05/SOURCE_PASSIVE_V2_TWO_SOURCE_TEST_BATCH/SRCP_V2_ACV2_T08_RC_RL/SRCP_V2_ACV2_T08_RC_RL.pdsprj.M_TAHABINZAEEM.tahab.workspace,proteus/experiments/runs/source_passive_v2_two_source_temp_2026_06_05/SOURCE_PASSIVE_V2_TWO_SOURCE_TEST_BATCH/SRCP_V2_ACV2_T08_RC_RL/SRCP_V2_ACV2_T08_RC_RL.pdsprj.M_TAHABINZAEEM.tahab.workspace,358bd9e6cdbe3e4d2f59799a5342bc95297df3ece6eb4b8f891cf3ef2418cecc,Proteus workspace sidecar,local-only reproducible infrastructure or disposable Proteus state,"preserved on disk, explicitly excluded from Git",*.workspace
experiments/source_passive_v2_two_source_temp_2026_06_05/SOURCE_PASSIVE_V2_TWO_SOURCE_TEST_BATCH/SRCP_V2_ACV2_T09_RCL_RC/SRCP_V2_ACV2_T09_RCL_RC.pdsprj.M_TAHABINZAEEM.tahab.workspace,proteus/experiments/runs/source_passive_v2_two_source_temp_2026_06_05/SOURCE_PASSIVE_V2_TWO_SOURCE_TEST_BATCH/SRCP_V2_ACV2_T09_RCL_RC/SRCP_V2_ACV2_T09_RCL_RC.pdsprj.M_TAHABINZAEEM.tahab.workspace,358bd9e6cdbe3e4d2f59799a5342bc95297df3ece6eb4b8f891cf3ef2418cecc,Proteus workspace sidecar,local-only reproducible infrastructure or disposable Proteus state,"preserved on disk, explicitly excluded from Git",*.workspace
experiments/source_passive_v2_two_source_temp_2026_06_05/SOURCE_PASSIVE_V2_TWO_SOURCE_TEST_BATCH/SRCP_V2_ACV2_T10_C_ONLY/SRCP_V2_ACV2_T10_C_ONLY.pdsprj.M_TAHABINZAEEM.tahab.workspace,proteus/experiments/runs/source_passive_v2_two_source_temp_2026_06_05/SOURCE_PASSIVE_V2_TWO_SOURCE_TEST_BATCH/SRCP_V2_ACV2_T10_C_ONLY/SRCP_V2_ACV2_T10_C_ONLY.pdsprj.M_TAHABINZAEEM.tahab.workspace,358bd9e6cdbe3e4d2f59799a5342bc95297df3ece6eb4b8f891cf3ef2418cecc,Proteus workspace sidecar,local-only reproducible infrastructure or disposable Proteus state,"preserved on disk, explicitly excluded from Git",*.workspace
experiments/source_passive_v2_two_source_temp_2026_06_05/SOURCE_PASSIVE_V2_TWO_SOURCE_TEST_BATCH/SRCP_V2_ACV2_T11_L_ONLY/SRCP_V2_ACV2_T11_L_ONLY.pdsprj.M_TAHABINZAEEM.tahab.workspace,proteus/experiments/runs/source_passive_v2_two_source_temp_2026_06_05/SOURCE_PASSIVE_V2_TWO_SOURCE_TEST_BATCH/SRCP_V2_ACV2_T11_L_ONLY/SRCP_V2_ACV2_T11_L_ONLY.pdsprj.M_TAHABINZAEEM.tahab.workspace,358bd9e6cdbe3e4d2f59799a5342bc95297df3ece6eb4b8f891cf3ef2418cecc,Proteus workspace sidecar,local-only reproducible infrastructure or disposable Proteus state,"preserved on disk, explicitly excluded from Git",*.workspace
experiments/source_passive_v2_two_source_temp_2026_06_05/SOURCE_PASSIVE_V2_TWO_SOURCE_TEST_BATCH/SRCP_V2_ACV2_T12_CL_RL/SRCP_V2_ACV2_T12_CL_RL.pdsprj.M_TAHABINZAEEM.tahab.workspace,proteus/experiments/runs/source_passive_v2_two_source_temp_2026_06_05/SOURCE_PASSIVE_V2_TWO_SOURCE_TEST_BATCH/SRCP_V2_ACV2_T12_CL_RL/SRCP_V2_ACV2_T12_CL_RL.pdsprj.M_TAHABINZAEEM.tahab.workspace,358bd9e6cdbe3e4d2f59799a5342bc95297df3ece6eb4b8f891cf3ef2418cecc,Proteus workspace sidecar,local-only reproducible infrastructure or disposable Proteus state,"preserved on disk, explicitly excluded from Git",*.workspace
experiments/source_passive_v2_two_source_temp_2026_06_05/SOURCE_PASSIVE_V2_TWO_SOURCE_TEST_BATCH/SRCP_V2_DCI2_T03_R_ONLY/SRCP_V2_DCI2_T03_R_ONLY.pdsprj.M_TAHABINZAEEM.tahab.workspace,proteus/experiments/runs/source_passive_v2_two_source_temp_2026_06_05/SOURCE_PASSIVE_V2_TWO_SOURCE_TEST_BATCH/SRCP_V2_DCI2_T03_R_ONLY/SRCP_V2_DCI2_T03_R_ONLY.pdsprj.M_TAHABINZAEEM.tahab.workspace,358bd9e6cdbe3e4d2f59799a5342bc95297df3ece6eb4b8f891cf3ef2418cecc,Proteus workspace sidecar,local-only reproducible infrastructure or disposable Proteus state,"preserved on disk, explicitly excluded from Git",*.workspace
experiments/source_passive_v2_two_source_temp_2026_06_05/SOURCE_PASSIVE_V2_TWO_SOURCE_TEST_BATCH/SRCP_V2_DCI2_T04_RC_RL/SRCP_V2_DCI2_T04_RC_RL.pdsprj.M_TAHABINZAEEM.tahab.workspace,proteus/experiments/runs/source_passive_v2_two_source_temp_2026_06_05/SOURCE_PASSIVE_V2_TWO_SOURCE_TEST_BATCH/SRCP_V2_DCI2_T04_RC_RL/SRCP_V2_DCI2_T04_RC_RL.pdsprj.M_TAHABINZAEEM.tahab.workspace,358bd9e6cdbe3e4d2f59799a5342bc95297df3ece6eb4b8f891cf3ef2418cecc,Proteus workspace sidecar,local-only reproducible infrastructure or disposable Proteus state,"preserved on disk, explicitly excluded from Git",*.workspace
experiments/source_passive_v2_two_source_temp_2026_06_05/SOURCE_PASSIVE_V2_TWO_SOURCE_TEST_BATCH/SRCP_V2_DCV2_T01_R_ONLY/SRCP_V2_DCV2_T01_R_ONLY.pdsprj.M_TAHABINZAEEM.tahab.workspace,proteus/experiments/runs/source_passive_v2_two_source_temp_2026_06_05/SOURCE_PASSIVE_V2_TWO_SOURCE_TEST_BATCH/SRCP_V2_DCV2_T01_R_ONLY/SRCP_V2_DCV2_T01_R_ONLY.pdsprj.M_TAHABINZAEEM.tahab.workspace,73737470329abe9b36c137ce323c27dbbe1be4a0858921fa989e188582ae4822,Proteus workspace sidecar,local-only reproducible infrastructure or disposable Proteus state,"preserved on disk, explicitly excluded from Git",*.workspace
experiments/source_passive_v2_two_source_temp_2026_06_05/SOURCE_PASSIVE_V2_TWO_SOURCE_TEST_BATCH/SRCP_V2_DCV2_T02_RC_RL/SRCP_V2_DCV2_T02_RC_RL.pdsprj.M_TAHABINZAEEM.tahab.workspace,proteus/experiments/runs/source_passive_v2_two_source_temp_2026_06_05/SOURCE_PASSIVE_V2_TWO_SOURCE_TEST_BATCH/SRCP_V2_DCV2_T02_RC_RL/SRCP_V2_DCV2_T02_RC_RL.pdsprj.M_TAHABINZAEEM.tahab.workspace,373a4e0afbe910ff9e11528a557e2bce91c8002320105fa249e23bd9570b2f22,Proteus workspace sidecar,local-only reproducible infrastructure or disposable Proteus state,"preserved on disk, explicitly excluded from Git",*.workspace
experiments/source_passive_v2_two_source_temp_2026_06_05/SOURCE_PASSIVE_V2_TWO_SOURCE_TEST_BATCH/SRCP_V2_DCV_DCI_T05_R_ONLY/SRCP_V2_DCV_DCI_T05_R_ONLY.pdsprj.M_TAHABINZAEEM.tahab.workspace,proteus/experiments/runs/source_passive_v2_two_source_temp_2026_06_05/SOURCE_PASSIVE_V2_TWO_SOURCE_TEST_BATCH/SRCP_V2_DCV_DCI_T05_R_ONLY/SRCP_V2_DCV_DCI_T05_R_ONLY.pdsprj.M_TAHABINZAEEM.tahab.workspace,358bd9e6cdbe3e4d2f59799a5342bc95297df3ece6eb4b8f891cf3ef2418cecc,Proteus workspace sidecar,local-only reproducible infrastructure or disposable Proteus state,"preserved on disk, explicitly excluded from Git",*.workspace
experiments/source_passive_v2_two_source_temp_2026_06_05/SOURCE_PASSIVE_V2_TWO_SOURCE_TEST_BATCH/SRCP_V2_DCV_DCI_T06_RCL_RC/SRCP_V2_DCV_DCI_T06_RCL_RC.pdsprj.M_TAHABINZAEEM.tahab.workspace,proteus/experiments/runs/source_passive_v2_two_source_temp_2026_06_05/SOURCE_PASSIVE_V2_TWO_SOURCE_TEST_BATCH/SRCP_V2_DCV_DCI_T06_RCL_RC/SRCP_V2_DCV_DCI_T06_RCL_RC.pdsprj.M_TAHABINZAEEM.tahab.workspace,358bd9e6cdbe3e4d2f59799a5342bc95297df3ece6eb4b8f891cf3ef2418cecc,Proteus workspace sidecar,local-only reproducible infrastructure or disposable Proteus state,"preserved on disk, explicitly excluded from Git",*.workspace
experiments/source_passive_v3_dcv2_grounded_temp_2026_06_05/SOURCE_PASSIVE_V3_DCV2_GROUNDED_TEST_BATCH/SRCP_V3_DCV2_T01_R_ONLY_G0_RETURN/SRCP_V3_DCV2_T01_R_ONLY_G0_RETURN.pdsprj.M_TAHABINZAEEM.tahab.workspace,proteus/experiments/runs/source_passive_v3_dcv2_grounded_temp_2026_06_05/SOURCE_PASSIVE_V3_DCV2_GROUNDED_TEST_BATCH/SRCP_V3_DCV2_T01_R_ONLY_G0_RETURN/SRCP_V3_DCV2_T01_R_ONLY_G0_RETURN.pdsprj.M_TAHABINZAEEM.tahab.workspace,1ca71287139be0d3f3f54e2bcebfe2510d36ec6e4ac20bd183d151bff022580e,Proteus workspace sidecar,local-only reproducible infrastructure or disposable Proteus state,"preserved on disk, explicitly excluded from Git",*.workspace
experiments/source_passive_v3_dcv2_grounded_temp_2026_06_05/SOURCE_PASSIVE_V3_DCV2_GROUNDED_TEST_BATCH/SRCP_V3_DCV2_T02_RC_RL_G0_RETURN/SRCP_V3_DCV2_T02_RC_RL_G0_RETURN.pdsprj.M_TAHABINZAEEM.tahab.workspace,proteus/experiments/runs/source_passive_v3_dcv2_grounded_temp_2026_06_05/SOURCE_PASSIVE_V3_DCV2_GROUNDED_TEST_BATCH/SRCP_V3_DCV2_T02_RC_RL_G0_RETURN/SRCP_V3_DCV2_T02_RC_RL_G0_RETURN.pdsprj.M_TAHABINZAEEM.tahab.workspace,358bd9e6cdbe3e4d2f59799a5342bc95297df3ece6eb4b8f891cf3ef2418cecc,Proteus workspace sidecar,local-only reproducible infrastructure or disposable Proteus state,"preserved on disk, explicitly excluded from Git",*.workspace
experiments/source_passive_v3_dcv2_grounded_temp_2026_06_05/SOURCE_PASSIVE_V3_DCV2_GROUNDED_TEST_BATCH/SRCP_V3_DCV2_T03_R_ONLY_D0_WITH_1G_REF/SRCP_V3_DCV2_T03_R_ONLY_D0_WITH_1G_REF.pdsprj.M_TAHABINZAEEM.tahab.workspace,proteus/experiments/runs/source_passive_v3_dcv2_grounded_temp_2026_06_05/SOURCE_PASSIVE_V3_DCV2_GROUNDED_TEST_BATCH/SRCP_V3_DCV2_T03_R_ONLY_D0_WITH_1G_REF/SRCP_V3_DCV2_T03_R_ONLY_D0_WITH_1G_REF.pdsprj.M_TAHABINZAEEM.tahab.workspace,358bd9e6cdbe3e4d2f59799a5342bc95297df3ece6eb4b8f891cf3ef2418cecc,Proteus workspace sidecar,local-only reproducible infrastructure or disposable Proteus state,"preserved on disk, explicitly excluded from Git",*.workspace
experiments/source_passive_v3_dcv2_grounded_temp_2026_06_05/SOURCE_PASSIVE_V3_DCV2_GROUNDED_TEST_BATCH/SRCP_V3_DCV2_T04_RC_RL_D0_WITH_1G_REF/SRCP_V3_DCV2_T04_RC_RL_D0_WITH_1G_REF.pdsprj.M_TAHABINZAEEM.tahab.workspace,proteus/experiments/runs/source_passive_v3_dcv2_grounded_temp_2026_06_05/SOURCE_PASSIVE_V3_DCV2_GROUNDED_TEST_BATCH/SRCP_V3_DCV2_T04_RC_RL_D0_WITH_1G_REF/SRCP_V3_DCV2_T04_RC_RL_D0_WITH_1G_REF.pdsprj.M_TAHABINZAEEM.tahab.workspace,358bd9e6cdbe3e4d2f59799a5342bc95297df3ece6eb4b8f891cf3ef2418cecc,Proteus workspace sidecar,local-only reproducible infrastructure or disposable Proteus state,"preserved on disk, explicitly excluded from Git",*.workspace
experiments/source_passive_v5_fixed_v3_order_temp_2026_06_05/SOURCE_PASSIVE_V5_FIXED_V3_ORDER_TEST_BATCH/SRCP_V5_T00_USER_FIXED_COPY/SRCP_V5_T00_USER_FIXED_COPY.pdsprj,proteus/experiments/runs/source_passive_v5_fixed_v3_order_temp_2026_06_05/SOURCE_PASSIVE_V5_FIXED_V3_ORDER_TEST_BATCH/SRCP_V5_T00_USER_FIXED_COPY/SRCP_V5_T00_USER_FIXED_COPY.pdsprj,b78180a47f93f4c96b9546007a72048733b249edb3fe952e9e856c9860f03291,Disposable Proteus loader copy,local-only reproducible infrastructure or disposable Proteus state,"preserved on disk, explicitly excluded from Git",**/*_COPY.pdsprj or **/*_GATE.pdsprj
experiments/source_passive_v5_fixed_v3_order_temp_2026_06_05/SOURCE_PASSIVE_V5_FIXED_V3_ORDER_TEST_BATCH/SRCP_V5_T00_USER_FIXED_COPY/SRCP_V5_T00_USER_FIXED_COPY.pdsprj.M_TAHABINZAEEM.tahab.workspace,proteus/experiments/runs/source_passive_v5_fixed_v3_order_temp_2026_06_05/SOURCE_PASSIVE_V5_FIXED_V3_ORDER_TEST_BATCH/SRCP_V5_T00_USER_FIXED_COPY/SRCP_V5_T00_USER_FIXED_COPY.pdsprj.M_TAHABINZAEEM.tahab.workspace,adbfa16cb5e7071eeb7942dce81498b7d3de4afcfbd548d5e9f84b308ba63ce1,Proteus workspace sidecar,local-only reproducible infrastructure or disposable Proteus state,"preserved on disk, explicitly excluded from Git",*.workspace
experiments/source_passive_v5_fixed_v3_order_temp_2026_06_05/SOURCE_PASSIVE_V5_FIXED_V3_ORDER_TEST_BATCH/SRCP_V5_T01_USER_FIXED_TRANSPLANT_E001/SRCP_V5_T01_USER_FIXED_TRANSPLANT_E001.pdsprj.M_TAHABINZAEEM.tahab.workspace,proteus/experiments/runs/source_passive_v5_fixed_v3_order_temp_2026_06_05/SOURCE_PASSIVE_V5_FIXED_V3_ORDER_TEST_BATCH/SRCP_V5_T01_USER_FIXED_TRANSPLANT_E001/SRCP_V5_T01_USER_FIXED_TRANSPLANT_E001.pdsprj.M_TAHABINZAEEM.tahab.workspace,d939b0b3778d2e5840412988ce984f5d93687c3023bacec96688ffb7c3757345,Proteus workspace sidecar,local-only reproducible infrastructure or disposable Proteus state,"preserved on disk, explicitly excluded from Git",*.workspace
experiments/source_passive_v6_v3_dsn_cdb_only_temp_2026_06_05/SOURCE_PASSIVE_V6_V3_DSN_CDB_ONLY_TEST_BATCH/SRCP_V6_T00_V3_T03_ORIGINAL_COPY/SRCP_V6_T00_V3_T03_ORIGINAL_COPY.pdsprj,proteus/experiments/runs/source_passive_v6_v3_dsn_cdb_only_temp_2026_06_05/SOURCE_PASSIVE_V6_V3_DSN_CDB_ONLY_TEST_BATCH/SRCP_V6_T00_V3_T03_ORIGINAL_COPY/SRCP_V6_T00_V3_T03_ORIGINAL_COPY.pdsprj,a697e038f97bee28671875e9af2b8a505c27177795a84ccdc1cf0e8bad7f1037,Disposable Proteus loader copy,local-only reproducible infrastructure or disposable Proteus state,"preserved on disk, explicitly excluded from Git",**/*_COPY.pdsprj or **/*_GATE.pdsprj
experiments/source_passive_v6_v3_dsn_cdb_only_temp_2026_06_05/SOURCE_PASSIVE_V6_V3_DSN_CDB_ONLY_TEST_BATCH/SRCP_V6_T00_V3_T03_ORIGINAL_COPY/SRCP_V6_T00_V3_T03_ORIGINAL_COPY.pdsprj.M_TAHABINZAEEM.tahab.workspace,proteus/experiments/runs/source_passive_v6_v3_dsn_cdb_only_temp_2026_06_05/SOURCE_PASSIVE_V6_V3_DSN_CDB_ONLY_TEST_BATCH/SRCP_V6_T00_V3_T03_ORIGINAL_COPY/SRCP_V6_T00_V3_T03_ORIGINAL_COPY.pdsprj.M_TAHABINZAEEM.tahab.workspace,adbfa16cb5e7071eeb7942dce81498b7d3de4afcfbd548d5e9f84b308ba63ce1,Proteus workspace sidecar,local-only reproducible infrastructure or disposable Proteus state,"preserved on disk, explicitly excluded from Git",*.workspace
experiments/source_passive_v6_v3_dsn_cdb_only_temp_2026_06_05/SOURCE_PASSIVE_V6_V3_DSN_CDB_ONLY_TEST_BATCH/SRCP_V6_T01_T03_ORIG_DSN_FIXED_CDB_EXACT/SRCP_V6_T01_T03_ORIG_DSN_FIXED_CDB_EXACT.pdsprj.M_TAHABINZAEEM.tahab.workspace,proteus/experiments/runs/source_passive_v6_v3_dsn_cdb_only_temp_2026_06_05/SOURCE_PASSIVE_V6_V3_DSN_CDB_ONLY_TEST_BATCH/SRCP_V6_T01_T03_ORIG_DSN_FIXED_CDB_EXACT/SRCP_V6_T01_T03_ORIG_DSN_FIXED_CDB_EXACT.pdsprj.M_TAHABINZAEEM.tahab.workspace,adbfa16cb5e7071eeb7942dce81498b7d3de4afcfbd548d5e9f84b308ba63ce1,Proteus workspace sidecar,local-only reproducible infrastructure or disposable Proteus state,"preserved on disk, explicitly excluded from Git",*.workspace
experiments/source_passive_v6_v3_dsn_cdb_only_temp_2026_06_05/SOURCE_PASSIVE_V6_V3_DSN_CDB_ONLY_TEST_BATCH/SRCP_V6_T02_T03_ORIG_DSN_SOURCE_CDB_1V/SRCP_V6_T02_T03_ORIG_DSN_SOURCE_CDB_1V.pdsprj.M_TAHABINZAEEM.tahab.workspace,proteus/experiments/runs/source_passive_v6_v3_dsn_cdb_only_temp_2026_06_05/SOURCE_PASSIVE_V6_V3_DSN_CDB_ONLY_TEST_BATCH/SRCP_V6_T02_T03_ORIG_DSN_SOURCE_CDB_1V/SRCP_V6_T02_T03_ORIG_DSN_SOURCE_CDB_1V.pdsprj.M_TAHABINZAEEM.tahab.workspace,adbfa16cb5e7071eeb7942dce81498b7d3de4afcfbd548d5e9f84b308ba63ce1,Proteus workspace sidecar,local-only reproducible infrastructure or disposable Proteus state,"preserved on disk, explicitly excluded from Git",*.workspace
experiments/source_passive_v6_v3_dsn_cdb_only_temp_2026_06_05/SOURCE_PASSIVE_V6_V3_DSN_CDB_ONLY_TEST_BATCH/SRCP_V6_T03_T03_ORIG_DSN_SOURCE_CDB_10V_5V/SRCP_V6_T03_T03_ORIG_DSN_SOURCE_CDB_10V_5V.pdsprj.M_TAHABINZAEEM.tahab.workspace,proteus/experiments/runs/source_passive_v6_v3_dsn_cdb_only_temp_2026_06_05/SOURCE_PASSIVE_V6_V3_DSN_CDB_ONLY_TEST_BATCH/SRCP_V6_T03_T03_ORIG_DSN_SOURCE_CDB_10V_5V/SRCP_V6_T03_T03_ORIG_DSN_SOURCE_CDB_10V_5V.pdsprj.M_TAHABINZAEEM.tahab.workspace,adbfa16cb5e7071eeb7942dce81498b7d3de4afcfbd548d5e9f84b308ba63ce1,Proteus workspace sidecar,local-only reproducible infrastructure or disposable Proteus state,"preserved on disk, explicitly excluded from Git",*.workspace
experiments/source_passive_v6_v3_dsn_cdb_only_temp_2026_06_05/SOURCE_PASSIVE_V6_V3_DSN_CDB_ONLY_TEST_BATCH/SRCP_V6_T04_T03_ORIG_DSN_SOURCE_PINS_FIELD0/SRCP_V6_T04_T03_ORIG_DSN_SOURCE_PINS_FIELD0.pdsprj.M_TAHABINZAEEM.tahab.workspace,proteus/experiments/runs/source_passive_v6_v3_dsn_cdb_only_temp_2026_06_05/SOURCE_PASSIVE_V6_V3_DSN_CDB_ONLY_TEST_BATCH/SRCP_V6_T04_T03_ORIG_DSN_SOURCE_PINS_FIELD0/SRCP_V6_T04_T03_ORIG_DSN_SOURCE_PINS_FIELD0.pdsprj.M_TAHABINZAEEM.tahab.workspace,adbfa16cb5e7071eeb7942dce81498b7d3de4afcfbd548d5e9f84b308ba63ce1,Proteus workspace sidecar,local-only reproducible infrastructure or disposable Proteus state,"preserved on disk, explicitly excluded from Git",*.workspace
experiments/source_passive_v6_v3_dsn_cdb_only_temp_2026_06_05/SOURCE_PASSIVE_V6_V3_DSN_CDB_ONLY_TEST_BATCH/SRCP_V6_T05_T03_ORIG_DSN_PASSIVE_PINS_NEG1/SRCP_V6_T05_T03_ORIG_DSN_PASSIVE_PINS_NEG1.pdsprj.M_TAHABINZAEEM.tahab.workspace,proteus/experiments/runs/source_passive_v6_v3_dsn_cdb_only_temp_2026_06_05/SOURCE_PASSIVE_V6_V3_DSN_CDB_ONLY_TEST_BATCH/SRCP_V6_T05_T03_ORIG_DSN_PASSIVE_PINS_NEG1/SRCP_V6_T05_T03_ORIG_DSN_PASSIVE_PINS_NEG1.pdsprj.M_TAHABINZAEEM.tahab.workspace,adbfa16cb5e7071eeb7942dce81498b7d3de4afcfbd548d5e9f84b308ba63ce1,Proteus workspace sidecar,local-only reproducible infrastructure or disposable Proteus state,"preserved on disk, explicitly excluded from Git",*.workspace
experiments/source_passive_v6_v3_dsn_cdb_only_temp_2026_06_05/SOURCE_PASSIVE_V6_V3_DSN_CDB_ONLY_TEST_BATCH/SRCP_V6_T06_V3_T04_ORIGINAL_COPY/SRCP_V6_T06_V3_T04_ORIGINAL_COPY.pdsprj,proteus/experiments/runs/source_passive_v6_v3_dsn_cdb_only_temp_2026_06_05/SOURCE_PASSIVE_V6_V3_DSN_CDB_ONLY_TEST_BATCH/SRCP_V6_T06_V3_T04_ORIGINAL_COPY/SRCP_V6_T06_V3_T04_ORIGINAL_COPY.pdsprj,51a7e2a0c460f855eeb7ffd5cd8b9bd2f35bcd75ae9c10c315a1769695802a7a,Disposable Proteus loader copy,local-only reproducible infrastructure or disposable Proteus state,"preserved on disk, explicitly excluded from Git",**/*_COPY.pdsprj or **/*_GATE.pdsprj
experiments/source_passive_v6_v3_dsn_cdb_only_temp_2026_06_05/SOURCE_PASSIVE_V6_V3_DSN_CDB_ONLY_TEST_BATCH/SRCP_V6_T06_V3_T04_ORIGINAL_COPY/SRCP_V6_T06_V3_T04_ORIGINAL_COPY.pdsprj.M_TAHABINZAEEM.tahab.workspace,proteus/experiments/runs/source_passive_v6_v3_dsn_cdb_only_temp_2026_06_05/SOURCE_PASSIVE_V6_V3_DSN_CDB_ONLY_TEST_BATCH/SRCP_V6_T06_V3_T04_ORIGINAL_COPY/SRCP_V6_T06_V3_T04_ORIGINAL_COPY.pdsprj.M_TAHABINZAEEM.tahab.workspace,adbfa16cb5e7071eeb7942dce81498b7d3de4afcfbd548d5e9f84b308ba63ce1,Proteus workspace sidecar,local-only reproducible infrastructure or disposable Proteus state,"preserved on disk, explicitly excluded from Git",*.workspace
experiments/source_passive_v6_v3_dsn_cdb_only_temp_2026_06_05/SOURCE_PASSIVE_V6_V3_DSN_CDB_ONLY_TEST_BATCH/SRCP_V6_T07_T04_ORIG_DSN_SOURCE_CDB_1V/SRCP_V6_T07_T04_ORIG_DSN_SOURCE_CDB_1V.pdsprj.M_TAHABINZAEEM.tahab.workspace,proteus/experiments/runs/source_passive_v6_v3_dsn_cdb_only_temp_2026_06_05/SOURCE_PASSIVE_V6_V3_DSN_CDB_ONLY_TEST_BATCH/SRCP_V6_T07_T04_ORIG_DSN_SOURCE_CDB_1V/SRCP_V6_T07_T04_ORIG_DSN_SOURCE_CDB_1V.pdsprj.M_TAHABINZAEEM.tahab.workspace,adbfa16cb5e7071eeb7942dce81498b7d3de4afcfbd548d5e9f84b308ba63ce1,Proteus workspace sidecar,local-only reproducible infrastructure or disposable Proteus state,"preserved on disk, explicitly excluded from Git",*.workspace
experiments/source_passive_v6_v3_dsn_cdb_only_temp_2026_06_05/SOURCE_PASSIVE_V6_V3_DSN_CDB_ONLY_TEST_BATCH/SRCP_V6_T08_T04_ORIG_DSN_SOURCE_CDB_10V_5V/SRCP_V6_T08_T04_ORIG_DSN_SOURCE_CDB_10V_5V.pdsprj.M_TAHABINZAEEM.tahab.workspace,proteus/experiments/runs/source_passive_v6_v3_dsn_cdb_only_temp_2026_06_05/SOURCE_PASSIVE_V6_V3_DSN_CDB_ONLY_TEST_BATCH/SRCP_V6_T08_T04_ORIG_DSN_SOURCE_CDB_10V_5V/SRCP_V6_T08_T04_ORIG_DSN_SOURCE_CDB_10V_5V.pdsprj.M_TAHABINZAEEM.tahab.workspace,adbfa16cb5e7071eeb7942dce81498b7d3de4afcfbd548d5e9f84b308ba63ce1,Proteus workspace sidecar,local-only reproducible infrastructure or disposable Proteus state,"preserved on disk, explicitly excluded from Git",*.workspace
experiments/source_passive_v7_fixed_file_controls_temp_2026_06_05/SOURCE_PASSIVE_V7_FIXED_FILE_CONTROLS_TEST_BATCH/SRCP_V7_T00_USER_FIXED_EXACT_COPY/SRCP_V7_T00_USER_FIXED_EXACT_COPY.pdsprj,proteus/experiments/runs/source_passive_v7_fixed_file_controls_temp_2026_06_05/SOURCE_PASSIVE_V7_FIXED_FILE_CONTROLS_TEST_BATCH/SRCP_V7_T00_USER_FIXED_EXACT_COPY/SRCP_V7_T00_USER_FIXED_EXACT_COPY.pdsprj,b78180a47f93f4c96b9546007a72048733b249edb3fe952e9e856c9860f03291,Disposable Proteus loader copy,local-only reproducible infrastructure or disposable Proteus state,"preserved on disk, explicitly excluded from Git",**/*_COPY.pdsprj or **/*_GATE.pdsprj
experiments/source_passive_v7_fixed_file_controls_temp_2026_06_05/SOURCE_PASSIVE_V7_FIXED_FILE_CONTROLS_TEST_BATCH/SRCP_V7_T00_USER_FIXED_EXACT_COPY/SRCP_V7_T00_USER_FIXED_EXACT_COPY.pdsprj.M_TAHABINZAEEM.tahab.workspace,proteus/experiments/runs/source_passive_v7_fixed_file_controls_temp_2026_06_05/SOURCE_PASSIVE_V7_FIXED_FILE_CONTROLS_TEST_BATCH/SRCP_V7_T00_USER_FIXED_EXACT_COPY/SRCP_V7_T00_USER_FIXED_EXACT_COPY.pdsprj.M_TAHABINZAEEM.tahab.workspace,adbfa16cb5e7071eeb7942dce81498b7d3de4afcfbd548d5e9f84b308ba63ce1,Proteus workspace sidecar,local-only reproducible infrastructure or disposable Proteus state,"preserved on disk, explicitly excluded from Git",*.workspace
experiments/source_passive_v7_fixed_file_controls_temp_2026_06_05/SOURCE_PASSIVE_V7_FIXED_FILE_CONTROLS_TEST_BATCH/SRCP_V7_T03_USER_FIXED_DSN_CDB_IN_E001/SRCP_V7_T03_USER_FIXED_DSN_CDB_IN_E001.pdsprj.M_TAHABINZAEEM.tahab.workspace,proteus/experiments/runs/source_passive_v7_fixed_file_controls_temp_2026_06_05/SOURCE_PASSIVE_V7_FIXED_FILE_CONTROLS_TEST_BATCH/SRCP_V7_T03_USER_FIXED_DSN_CDB_IN_E001/SRCP_V7_T03_USER_FIXED_DSN_CDB_IN_E001.pdsprj.M_TAHABINZAEEM.tahab.workspace,adbfa16cb5e7071eeb7942dce81498b7d3de4afcfbd548d5e9f84b308ba63ce1,Proteus workspace sidecar,local-only reproducible infrastructure or disposable Proteus state,"preserved on disk, explicitly excluded from Git",*.workspace
experiments/source_passive_v7_fixed_file_controls_temp_2026_06_05/SOURCE_PASSIVE_V7_FIXED_FILE_CONTROLS_TEST_BATCH/SRCP_V7_T04_USER_FIXED_CDB_ONLY_10V_5V/SRCP_V7_T04_USER_FIXED_CDB_ONLY_10V_5V.pdsprj.M_TAHABINZAEEM.tahab.workspace,proteus/experiments/runs/source_passive_v7_fixed_file_controls_temp_2026_06_05/SOURCE_PASSIVE_V7_FIXED_FILE_CONTROLS_TEST_BATCH/SRCP_V7_T04_USER_FIXED_CDB_ONLY_10V_5V/SRCP_V7_T04_USER_FIXED_CDB_ONLY_10V_5V.pdsprj.M_TAHABINZAEEM.tahab.workspace,adbfa16cb5e7071eeb7942dce81498b7d3de4afcfbd548d5e9f84b308ba63ce1,Proteus workspace sidecar,local-only reproducible infrastructure or disposable Proteus state,"preserved on disk, explicitly excluded from Git",*.workspace
experiments/source_passive_v9_fixed_wire_source_boundary_temp_2026_06_05/SOURCE_PASSIVE_V9_FIXED_WIRE_SOURCE_BOUNDARY_TEST_BATCH/SRCP_V9_T02_RC_RL_FIXED_R_WIRES_1V/SRCP_V9_T02_RC_RL_FIXED_R_WIRES_1V.pdsprj.M_TAHABINZAEEM.tahab.workspace,proteus/experiments/runs/source_passive_v9_fixed_wire_source_boundary_temp_2026_06_05/SOURCE_PASSIVE_V9_FIXED_WIRE_SOURCE_BOUNDARY_TEST_BATCH/SRCP_V9_T02_RC_RL_FIXED_R_WIRES_1V/SRCP_V9_T02_RC_RL_FIXED_R_WIRES_1V.pdsprj.M_TAHABINZAEEM.tahab.workspace,adbfa16cb5e7071eeb7942dce81498b7d3de4afcfbd548d5e9f84b308ba63ce1,Proteus workspace sidecar,local-only reproducible infrastructure or disposable Proteus state,"preserved on disk, explicitly excluded from Git",*.workspace
experiments/temp_power_bridge_resistor_2026_05_30/CLEAN_T02_R21_REPRO_VISIBLE/CLEAN_T02_R21_POWER_BRIDGE_GROUND_SHORTWIRE.pdsprj.M_TAHABINZAEEM.tahab.workspace,proteus/experiments/runs/temp_power_bridge_resistor_2026_05_30/CLEAN_T02_R21_REPRO_VISIBLE/CLEAN_T02_R21_POWER_BRIDGE_GROUND_SHORTWIRE.pdsprj.M_TAHABINZAEEM.tahab.workspace,b6b524b078be289c0ad1bbb812a244fa2e6dceca3d88e697da391e8f588a6ebf,Proteus workspace sidecar,local-only reproducible infrastructure or disposable Proteus state,"preserved on disk, explicitly excluded from Git",*.workspace
new during reorganization,proteus/experiments/runs/terminal_all_supported_mixed_v31_temp_2026_07_10/01_terminalized_sa_test_these/V31_01_ALL_SUPPORTED_2PIN_POT_LM_OP_1x_sa.pdsprj.Vincero.Empty.workspace,3c521a864c095844f361d18fc816ac3d1699e0209acbe2c39360652a9d813213,Proteus workspace sidecar,local-only reproducible infrastructure or disposable Proteus state,"preserved on disk, explicitly excluded from Git",*.workspace
new during reorganization,proteus/experiments/runs/terminal_all_supported_mixed_v31_temp_2026_07_10/01_terminalized_sa_test_these/V31_04_ALL_SUPPORTED_2PIN_POT_LM_OP_24x_CAPPED_sa.pdsprj.Vincero.Empty.workspace,8321835d3049cda5c57965503cc88c483b24571594157b48628d90eb380dd51e,Proteus workspace sidecar,local-only reproducible infrastructure or disposable Proteus state,"preserved on disk, explicitly excluded from Git",*.workspace
new during reorganization,proteus/experiments/runs/terminal_isolation_solo_mixed_v30_temp_2026_07_10/02_mixed_two_pin_only_sa/M2P04_ALL_TWO_PIN_24x_CAPPED_sa.pdsprj.Vincero.Empty.workspace,ee730278f2fbda48851519fd154c8122632563e617d4f97147fe8696110a3efc,Proteus workspace sidecar,local-only reproducible infrastructure or disposable Proteus state,"preserved on disk, explicitly excluded from Git",*.workspace
new during reorganization,proteus/experiments/runs/terminal_isolation_solo_mixed_v30_temp_2026_07_10/03_mixed_pothg_lm_op_sa/M3C01_POT_HG_LM317T_OPAMP_1x_sa.pdsprj.Vincero.Empty.workspace,bd477a80f85131a09405af02e3c514abba51daf27f14affffdc42f4104ba0c96,Proteus workspace sidecar,local-only reproducible infrastructure or disposable Proteus state,"preserved on disk, explicitly excluded from Git",*.workspace
new during reorganization,proteus/experiments/runs/terminal_isolation_solo_mixed_v30_temp_2026_07_10/03_mixed_pothg_lm_op_sa/M3C02_POT_HG_LM317T_OPAMP_9x_sa.pdsprj.Vincero.Empty.workspace,62eb9451b54d7231f2632b31968d699dbc6fdd5ea5235abf925f767602c0d8ae,Proteus workspace sidecar,local-only reproducible infrastructure or disposable Proteus state,"preserved on disk, explicitly excluded from Git",*.workspace
new during reorganization,proteus/experiments/runs/terminal_isolation_solo_mixed_v30_temp_2026_07_10/03_mixed_pothg_lm_op_sa/M3C04_POT_HG_LM317T_OPAMP_24x_sa.pdsprj.Vincero.Empty.workspace,e0992a17f8f54f4b7c65d5ca2a64d8c886319aa1ffd04fd242b714e1efe002c4,Proteus workspace sidecar,local-only reproducible infrastructure or disposable Proteus state,"preserved on disk, explicitly excluded from Git",*.workspace
new during reorganization,proteus/experiments/runs/terminal_pending_fast_solo_v1_temp_2026_07_15/S01_IRDIODE_1X/04_local_proteus_gate/IRDIODE_ALIAS_COMPLETE_GATE_COPY.pdsprj,3d01b534f129ab277ef68c6af325fc2d4be86b803f038201948ea3cf7997d30c,Disposable Proteus loader copy,local-only reproducible infrastructure or disposable Proteus state,"preserved on disk, explicitly excluded from Git",**/*_COPY.pdsprj or **/*_GATE.pdsprj
new during reorganization,proteus/experiments/runs/terminal_pending_fast_solo_v1_temp_2026_07_15/S02_BRIDGE_1X/local_proteus_gate/G02_BRIDGE_COPY.pdsprj,4bd8853aed51c6c00be5bd8583dff559539df7daf6c297876433c96ad8aa7547,Disposable Proteus loader copy,local-only reproducible infrastructure or disposable Proteus state,"preserved on disk, explicitly excluded from Git",**/*_COPY.pdsprj or **/*_GATE.pdsprj
new during reorganization,proteus/experiments/runs/terminal_pending_fast_solo_v1_temp_2026_07_15/S03_NPN_1X/local_proteus_gate/G01_NPN_NORMAL_COPY.pdsprj,f81061e9d730af8f10db01d0e4a8face00f4b81b1e215b6cb82e43fd4bff7889,Disposable Proteus loader copy,local-only reproducible infrastructure or disposable Proteus state,"preserved on disk, explicitly excluded from Git",**/*_COPY.pdsprj or **/*_GATE.pdsprj
new during reorganization,proteus/experiments/runs/terminal_pending_fast_solo_v1_temp_2026_07_15/S03_NPN_1X/local_proteus_gate/G03_NPN_COPY.pdsprj,f81061e9d730af8f10db01d0e4a8face00f4b81b1e215b6cb82e43fd4bff7889,Disposable Proteus loader copy,local-only reproducible infrastructure or disposable Proteus state,"preserved on disk, explicitly excluded from Git",**/*_COPY.pdsprj or **/*_GATE.pdsprj
new during reorganization,proteus/experiments/runs/terminal_pending_fast_solo_v1_temp_2026_07_15/S04_PNP_1X/local_proteus_gate/G04_PNP_COPY.pdsprj,cef2d813c341cc6ff67f992a2880f51e9028677ab557b1dc5904b663e5a48ea0,Disposable Proteus loader copy,local-only reproducible infrastructure or disposable Proteus state,"preserved on disk, explicitly excluded from Git",**/*_COPY.pdsprj or **/*_GATE.pdsprj
new during reorganization,proteus/experiments/runs/terminal_pending_fast_solo_v1_temp_2026_07_15/S05_2N3904_1X/local_proteus_gate/G05_2N3904_COPY.pdsprj,19cedba1c7f54805126ab18cfc2de34d1d7441b4a0cb3db7c55189f7bd1ac347,Disposable Proteus loader copy,local-only reproducible infrastructure or disposable Proteus state,"preserved on disk, explicitly excluded from Git",**/*_COPY.pdsprj or **/*_GATE.pdsprj
new during reorganization,proteus/experiments/runs/terminal_pending_fast_solo_v1_temp_2026_07_15/S06_2N4401_1X/local_proteus_gate/G06_2N4401_COPY.pdsprj,d30784584a84ef8af080d69b60cb144bb75d7be1a7356043ab7f4daaf37e8dff,Disposable Proteus loader copy,local-only reproducible infrastructure or disposable Proteus state,"preserved on disk, explicitly excluded from Git",**/*_COPY.pdsprj or **/*_GATE.pdsprj
new during reorganization,proteus/experiments/runs/terminal_pending_fast_solo_v1_temp_2026_07_15/S07_TRAN_2P2S_1X/local_proteus_gate/G07_TRAN_2P2S_COPY.pdsprj,591bfc10e980be8b62e14ee57d8f068212fbb43f9330d6238bc7aeb62af04b0c,Disposable Proteus loader copy,local-only reproducible infrastructure or disposable Proteus state,"preserved on disk, explicitly excluded from Git",**/*_COPY.pdsprj or **/*_GATE.pdsprj
new during reorganization,proteus/experiments/runs/terminal_pending_fast_solo_v1_temp_2026_07_15/S08_LM317T_1X/local_proteus_gate/G08_LM317T_COPY.pdsprj,7ee3c7d16529cd5f755a0d31507e817a487572ae1142831adb220e596029edfa,Disposable Proteus loader copy,local-only reproducible infrastructure or disposable Proteus state,"preserved on disk, explicitly excluded from Git",**/*_COPY.pdsprj or **/*_GATE.pdsprj
new during reorganization,proteus/experiments/runs/terminal_pending_fast_solo_v1_temp_2026_07_15/S09_OPAMP_1X/local_proteus_gate/G09_OPAMP_COPY.pdsprj,e71566a8ab89df4723e896235165cbcbb025ef3710790acc6bf5d30bf142ebcf,Disposable Proteus loader copy,local-only reproducible infrastructure or disposable Proteus state,"preserved on disk, explicitly excluded from Git",**/*_COPY.pdsprj or **/*_GATE.pdsprj
new during reorganization,proteus/experiments/runs/terminal_pending_fast_solo_v1_temp_2026_07_15/S10_POT_HG_1X/local_proteus_gate/G10_POT_HG_COPY.pdsprj,ae93f9753d395518f261b4d41267514e83a81b4618429295e9d2a58229db8f47,Disposable Proteus loader copy,local-only reproducible infrastructure or disposable Proteus state,"preserved on disk, explicitly excluded from Git",**/*_COPY.pdsprj or **/*_GATE.pdsprj
new during reorganization,proteus/experiments/runs/terminal_pending_fast_solo_v1_temp_2026_07_15/S11_SWITCH_1X/local_proteus_gate/G11_SWITCH_COPY.pdsprj,3ccf5abbd489aff1e67de6b606088bcb238df2572a45a2c50eaf04f5dc77ea19,Disposable Proteus loader copy,local-only reproducible infrastructure or disposable Proteus state,"preserved on disk, explicitly excluded from Git",**/*_COPY.pdsprj or **/*_GATE.pdsprj
new during reorganization,proteus/experiments/runs/terminal_pending_fast_solo_v1_temp_2026_07_15/S14_74HC04_1X/local_proteus_gate/G14_74HC04_COPY.pdsprj,fb4f2c858b1eda82f5db3d12b5f7247623f10304e5d99ec09a571eeb9e1c6bf9,Disposable Proteus loader copy,local-only reproducible infrastructure or disposable Proteus state,"preserved on disk, explicitly excluded from Git",**/*_COPY.pdsprj or **/*_GATE.pdsprj
new during reorganization,proteus/experiments/runs/terminal_pending_fast_solo_v1_temp_2026_07_15/S15_74HC08_1X/local_proteus_gate/G15_74HC08_COPY.pdsprj,f9c8fd9e761ad6b17b698950a79153fec1a4d8527b24a436f525e9a0b85ac1cc,Disposable Proteus loader copy,local-only reproducible infrastructure or disposable Proteus state,"preserved on disk, explicitly excluded from Git",**/*_COPY.pdsprj or **/*_GATE.pdsprj
new during reorganization,proteus/experiments/runs/terminal_pending_fast_solo_v1_temp_2026_07_15/S16_74HC266_1X/local_proteus_gate/G16_74HC266_COPY.pdsprj,3e004a923ec3e4021ba0fae8c7edef5d168b367c9cf778ec5caaf583a5eb406b,Disposable Proteus loader copy,local-only reproducible infrastructure or disposable Proteus state,"preserved on disk, explicitly excluded from Git",**/*_COPY.pdsprj or **/*_GATE.pdsprj
new during reorganization,proteus/experiments/runs/terminal_pending_fast_solo_v1_temp_2026_07_15/S17_74HC32_1X/local_proteus_gate/G17_74HC32_COPY.pdsprj,bfe8b65e9f9600248090c73a606bdbf16990d3a3e528e39078a00ca2ed53a99b,Disposable Proteus loader copy,local-only reproducible infrastructure or disposable Proteus state,"preserved on disk, explicitly excluded from Git",**/*_COPY.pdsprj or **/*_GATE.pdsprj
new during reorganization,proteus/experiments/runs/terminal_pending_fast_solo_v1_temp_2026_07_15/S18_74HC86_1X/local_proteus_gate/G18_74HC86_COPY.pdsprj,ca43452f2cc053fe28f276a0a596acd793b4470c639e0e5f82e85057e74b48e6,Disposable Proteus loader copy,local-only reproducible infrastructure or disposable Proteus state,"preserved on disk, explicitly excluded from Git",**/*_COPY.pdsprj or **/*_GATE.pdsprj
new during reorganization,proteus/experiments/runs/terminal_recovery_solo_1x_temp_2026_07_08/S001_RESISTOR_1X_ACCEPTED_TERMINAL/S001_RESISTOR_1X_ACCEPTED_TERMINAL_placed.pdsprj.Vincero.Empty.workspace,4df371d8acab9f3f6cb1527185a7827d64b61868b2493a11f57b20de1e21b0af,Proteus workspace sidecar,local-only reproducible infrastructure or disposable Proteus state,"preserved on disk, explicitly excluded from Git",*.workspace
new during reorganization,proteus/experiments/runs/terminal_recovery_solo_1x_temp_2026_07_08/S001_RESISTOR_1X_ACCEPTED_TERMINAL/S001_RESISTOR_1X_ACCEPTED_TERMINAL_sa.pdsprj.Vincero.Empty.workspace,eef66b85c99c57db0f981aeb6f74c47b55cb45d7b5a7803d15f211cd6aa03874,Proteus workspace sidecar,local-only reproducible infrastructure or disposable Proteus state,"preserved on disk, explicitly excluded from Git",*.workspace
new during reorganization,proteus/experiments/runs/terminal_recovery_solo_1x_temp_2026_07_08/S002_CAP_1X_ACCEPTED_TERMINAL/S002_CAP_1X_ACCEPTED_TERMINAL_sa.pdsprj.Vincero.Empty.workspace,eded41b3f8c0ed0d6f51c15a9633e4ee861d5fe300ec0c0ab59d81584db9bc46,Proteus workspace sidecar,local-only reproducible infrastructure or disposable Proteus state,"preserved on disk, explicitly excluded from Git",*.workspace
new during reorganization,proteus/experiments/runs/terminal_recovery_solo_1x_temp_2026_07_08/S003_DIODE_1X_ACCEPTED_TERMINAL/S003_DIODE_1X_ACCEPTED_TERMINAL_sa.pdsprj.Vincero.Empty.workspace,9ea718e995abb01a29ee26f100583f6521a977a26a52620a07e3b482872fccef,Proteus workspace sidecar,local-only reproducible infrastructure or disposable Proteus state,"preserved on disk, explicitly excluded from Git",*.workspace
new during reorganization,proteus/experiments/runs/terminal_recovery_solo_1x_temp_2026_07_08/S004_VSINE_1X_ACCEPTED_TERMINAL/S004_VSINE_1X_ACCEPTED_TERMINAL_sa.pdsprj.Vincero.Empty.workspace,4df371d8acab9f3f6cb1527185a7827d64b61868b2493a11f57b20de1e21b0af,Proteus workspace sidecar,local-only reproducible infrastructure or disposable Proteus state,"preserved on disk, explicitly excluded from Git",*.workspace
new during reorganization,proteus/experiments/runs/terminal_recovery_solo_1x_temp_2026_07_08/S005_VSOURCE_1X_ACCEPTED_TERMINAL/S005_VSOURCE_1X_ACCEPTED_TERMINAL_sa.pdsprj.Vincero.Empty.workspace,4f3b448efad8fe7f85278890adc0c847c89fcebd04724bcc227b7ebd7708b640,Proteus workspace sidecar,local-only reproducible infrastructure or disposable Proteus state,"preserved on disk, explicitly excluded from Git",*.workspace
new during reorganization,proteus/experiments/runs/terminal_recovery_solo_1x_temp_2026_07_08/S006_CSOURCE_1X_ACCEPTED_TERMINAL/S006_CSOURCE_1X_ACCEPTED_TERMINAL_sa.pdsprj.Vincero.Empty.workspace,ef6c6768e82ff6e70a2cae1aed6585ef226bf2ea064bc27540349e975dde918c,Proteus workspace sidecar,local-only reproducible infrastructure or disposable Proteus state,"preserved on disk, explicitly excluded from Git",*.workspace
new during reorganization,proteus/experiments/runs/terminal_recovery_solo_1x_temp_2026_07_08/S007_VPULSE_1X_ACCEPTED_TERMINAL/S007_VPULSE_1X_ACCEPTED_TERMINAL_sa.pdsprj.Vincero.Empty.workspace,65e75f21cc0c7a4874f71bb067202af816c8a2b7ea37a0a19dd6e6fd5dd03e76,Proteus workspace sidecar,local-only reproducible infrastructure or disposable Proteus state,"preserved on disk, explicitly excluded from Git",*.workspace
new during reorganization,proteus/experiments/runs/terminal_recovery_solo_1x_temp_2026_07_08/S008_LED-RED_1X_ACCEPTED_TERMINAL/S008_LED-RED_1X_ACCEPTED_TERMINAL_sa.pdsprj.Vincero.Empty.workspace,c38f91ae69540f2cac0818c3663f0b2ea18925da16114ef1b134c28c74aaf36d,Proteus workspace sidecar,local-only reproducible infrastructure or disposable Proteus state,"preserved on disk, explicitly excluded from Git",*.workspace
new during reorganization,proteus/experiments/runs/terminal_recovery_solo_1x_temp_2026_07_08/S009_1N4733A_1X_ACCEPTED_TERMINAL/S009_1N4733A_1X_ACCEPTED_TERMINAL_sa.pdsprj.Vincero.Empty.workspace,5ee14ae26ff383b684e7bf80582403d3821d9e6f58acd5b5b4d5a81380f97bce,Proteus workspace sidecar,local-only reproducible infrastructure or disposable Proteus state,"preserved on disk, explicitly excluded from Git",*.workspace
new during reorganization,proteus/experiments/runs/terminal_recovery_solo_1x_temp_2026_07_08/S010_40EPS08_1X_ACCEPTED_TERMINAL/S010_40EPS08_1X_ACCEPTED_TERMINAL_sa.pdsprj.Vincero.Empty.workspace,27af340c3030703429967597d74c481274e91a038893c472d7f68d5e88074668,Proteus workspace sidecar,local-only reproducible infrastructure or disposable Proteus state,"preserved on disk, explicitly excluded from Git",*.workspace
new during reorganization,proteus/experiments/runs/terminal_recovery_solo_1x_temp_2026_07_08/S011_BZY88C_1X_ACCEPTED_TERMINAL/S011_BZY88C_1X_ACCEPTED_TERMINAL_sa.pdsprj.Vincero.Empty.workspace,af156713a887f7c5e1739d88260e7299d7eb4c1faf5af9c238cb56f1f3a16d9d,Proteus workspace sidecar,local-only reproducible infrastructure or disposable Proteus state,"preserved on disk, explicitly excluded from Git",*.workspace
new during reorganization,proteus/experiments/runs/terminal_recovery_solo_1x_temp_2026_07_08/S012_1N4007_1X_ACCEPTED_TERMINAL/S012_1N4007_1X_ACCEPTED_TERMINAL_sa.pdsprj.Vincero.Empty.workspace,f9d0f52b670c25007b40f93868dbb689a9ccf3af7210e60e72313caec944136d,Proteus workspace sidecar,local-only reproducible infrastructure or disposable Proteus state,"preserved on disk, explicitly excluded from Git",*.workspace
new during reorganization,proteus/experiments/runs/terminal_recovery_solo_1x_temp_2026_07_08/S013_1N4148_1X_ACCEPTED_TERMINAL/S013_1N4148_1X_ACCEPTED_TERMINAL_sa.pdsprj.Vincero.Empty.workspace,dd5f60e7245975a924c783b0ea0f325766e25d253d252e2e651d8afee1b86cab,Proteus workspace sidecar,local-only reproducible infrastructure or disposable Proteus state,"preserved on disk, explicitly excluded from Git",*.workspace
new during reorganization,proteus/experiments/runs/terminal_recovery_solo_1x_temp_2026_07_08/S014_1N6000B_1X_ACCEPTED_TERMINAL/S014_1N6000B_1X_ACCEPTED_TERMINAL_sa.pdsprj.Vincero.Empty.workspace,aa09d5f4f6a39daba6dfd67712409c28f91a1fc854832d5cb538c5d01e4e1232,Proteus workspace sidecar,local-only reproducible infrastructure or disposable Proteus state,"preserved on disk, explicitly excluded from Git",*.workspace
new during reorganization,proteus/experiments/runs/terminal_recovery_solo_1x_temp_2026_07_08/S015_BZX55C5V1_1X_ACCEPTED_TERMINAL/S015_BZX55C5V1_1X_ACCEPTED_TERMINAL_sa.pdsprj.Vincero.Empty.workspace,6d3a64b29ba00b0bd9adb8291f42f1eb3573b4c31b62c269a7e32848764bbf7d,Proteus workspace sidecar,local-only reproducible infrastructure or disposable Proteus state,"preserved on disk, explicitly excluded from Git",*.workspace
new during reorganization,proteus/experiments/runs/terminal_recovery_solo_1x_temp_2026_07_08/S016_BZX79C5V1_1X_ACCEPTED_TERMINAL/S016_BZX79C5V1_1X_ACCEPTED_TERMINAL_sa.pdsprj.Vincero.Empty.workspace,7da717692a67858c8a583cfbc378b01bf245c3f4a7dde1347b2906ada524b7fc,Proteus workspace sidecar,local-only reproducible infrastructure or disposable Proteus state,"preserved on disk, explicitly excluded from Git",*.workspace
new during reorganization,proteus/experiments/runs/terminal_recovery_solo_1x_temp_2026_07_08/S017_FUSE_1X_ACCEPTED_TERMINAL/S017_FUSE_1X_ACCEPTED_TERMINAL_sa.pdsprj.Vincero.Empty.workspace,0e376e4266f7b01da3f2f05c152b778d684f7167c195d5975d147b5f4e58a2e6,Proteus workspace sidecar,local-only reproducible infrastructure or disposable Proteus state,"preserved on disk, explicitly excluded from Git",*.workspace
new during reorganization,proteus/experiments/runs/terminal_recovery_solo_1x_temp_2026_07_08/S018_REALIND_1X_ACCEPTED_TERMINAL/S018_REALIND_1X_ACCEPTED_TERMINAL_sa.pdsprj.Vincero.Empty.workspace,5b30ff9d0b289ea00a64a8cf864ed4b757ba0c3f2458e258e343d30c32193b4c,Proteus workspace sidecar,local-only reproducible infrastructure or disposable Proteus state,"preserved on disk, explicitly excluded from Git",*.workspace
new during reorganization,proteus/experiments/runs/terminal_recovery_solo_1x_temp_2026_07_08/S019_CAP-ELEC_1X_ACCEPTED_TERMINAL/S019_CAP-ELEC_1X_ACCEPTED_TERMINAL_sa.pdsprj.Vincero.Empty.workspace,8e3e1d98c2df1fc266a54d29f154366384dcd4c02688439bb8c707cccb641789,Proteus workspace sidecar,local-only reproducible infrastructure or disposable Proteus state,"preserved on disk, explicitly excluded from Git",*.workspace
new during reorganization,proteus/experiments/runs/terminal_recovery_solo_1x_temp_2026_07_08/S020_4511_1X_EXISTING_ANCHOR_TERMINAL/S020_4511_1X_EXISTING_ANCHOR_TERMINAL_sa.pdsprj.Vincero.Empty.workspace,ef7318b2937bb3f660021301d915d48aaafd4da76d3ade1068594436341e9548,Proteus workspace sidecar,local-only reproducible infrastructure or disposable Proteus state,"preserved on disk, explicitly excluded from Git",*.workspace
new during reorganization,proteus/experiments/runs/terminal_recovery_solo_1x_temp_2026_07_08/S021_74HC151_1X_EXISTING_ANCHOR_TERMINAL/S021_74HC151_1X_EXISTING_ANCHOR_TERMINAL_sa.pdsprj.Vincero.Empty.workspace,9855bfd8bf63b5b5dca501c0fc41d1de26bc65290cd46b75c342854bf6388c6e,Proteus workspace sidecar,local-only reproducible infrastructure or disposable Proteus state,"preserved on disk, explicitly excluded from Git",*.workspace
new during reorganization,proteus/experiments/runs/terminal_recovery_solo_1x_temp_2026_07_08/S022_BRIDGE_1X_EXISTING_ANCHOR_TERMINAL/S022_BRIDGE_1X_EXISTING_ANCHOR_TERMINAL_placed.pdsprj.Vincero.Empty.workspace,21adadd29eee27ccc21850206850fa493aeff776d51f4fc4801b0a4a537ca36f,Proteus workspace sidecar,local-only reproducible infrastructure or disposable Proteus state,"preserved on disk, explicitly excluded from Git",*.workspace
new during reorganization,proteus/experiments/runs/terminalized_ic_grammar_packs_v1_temp_2026_07_15/04_local_proteus_gate/I01_APPEND_TAIL_4511_74HC151_1X_GATE_COPY.pdsprj,1fddf83701f063dead60bb4ad2c350454674abea4290dcd160887b13429c8ff3,Disposable Proteus loader copy,local-only reproducible infrastructure or disposable Proteus state,"preserved on disk, explicitly excluded from Git",**/*_COPY.pdsprj or **/*_GATE.pdsprj
new during reorganization,proteus/experiments/runs/terminalized_ic_grammar_packs_v1_temp_2026_07_15/04_local_proteus_gate/I02A_DOUBLE_FF_74HC04_1X_GATE_COPY.pdsprj,b27b08909585cf97cd3a1afd7fd6d96da97c34065699f12c1d7b9dacc8a407b8,Disposable Proteus loader copy,local-only reproducible infrastructure or disposable Proteus state,"preserved on disk, explicitly excluded from Git",**/*_COPY.pdsprj or **/*_GATE.pdsprj
new during reorganization,proteus/experiments/runs/terminalized_ic_grammar_packs_v1_temp_2026_07_15/04_local_proteus_gate/I02B_SINGLE_FF_QUAD_LOGIC_1X_GATE_COPY.pdsprj,bfefd49adc6f2b06d6076ca5560be14cffbb7010b674b96e9399e9ab67e2d3cd,Disposable Proteus loader copy,local-only reproducible infrastructure or disposable Proteus state,"preserved on disk, explicitly excluded from Git",**/*_COPY.pdsprj or **/*_GATE.pdsprj
new during reorganization,proteus/experiments/runs/terminalized_ic_grammar_packs_v1_temp_2026_07_15/04_local_proteus_gate/I03A_TERMINAL_LEADING_PRESERVE_CDB_1X_GATE_COPY.pdsprj,b9c3e613c958d8c999d3f5f7cebe13cd6c7d0694d19a3add2f555a86e2b791e7,Disposable Proteus loader copy,local-only reproducible infrastructure or disposable Proteus state,"preserved on disk, explicitly excluded from Git",**/*_COPY.pdsprj or **/*_GATE.pdsprj
new during reorganization,proteus/experiments/runs/terminalized_ic_grammar_packs_v1_temp_2026_07_15/04_local_proteus_gate/I03B_TERMINAL_LEADING_NORMALIZED_CDB_7490_1X_GATE_COPY.pdsprj,acfa1c5aba6e76611a0cf38df3cf553952b6475acea2a5b91ceb542b07746912,Disposable Proteus loader copy,local-only reproducible infrastructure or disposable Proteus state,"preserved on disk, explicitly excluded from Git",**/*_COPY.pdsprj or **/*_GATE.pdsprj
new during reorganization,proteus/experiments/runs/terminalized_ic_grammar_packs_v1_temp_2026_07_15/04_local_proteus_gate/I04A_SUBPART_PRESERVE_CDB_4027_1X_GATE_COPY.pdsprj,4963d078571311b894f40d48dc9c49f4f28806b69fc0d8bd6e44ef046dbb5597,Disposable Proteus loader copy,local-only reproducible infrastructure or disposable Proteus state,"preserved on disk, explicitly excluded from Git",**/*_COPY.pdsprj or **/*_GATE.pdsprj
new during reorganization,proteus/experiments/runs/terminalized_ic_grammar_packs_v1_temp_2026_07_15/04_local_proteus_gate/I04B_SUBPART_NORMALIZED_CDB_74HC74_74HC76_1X_GATE_COPY.pdsprj,9cc138cc639abfa7e93a3e4413b1b89edde0a8732ff8390c2f0f7c2befcf0e9d,Disposable Proteus loader copy,local-only reproducible infrastructure or disposable Proteus state,"preserved on disk, explicitly excluded from Git",**/*_COPY.pdsprj or **/*_GATE.pdsprj
new during reorganization,proteus/experiments/runs/terminalized_ic_grammar_packs_v1_temp_2026_07_15/I01_APPEND_TAIL_4511_74HC151_1X/I01_APPEND_TAIL_4511_74HC151_1X_TERMINAL_sa.pdsprj.Vincero.Empty.workspace,374605e62bae4328d5c7a909f5430f4aa8dbfb814309bb87c80b1b421201e00a,Proteus workspace sidecar,local-only reproducible infrastructure or disposable Proteus state,"preserved on disk, explicitly excluded from Git",*.workspace
new during reorganization,proteus/experiments/runs/terminalized_ic_grammar_packs_v1_temp_2026_07_15/I02A_DOUBLE_FF_74HC04_1X/I02A_DOUBLE_FF_74HC04_1X_TERMINAL_sa.pdsprj.Vincero.Empty.workspace,61f977cf91ca61046f6949774251a149d6fc3bbf922d3e4559ebb581087c4c8a,Proteus workspace sidecar,local-only reproducible infrastructure or disposable Proteus state,"preserved on disk, explicitly excluded from Git",*.workspace
new during reorganization,proteus/experiments/runs/terminalized_ic_grammar_packs_v1_temp_2026_07_15/I02B_SINGLE_FF_QUAD_LOGIC_1X/I02B_SINGLE_FF_QUAD_LOGIC_1X_TERMINAL_sa.pdsprj.Vincero.Empty.workspace,f7dc1f77f7983bcb0199cf251f55f37300341ab806731df2562c7f79dd6feadd,Proteus workspace sidecar,local-only reproducible infrastructure or disposable Proteus state,"preserved on disk, explicitly excluded from Git",*.workspace
new during reorganization,proteus/experiments/runs/terminalized_ic_grammar_packs_v1_temp_2026_07_15/I03A_TERMINAL_LEADING_PRESERVE_CDB_1X/I03A_TERMINAL_LEADING_PRESERVE_CDB_1X_TERMINAL_sa.pdsprj.Vincero.Empty.workspace,93ef2b816b7d82790baf8e8507e2cfe6a3faa13e960b44cd3673ffe948e8a8c5,Proteus workspace sidecar,local-only reproducible infrastructure or disposable Proteus state,"preserved on disk, explicitly excluded from Git",*.workspace
new during reorganization,proteus/experiments/runs/terminalized_ic_grammar_packs_v1_temp_2026_07_15/I03B_TERMINAL_LEADING_NORMALIZED_CDB_7490_1X/I03B_TERMINAL_LEADING_NORMALIZED_CDB_7490_1X_TERMINAL_sa.pdsprj.Vincero.Empty.workspace,df880892830cf798e3b46d9557d8fcd74930f752719bebf0c5601a76cae458be,Proteus workspace sidecar,local-only reproducible infrastructure or disposable Proteus state,"preserved on disk, explicitly excluded from Git",*.workspace
new during reorganization,proteus/experiments/runs/terminalized_ic_grammar_packs_v1_temp_2026_07_15/I04A_SUBPART_PRESERVE_CDB_4027_1X/I04A_SUBPART_PRESERVE_CDB_4027_1X_TERMINAL_sa.pdsprj.Vincero.Empty.workspace,c1a21ee5fa7edd6ffa9596b60f0d9aa9d09a10069b0ac6d92302d6455a55bdad,Proteus workspace sidecar,local-only reproducible infrastructure or disposable Proteus state,"preserved on disk, explicitly excluded from Git",*.workspace
new during reorganization,proteus/experiments/runs/terminalized_ic_grammar_packs_v1_temp_2026_07_15/I04B_SUBPART_NORMALIZED_CDB_74HC74_74HC76_1X/I04B_SUBPART_NORMALIZED_CDB_74HC74_74HC76_1X_TERMINAL_sa.pdsprj.Vincero.Empty.workspace,b8911d66a6f28cfb5b243d9463654b0810cb286cff05a01d422f0c9205da950d,Proteus workspace sidecar,local-only reproducible infrastructure or disposable Proteus state,"preserved on disk, explicitly excluded from Git",*.workspace
new during reorganization,proteus/experiments/runs/three_pin_bjt_1x_solo_v34_temp_2026_07_10/00_no_terminal_controls/N003_2N3904_1x_NO_TERMINAL/N003_2N3904_1x_NO_TERMINAL.pdsprj.Vincero.Empty.workspace,3f89430aa53861e1f56bb033456f0de7379e33f6ba1cafa28e117bef8ea330ce,Proteus workspace sidecar,local-only reproducible infrastructure or disposable Proteus state,"preserved on disk, explicitly excluded from Git",*.workspace
new during reorganization,proteus/experiments/runs/three_pin_bjt_donor_proven_scaling_v42_temp_2026_07_11/01_donor_proven_scaling/T001_NPN_2x_TERMINAL/T001_NPN_2x_TERMINAL_sa.pdsprj.Vincero.Empty.workspace,1079c35c0701bf274accde47ab4a075dacf91debd52cf77f6f41cc9daae21df3,Proteus workspace sidecar,local-only reproducible infrastructure or disposable Proteus state,"preserved on disk, explicitly excluded from Git",*.workspace
new during reorganization,proteus/experiments/runs/three_pin_bjt_donor_proven_scaling_v42_temp_2026_07_11/01_donor_proven_scaling/T002_NPN_4x_TERMINAL/T002_NPN_4x_TERMINAL_sa.pdsprj.Vincero.Empty.workspace,f35d07d3c2a0672b3aef25497daa59ed35566ad87a71285beba57129f8cbeaa6,Proteus workspace sidecar,local-only reproducible infrastructure or disposable Proteus state,"preserved on disk, explicitly excluded from Git",*.workspace
new during reorganization,proteus/experiments/runs/three_pin_bjt_donor_proven_scaling_v42_temp_2026_07_11/01_donor_proven_scaling/T004_PNP_4x_TERMINAL/T004_PNP_4x_TERMINAL_sa.pdsprj.Vincero.Empty.workspace,a21f00e657fb07a29e850f1c7bf4061eafebb33a95481db092b6c41e703f4d48,Proteus workspace sidecar,local-only reproducible infrastructure or disposable Proteus state,"preserved on disk, explicitly excluded from Git",*.workspace
new during reorganization,proteus/experiments/runs/three_pin_bjt_native_anchor_v43_temp_2026_07_11/01_native_anchor_1x_sa/003_2N3904_1X_NATIVE_ANCHOR/02_local_proteus_gate/003_2N3904_1X_NATIVE_ANCHOR_GATE.pdsprj,311ab3aa8ff6bf40f005bf3bfbbe12e0efd9840b7afa69f8642f4ea41cf03761,Disposable Proteus loader copy,local-only reproducible infrastructure or disposable Proteus state,"preserved on disk, explicitly excluded from Git",**/*_COPY.pdsprj or **/*_GATE.pdsprj
new during reorganization,"proteus/experiments/runs/three_pin_bjt_native_anchor_v43_temp_2026_07_11/01_native_anchor_1x_sa/003_2N3904_1X_NATIVE_ANCHOR/02_local_proteus_gate/Project Backups/003_2N3904_1X_NATIVE_ANCHOR_GATE [20260711, 23-02-37].pdsprj",c0a29bf60323950f4b55c11e4fecfb7e963a7715800b1bf298109b7686d4f3e4,Disposable Proteus loader copy,local-only reproducible infrastructure or disposable Proteus state,"preserved on disk, explicitly excluded from Git",**/*local*gate*/**/*.pdsprj
new during reorganization,proteus/experiments/runs/three_pin_bjt_native_pin_frame_v44_temp_2026_07_11/01_native_pin_frame_1x_sa/003_2N3904_1X_NATIVE_PIN_FRAME/02_local_proteus_gate/003_2N3904_1X_NATIVE_PIN_FRAME_GATE.pdsprj,19cedba1c7f54805126ab18cfc2de34d1d7441b4a0cb3db7c55189f7bd1ac347,Disposable Proteus loader copy,local-only reproducible infrastructure or disposable Proteus state,"preserved on disk, explicitly excluded from Git",**/*_COPY.pdsprj or **/*_GATE.pdsprj
new during reorganization,proteus/experiments/runs/three_pin_bjt_native_pin_frame_v44_temp_2026_07_11/01_native_pin_frame_1x_sa/004_2N4401_1X_NATIVE_PIN_FRAME/02_local_proteus_gate/004_2N4401_1X_NATIVE_PIN_FRAME_GATE.pdsprj,d30784584a84ef8af080d69b60cb144bb75d7be1a7356043ab7f4daaf37e8dff,Disposable Proteus loader copy,local-only reproducible infrastructure or disposable Proteus state,"preserved on disk, explicitly excluded from Git",**/*_COPY.pdsprj or **/*_GATE.pdsprj
new during reorganization,proteus/experiments/runs/three_pin_bjt_progressive_scaling_v45_temp_2026_07_11/01_terminalized_solo_sa/B001_NPN_9X_PROGRESSIVE/02_local_proteus_gate/B001_NPN_9X_GATE.pdsprj,67e5cc46f46e91de4eb482243f3638fb476bcf1235d1e900bb13ee1150d40daa,Disposable Proteus loader copy,local-only reproducible infrastructure or disposable Proteus state,"preserved on disk, explicitly excluded from Git",**/*_COPY.pdsprj or **/*_GATE.pdsprj
new during reorganization,"proteus/experiments/runs/three_pin_bjt_progressive_scaling_v45_temp_2026_07_11/01_terminalized_solo_sa/B001_NPN_9X_PROGRESSIVE/02_local_proteus_gate/Project Backups/B001_NPN_9X_GATE [20260711, 23-18-39].pdsprj",e9eed409517290666da535d55eed6494e006abb574cb4ec35aef9855434ce8e3,Disposable Proteus loader copy,local-only reproducible infrastructure or disposable Proteus state,"preserved on disk, explicitly excluded from Git",**/*local*gate*/**/*.pdsprj
new during reorganization,proteus/experiments/runs/three_pin_bjt_progressive_scaling_v45_temp_2026_07_11/01_terminalized_solo_sa/B002_PNP_9X_PROGRESSIVE/02_local_proteus_gate/B002_PNP_9X_GATE.pdsprj,06e7b125f851b17d260ad1c079f081445e14300456d30ccc70bcb65870123d84,Disposable Proteus loader copy,local-only reproducible infrastructure or disposable Proteus state,"preserved on disk, explicitly excluded from Git",**/*_COPY.pdsprj or **/*_GATE.pdsprj
new during reorganization,"proteus/experiments/runs/three_pin_bjt_progressive_scaling_v45_temp_2026_07_11/01_terminalized_solo_sa/B002_PNP_9X_PROGRESSIVE/02_local_proteus_gate/Project Backups/B002_PNP_9X_GATE [20260711, 23-20-06].pdsprj",5f0c0f61ec338797d92f42b96988289ab09b679f09272bd04b4497e39ec42af3,Disposable Proteus loader copy,local-only reproducible infrastructure or disposable Proteus state,"preserved on disk, explicitly excluded from Git",**/*local*gate*/**/*.pdsprj
new during reorganization,proteus/experiments/runs/three_pin_bjt_progressive_scaling_v45_temp_2026_07_11/01_terminalized_solo_sa/B003_2N3904_9X_PROGRESSIVE/02_local_proteus_gate/B003_2N3904_9X_GATE.pdsprj,e62112e68fda356a03d15fb63eef8f227b4698a0fb0e8b8393a117820a0cfde9,Disposable Proteus loader copy,local-only reproducible infrastructure or disposable Proteus state,"preserved on disk, explicitly excluded from Git",**/*_COPY.pdsprj or **/*_GATE.pdsprj
new during reorganization,"proteus/experiments/runs/three_pin_bjt_progressive_scaling_v45_temp_2026_07_11/01_terminalized_solo_sa/B003_2N3904_9X_PROGRESSIVE/02_local_proteus_gate/Project Backups/B003_2N3904_9X_GATE [20260711, 23-21-34].pdsprj",c8a39246dd962015c1bd8300c0cbf8c5873079ba0315bec4b7150af924b9b13b,Disposable Proteus loader copy,local-only reproducible infrastructure or disposable Proteus state,"preserved on disk, explicitly excluded from Git",**/*local*gate*/**/*.pdsprj
new during reorganization,proteus/experiments/runs/three_pin_bjt_progressive_scaling_v45_temp_2026_07_11/01_terminalized_solo_sa/B004_2N4401_9X_PROGRESSIVE/02_local_proteus_gate/B004_2N4401_9X_GATE.pdsprj,4d117e8a6e4c27e3498ba6bd95f9e423a9e5c3cb9e6c2d2a86e10d5c19270de4,Disposable Proteus loader copy,local-only reproducible infrastructure or disposable Proteus state,"preserved on disk, explicitly excluded from Git",**/*_COPY.pdsprj or **/*_GATE.pdsprj
new during reorganization,"proteus/experiments/runs/three_pin_bjt_progressive_scaling_v45_temp_2026_07_11/01_terminalized_solo_sa/B004_2N4401_9X_PROGRESSIVE/02_local_proteus_gate/Project Backups/B004_2N4401_9X_GATE [20260711, 23-23-01].pdsprj",db3ca406967ce55d4cd6bd8ade0d4204f1f8cabf1c58e74ec5573f6d4126c48c,Disposable Proteus loader copy,local-only reproducible infrastructure or disposable Proteus state,"preserved on disk, explicitly excluded from Git",**/*local*gate*/**/*.pdsprj
new during reorganization,proteus/experiments/runs/three_pin_bjt_progressive_scaling_v45_temp_2026_07_11/01_terminalized_solo_sa/B005_NPN_15X_PROGRESSIVE/02_local_proteus_gate/B005_NPN_15X_GATE.pdsprj,ac1090847a26f9728c42a5ea725c7cf1b58de9ab2812f6a260e1f8f6d376cbc6,Disposable Proteus loader copy,local-only reproducible infrastructure or disposable Proteus state,"preserved on disk, explicitly excluded from Git",**/*_COPY.pdsprj or **/*_GATE.pdsprj
new during reorganization,"proteus/experiments/runs/three_pin_bjt_progressive_scaling_v45_temp_2026_07_11/01_terminalized_solo_sa/B005_NPN_15X_PROGRESSIVE/02_local_proteus_gate/Project Backups/B005_NPN_15X_GATE [20260711, 23-25-35].pdsprj",e668d7f236076ca49a0ad805f546086057cfbe44cec993f2b1f67a0e4714444d,Disposable Proteus loader copy,local-only reproducible infrastructure or disposable Proteus state,"preserved on disk, explicitly excluded from Git",**/*local*gate*/**/*.pdsprj
new during reorganization,proteus/experiments/runs/three_pin_bjt_progressive_scaling_v45_temp_2026_07_11/01_terminalized_solo_sa/B006_PNP_15X_PROGRESSIVE/02_local_proteus_gate/B006_PNP_15X_GATE.pdsprj,989e07d8798e924035db10484b1b3f3a2f385bddf2e94dc3bc89498771fc9e03,Disposable Proteus loader copy,local-only reproducible infrastructure or disposable Proteus state,"preserved on disk, explicitly excluded from Git",**/*_COPY.pdsprj or **/*_GATE.pdsprj
new during reorganization,"proteus/experiments/runs/three_pin_bjt_progressive_scaling_v45_temp_2026_07_11/01_terminalized_solo_sa/B006_PNP_15X_PROGRESSIVE/02_local_proteus_gate/Project Backups/B006_PNP_15X_GATE [20260711, 23-27-02].pdsprj",86ffb0f3c17e35d2ade15c65b7c0d76445afc16cb46c12caee69c56900360619,Disposable Proteus loader copy,local-only reproducible infrastructure or disposable Proteus state,"preserved on disk, explicitly excluded from Git",**/*local*gate*/**/*.pdsprj
new during reorganization,proteus/experiments/runs/three_pin_bjt_progressive_scaling_v45_temp_2026_07_11/01_terminalized_solo_sa/B007_2N3904_15X_PROGRESSIVE/02_local_proteus_gate/B007_2N3904_15X_GATE.pdsprj,8ef7be62db8f66e74127def013d55095d3638b7f8e83ceed88a04803c305eba0,Disposable Proteus loader copy,local-only reproducible infrastructure or disposable Proteus state,"preserved on disk, explicitly excluded from Git",**/*_COPY.pdsprj or **/*_GATE.pdsprj
new during reorganization,"proteus/experiments/runs/three_pin_bjt_progressive_scaling_v45_temp_2026_07_11/01_terminalized_solo_sa/B007_2N3904_15X_PROGRESSIVE/02_local_proteus_gate/Project Backups/B007_2N3904_15X_GATE [20260711, 23-28-30].pdsprj",f2104ca86b2e1f2399ba7711f1f83554b1e006129d834549ca778fccc6f3ff30,Disposable Proteus loader copy,local-only reproducible infrastructure or disposable Proteus state,"preserved on disk, explicitly excluded from Git",**/*local*gate*/**/*.pdsprj
new during reorganization,proteus/experiments/runs/three_pin_bjt_progressive_scaling_v45_temp_2026_07_11/01_terminalized_solo_sa/B008_2N4401_15X_PROGRESSIVE/02_local_proteus_gate/B008_2N4401_15X_GATE.pdsprj,cf9a95b3bb51b0d01ed951d858389e2a71d0fa906513bc5f27b37c44aff7e6bb,Disposable Proteus loader copy,local-only reproducible infrastructure or disposable Proteus state,"preserved on disk, explicitly excluded from Git",**/*_COPY.pdsprj or **/*_GATE.pdsprj
new during reorganization,"proteus/experiments/runs/three_pin_bjt_progressive_scaling_v45_temp_2026_07_11/01_terminalized_solo_sa/B008_2N4401_15X_PROGRESSIVE/02_local_proteus_gate/Project Backups/B008_2N4401_15X_GATE [20260711, 23-29-57].pdsprj",2c8195174b58c704162187b393e05fc5c7bfd4b3f7f32ccb7f4c35f8c4922475,Disposable Proteus loader copy,local-only reproducible infrastructure or disposable Proteus state,"preserved on disk, explicitly excluded from Git",**/*local*gate*/**/*.pdsprj
new during reorganization,proteus/experiments/runs/three_pin_bjt_progressive_scaling_v45_temp_2026_07_11/01_terminalized_solo_sa/B009_NPN_24X_PROGRESSIVE/02_local_proteus_gate/B009_NPN_24X_GATE.pdsprj,48b149532ae0dccc6c5e54abd8b2377bca556ff4b158de5c7879c167f1326c9d,Disposable Proteus loader copy,local-only reproducible infrastructure or disposable Proteus state,"preserved on disk, explicitly excluded from Git",**/*_COPY.pdsprj or **/*_GATE.pdsprj
new during reorganization,"proteus/experiments/runs/three_pin_bjt_progressive_scaling_v45_temp_2026_07_11/01_terminalized_solo_sa/B009_NPN_24X_PROGRESSIVE/02_local_proteus_gate/Project Backups/B009_NPN_24X_GATE [20260711, 23-32-16].pdsprj",0c0efd71d0d38486950e09d831a951e95907a28b9d0706db9b46befa6a423f25,Disposable Proteus loader copy,local-only reproducible infrastructure or disposable Proteus state,"preserved on disk, explicitly excluded from Git",**/*local*gate*/**/*.pdsprj
new during reorganization,proteus/experiments/runs/three_pin_bjt_progressive_scaling_v45_temp_2026_07_11/01_terminalized_solo_sa/B010_PNP_24X_PROGRESSIVE/02_local_proteus_gate/B010_PNP_24X_GATE.pdsprj,81b521783f2bc66c5705d6ab4e69ece33c5141e9317afbe695f9c2a33b127955,Disposable Proteus loader copy,local-only reproducible infrastructure or disposable Proteus state,"preserved on disk, explicitly excluded from Git",**/*_COPY.pdsprj or **/*_GATE.pdsprj
new during reorganization,"proteus/experiments/runs/three_pin_bjt_progressive_scaling_v45_temp_2026_07_11/01_terminalized_solo_sa/B010_PNP_24X_PROGRESSIVE/02_local_proteus_gate/Project Backups/B010_PNP_24X_GATE [20260711, 23-33-45].pdsprj",d9a6c80d369524c8a659210fb6984537635fad2887e1260729d7aae0a92ea221,Disposable Proteus loader copy,local-only reproducible infrastructure or disposable Proteus state,"preserved on disk, explicitly excluded from Git",**/*local*gate*/**/*.pdsprj
new during reorganization,proteus/experiments/runs/three_pin_bjt_progressive_scaling_v45_temp_2026_07_11/01_terminalized_solo_sa/B011_2N3904_24X_PROGRESSIVE/02_local_proteus_gate/B011_2N3904_24X_GATE.pdsprj,ea19142033c9ab7180224b97a8c89f19a4161f83a45da58a1f58506e781c41b8,Disposable Proteus loader copy,local-only reproducible infrastructure or disposable Proteus state,"preserved on disk, explicitly excluded from Git",**/*_COPY.pdsprj or **/*_GATE.pdsprj
new during reorganization,"proteus/experiments/runs/three_pin_bjt_progressive_scaling_v45_temp_2026_07_11/01_terminalized_solo_sa/B011_2N3904_24X_PROGRESSIVE/02_local_proteus_gate/Project Backups/B011_2N3904_24X_GATE [20260711, 23-35-12].pdsprj",944b8e4a9bdd8c7493cfeb9198d9362c15423d51960bb311dfaf43ed08b0a20c,Disposable Proteus loader copy,local-only reproducible infrastructure or disposable Proteus state,"preserved on disk, explicitly excluded from Git",**/*local*gate*/**/*.pdsprj
new during reorganization,proteus/experiments/runs/three_pin_bjt_progressive_scaling_v45_temp_2026_07_11/01_terminalized_solo_sa/B012_2N4401_24X_PROGRESSIVE/02_local_proteus_gate/B012_2N4401_24X_GATE.pdsprj,fa494f3fbb45306e1583c9372cf62abaebe890e4c205a481fdb0954d9fbec002,Disposable Proteus loader copy,local-only reproducible infrastructure or disposable Proteus state,"preserved on disk, explicitly excluded from Git",**/*_COPY.pdsprj or **/*_GATE.pdsprj
new during reorganization,"proteus/experiments/runs/three_pin_bjt_progressive_scaling_v45_temp_2026_07_11/01_terminalized_solo_sa/B012_2N4401_24X_PROGRESSIVE/02_local_proteus_gate/Project Backups/B012_2N4401_24X_GATE [20260711, 23-36-40].pdsprj",ebeeb4e94ad99ea17745830b30225982c838efaae4cdd2b9fcd735686e2b820f,Disposable Proteus loader copy,local-only reproducible infrastructure or disposable Proteus state,"preserved on disk, explicitly excluded from Git",**/*local*gate*/**/*.pdsprj
new during reorganization,proteus/experiments/runs/three_pin_bjt_proteus_opened_1x_v41_temp_2026_07_11/01_proteus_opened/T001_NPN_1x_PROTEUS_OPENED/T001_NPN_1x_PROTEUS_OPENED_sa.pdsprj.Vincero.Empty.workspace,4f0d407a3024179e49be58b1af2f615110ba63701f7b220249f93a9a57ebb602,Proteus workspace sidecar,local-only reproducible infrastructure or disposable Proteus state,"preserved on disk, explicitly excluded from Git",*.workspace
new during reorganization,proteus/experiments/runs/three_pin_bjt_proteus_opened_1x_v41_temp_2026_07_11/01_proteus_opened/T002_PNP_1x_PROTEUS_OPENED/T002_PNP_1x_PROTEUS_OPENED_sa.pdsprj.Vincero.Empty.workspace,39e7039d123de2f6e961e9a4b7f22c1724fc1219a9330bc5f12d4f8cbea46744,Proteus workspace sidecar,local-only reproducible infrastructure or disposable Proteus state,"preserved on disk, explicitly excluded from Git",*.workspace
new during reorganization,proteus/experiments/runs/three_pin_bjt_proteus_opened_1x_v41_temp_2026_07_11/01_proteus_opened/T003_2N3904_1x_PROTEUS_OPENED/T003_2N3904_1x_PROTEUS_OPENED_sa.pdsprj.Vincero.Empty.workspace,5668ac258a58109fb6d45a12ef6283689be33c8d5a7d2f1a6bd4495532994bbd,Proteus workspace sidecar,local-only reproducible infrastructure or disposable Proteus state,"preserved on disk, explicitly excluded from Git",*.workspace
new during reorganization,proteus/experiments/runs/three_pin_bjt_proteus_opened_1x_v41_temp_2026_07_11/01_proteus_opened/T004_2N4401_1x_PROTEUS_OPENED/T004_2N4401_1x_PROTEUS_OPENED_sa.pdsprj.Vincero.Empty.workspace,6950e074a501780c9a09602846571c53c4a0a7ab02261f71727a23bc9012f3dd,Proteus workspace sidecar,local-only reproducible infrastructure or disposable Proteus state,"preserved on disk, explicitly excluded from Git",*.workspace
new during reorganization,proteus/experiments/runs/three_pin_control_terminal_v14_temp_2026_07_08/00_no_terminal_controls/T001_POT_HG_1x_no_terminal.pdsprj.Vincero.Empty.workspace,bf0a0d565e7e43988154dbc708394484aebeb21f1fbbbdc39b8024ae2a2f5c71,Proteus workspace sidecar,local-only reproducible infrastructure or disposable Proteus state,"preserved on disk, explicitly excluded from Git",*.workspace
new during reorganization,proteus/experiments/runs/three_pin_control_terminal_v14_temp_2026_07_08/00_no_terminal_controls/T008_LM317T_20x_no_terminal.pdsprj.Vincero.Empty.workspace,20762611819f0feaddb5f270e377ffe563b93f752c4293ad156eaaea35889cc1,Proteus workspace sidecar,local-only reproducible infrastructure or disposable Proteus state,"preserved on disk, explicitly excluded from Git",*.workspace
new during reorganization,proteus/experiments/runs/three_pin_control_terminal_v14_temp_2026_07_08/00_no_terminal_controls/T014_GROUP_CONTROL_3x_each_no_terminal.pdsprj.Vincero.Empty.workspace,04e75b54494b45399ae6e71120f35c0cdffd07ba7a540c089b22faacb48f0890,Proteus workspace sidecar,local-only reproducible infrastructure or disposable Proteus state,"preserved on disk, explicitly excluded from Git",*.workspace
new during reorganization,proteus/experiments/runs/three_pin_control_terminal_v15_component_first_temp_2026_07_08/00_no_terminal_controls/R002_LM317T_1x_COMPONENT_FIRST_no_terminal.pdsprj.Vincero.Empty.workspace,51de36e35d4fc9d3195654fc640caffdd4da48be62b163425b11a5eaf8d95a24,Proteus workspace sidecar,local-only reproducible infrastructure or disposable Proteus state,"preserved on disk, explicitly excluded from Git",*.workspace
new during reorganization,proteus/experiments/runs/three_pin_control_terminal_v15_component_first_temp_2026_07_08/01_terminalized_sa/R001_POT_HG_1x_COMPONENT_FIRST_sa.pdsprj.Vincero.Empty.workspace,1a64ab7c86d5ea81ff85be90aadf4b53de9eb33c37c2d8fa3b2a80847f8568d3,Proteus workspace sidecar,local-only reproducible infrastructure or disposable Proteus state,"preserved on disk, explicitly excluded from Git",*.workspace
new during reorganization,proteus/experiments/runs/three_pin_control_terminal_v15_component_first_temp_2026_07_08/01_terminalized_sa/R002_LM317T_1x_COMPONENT_FIRST_sa.pdsprj.Vincero.Empty.workspace,16eec24649fa84c4a1466a6ed04c61f1ea663c1b5efa08864ca9441fd242643a,Proteus workspace sidecar,local-only reproducible infrastructure or disposable Proteus state,"preserved on disk, explicitly excluded from Git",*.workspace
new during reorganization,proteus/experiments/runs/three_pin_control_terminal_v15_component_first_temp_2026_07_08/01_terminalized_sa/R003_OPAMP_1x_COMPONENT_FIRST_sa.pdsprj.Vincero.Empty.workspace,273806f0c7a0edc03fc05323f3bbf4b0af7ca4c8011e9cb3db5b6129d3627752,Proteus workspace sidecar,local-only reproducible infrastructure or disposable Proteus state,"preserved on disk, explicitly excluded from Git",*.workspace
new during reorganization,proteus/experiments/runs/three_pin_control_terminal_v18_packet_splice_temp_2026_07_09/01_terminalized_sa/R001_POT_HG_1x_PACKET_SPLICE_sa.pdsprj.Vincero.Empty.workspace,4ffc366313183f313c8773447bc0fd698685cd494f4ea11b39e978efb92dd868,Proteus workspace sidecar,local-only reproducible infrastructure or disposable Proteus state,"preserved on disk, explicitly excluded from Git",*.workspace
new during reorganization,proteus/experiments/runs/three_pin_control_terminal_v18_packet_splice_temp_2026_07_09/01_terminalized_sa/R002_LM317T_1x_PACKET_SPLICE_sa.pdsprj.Vincero.Empty.workspace,a44b5a999a192b51d5b475dfde9127e7c1cab75ae5f745cad5325f41906a78c2,Proteus workspace sidecar,local-only reproducible infrastructure or disposable Proteus state,"preserved on disk, explicitly excluded from Git",*.workspace
new during reorganization,proteus/experiments/runs/three_pin_control_terminal_v18_packet_splice_temp_2026_07_09/01_terminalized_sa/R003_OPAMP_1x_PACKET_SPLICE_sa.pdsprj.Vincero.Empty.workspace,6d31f6d16ad95371d972e9af4e510f2956dbb4a5063e51c02dd5dfd3e03a8abb,Proteus workspace sidecar,local-only reproducible infrastructure or disposable Proteus state,"preserved on disk, explicitly excluded from Git",*.workspace
new during reorganization,proteus/experiments/runs/three_pin_control_terminal_v18_packet_splice_temp_2026_07_09/01_terminalized_sa/fixR002_LM317T_1x_PACKET_SPLICE_sa.pdsprj.Vincero.Empty.workspace,51de36e35d4fc9d3195654fc640caffdd4da48be62b163425b11a5eaf8d95a24,Proteus workspace sidecar,local-only reproducible infrastructure or disposable Proteus state,"preserved on disk, explicitly excluded from Git",*.workspace
new during reorganization,proteus/experiments/runs/three_pin_control_terminal_v18_packet_splice_temp_2026_07_09/01_terminalized_sa/fixR003_OPAMP_1x_PACKET_SPLICE_sa.pdsprj.Vincero.Empty.workspace,51de36e35d4fc9d3195654fc640caffdd4da48be62b163425b11a5eaf8d95a24,Proteus workspace sidecar,local-only reproducible infrastructure or disposable Proteus state,"preserved on disk, explicitly excluded from Git",*.workspace
new during reorganization,proteus/experiments/runs/three_pin_control_terminal_v18_packet_splice_temp_2026_07_09/01_terminalized_sa/fixedR001_POT_HG_1x_PACKET_SPLICE_sa.pdsprj.Vincero.Empty.workspace,51de36e35d4fc9d3195654fc640caffdd4da48be62b163425b11a5eaf8d95a24,Proteus workspace sidecar,local-only reproducible infrastructure or disposable Proteus state,"preserved on disk, explicitly excluded from Git",*.workspace
new during reorganization,proteus/experiments/runs/three_pin_control_terminal_v20_wire_unit_shape_temp_2026_07_09/01_terminalized_sa/R001_POT_HG_1x_WIRE_UNIT_SHAPE_sa.pdsprj.Vincero.Empty.workspace,6234b1a783aecee2f3629583e2665dd0050dbcb5de01a2ef2b780bcbd9930d53,Proteus workspace sidecar,local-only reproducible infrastructure or disposable Proteus state,"preserved on disk, explicitly excluded from Git",*.workspace
new during reorganization,proteus/experiments/runs/three_pin_control_terminal_v20_wire_unit_shape_temp_2026_07_09/01_terminalized_sa/R002_LM317T_1x_WIRE_UNIT_SHAPE_sa.pdsprj.Vincero.Empty.workspace,28052b0558927f6b6f64ac5bae24734f03acf2e31f7dde0e252ef723080db286,Proteus workspace sidecar,local-only reproducible infrastructure or disposable Proteus state,"preserved on disk, explicitly excluded from Git",*.workspace
new during reorganization,proteus/experiments/runs/three_pin_control_terminal_v20_wire_unit_shape_temp_2026_07_09/01_terminalized_sa/R003_OPAMP_1x_WIRE_UNIT_SHAPE_sa.pdsprj.Vincero.Empty.workspace,51de36e35d4fc9d3195654fc640caffdd4da48be62b163425b11a5eaf8d95a24,Proteus workspace sidecar,local-only reproducible infrastructure or disposable Proteus state,"preserved on disk, explicitly excluded from Git",*.workspace
new during reorganization,proteus/experiments/runs/three_pin_control_terminal_v21_scaled_temp_2026_07_09/01_terminalized_sa/S001_POT_HG_9x_WIRE_UNIT_SHAPE_sa.pdsprj.Vincero.Empty.workspace,3c945a93c039459b3a54d04a702f1b1dc7d5e7bb34ad463303e73d8fd079a23a,Proteus workspace sidecar,local-only reproducible infrastructure or disposable Proteus state,"preserved on disk, explicitly excluded from Git",*.workspace
new during reorganization,proteus/experiments/runs/three_pin_control_terminal_v21_scaled_temp_2026_07_09/01_terminalized_sa/S003_POT_HG_23x_WIRE_UNIT_SHAPE_sa.pdsprj.Vincero.Empty.workspace,871e22a3b6718ac9cdcbec5eefb583d6c478db9c6db6b3edf97a0d52bf500900,Proteus workspace sidecar,local-only reproducible infrastructure or disposable Proteus state,"preserved on disk, explicitly excluded from Git",*.workspace
new during reorganization,proteus/experiments/runs/three_pin_control_terminal_v21_scaled_temp_2026_07_09/01_terminalized_sa/S005_LM317T_15x_WIRE_UNIT_SHAPE_sa.pdsprj.Vincero.Empty.workspace,1a04b700a02c2987366e085f87c181b991159de55ef248166eba6af3c994822c,Proteus workspace sidecar,local-only reproducible infrastructure or disposable Proteus state,"preserved on disk, explicitly excluded from Git",*.workspace
new during reorganization,proteus/experiments/runs/three_pin_control_terminal_v21_scaled_temp_2026_07_09/01_terminalized_sa/S008_OPAMP_15x_WIRE_UNIT_SHAPE_sa.pdsprj.Vincero.Empty.workspace,7737a8f41fa0955f843d2b4610020a7e280179787e339b282dc5d57f86f05d2d,Proteus workspace sidecar,local-only reproducible infrastructure or disposable Proteus state,"preserved on disk, explicitly excluded from Git",*.workspace
new during reorganization,proteus/experiments/runs/three_pin_control_terminal_v22_scaled_unique_labels_temp_2026_07_09/01_terminalized_sa/V22_001_POT_HG_9x_UNIQUE_LABELS_sa.pdsprj.Vincero.Empty.workspace,f3f376f99c2bf1c2757d7f96b0caefd028ba0e6e0d5bf651ba31f612f7ae006b,Proteus workspace sidecar,local-only reproducible infrastructure or disposable Proteus state,"preserved on disk, explicitly excluded from Git",*.workspace
new during reorganization,proteus/experiments/runs/three_pin_control_terminal_v22_scaled_unique_labels_temp_2026_07_09/01_terminalized_sa/V22_008_OPAMP_15x_UNIQUE_LABELS_sa.pdsprj.Vincero.Empty.workspace,bbbdbb4346114ef395afd66860598f63f7828e6674342384d497a6462ba50ef9,Proteus workspace sidecar,local-only reproducible infrastructure or disposable Proteus state,"preserved on disk, explicitly excluded from Git",*.workspace
new during reorganization,proteus/experiments/runs/three_pin_control_terminal_v23_component_placer_grid_temp_2026_07_09/01_no_terminal_compact_controls_test_first/V23_03_OPAMP_23x_COMPACT_NO_TERMINAL_CONTROL.pdsprj.Vincero.Empty.workspace,85aaa4029aca049b8941619ab425c11523ec4264979945e9966caaf4216529c9,Proteus workspace sidecar,local-only reproducible infrastructure or disposable Proteus state,"preserved on disk, explicitly excluded from Git",*.workspace
new during reorganization,proteus/experiments/runs/three_pin_control_terminal_v23_component_placer_grid_temp_2026_07_09/02_terminalized_sa_test_these/V23_01_POT_HG_9x_sa.pdsprj.Vincero.Empty.workspace,b952f78a36149f63e82edea162f60a237e8eac737682f11ed29bd9b8cfb08109,Proteus workspace sidecar,local-only reproducible infrastructure or disposable Proteus state,"preserved on disk, explicitly excluded from Git",*.workspace
new during reorganization,proteus/experiments/runs/three_pin_control_terminal_v23_component_placer_grid_temp_2026_07_09/02_terminalized_sa_test_these/V23_03_OPAMP_23x_sa.pdsprj.Vincero.Empty.workspace,273806f0c7a0edc03fc05323f3bbf4b0af7ca4c8011e9cb3db5b6129d3627752,Proteus workspace sidecar,local-only reproducible infrastructure or disposable Proteus state,"preserved on disk, explicitly excluded from Git",*.workspace
new during reorganization,proteus/experiments/runs/three_pin_control_terminal_v24_terminal_leading_grid_temp_2026_07_09/02_terminalized_sa_test_these/V24_03_OPAMP_9x_sa.pdsprj.Vincero.Empty.workspace,8803d0a7c115796ae6807816cd12b3042eea912bb7558a6a7f3390c8e72565e9,Proteus workspace sidecar,local-only reproducible infrastructure or disposable Proteus state,"preserved on disk, explicitly excluded from Git",*.workspace
new during reorganization,proteus/experiments/runs/three_pin_control_terminal_v25_component_stream_append_temp_2026_07_09/02_terminalized_sa_test_these/V25_01_POT_HG_23x_sa.pdsprj.Vincero.Empty.workspace,7c01bdaf18691d431d6ed8f9a89bf82902e75f322b0fdca86e86105dbd52bcc4,Proteus workspace sidecar,local-only reproducible infrastructure or disposable Proteus state,"preserved on disk, explicitly excluded from Git",*.workspace
new during reorganization,proteus/experiments/runs/three_pin_control_terminal_v25_component_stream_append_temp_2026_07_09/02_terminalized_sa_test_these/V25_01_POT_HG_9x_sa.pdsprj.Vincero.Empty.workspace,993c1ec5b09067b23f421e2df3c89518b6b034a3e9293cc8ec0d855154f6167d,Proteus workspace sidecar,local-only reproducible infrastructure or disposable Proteus state,"preserved on disk, explicitly excluded from Git",*.workspace
new during reorganization,proteus/experiments/runs/three_pin_control_terminal_v27_lm_op_finalizer_label_temp_2026_07_09/02_terminalized_sa_test_these/V27_01_LM317T_23x_sa.pdsprj.Vincero.Empty.workspace,6729abe622fa49d16c036a03eedaea51d9d9396b48d5f5f379e6b5b8ec50a287,Proteus workspace sidecar,local-only reproducible infrastructure or disposable Proteus state,"preserved on disk, explicitly excluded from Git",*.workspace
new during reorganization,proteus/experiments/runs/three_pin_control_terminal_v27_lm_op_finalizer_label_temp_2026_07_09/02_terminalized_sa_test_these/V27_01_LM317T_9x_sa.pdsprj.Vincero.Empty.workspace,9d315801b7f3c6d1d4b80382d4b094a06c01e25deeb1359e239fe8955f316ac2,Proteus workspace sidecar,local-only reproducible infrastructure or disposable Proteus state,"preserved on disk, explicitly excluded from Git",*.workspace
new during reorganization,proteus/experiments/runs/three_pin_control_terminal_v27_lm_op_finalizer_label_temp_2026_07_09/02_terminalized_sa_test_these/V27_02_OPAMP_23x_sa.pdsprj.Vincero.Empty.workspace,7737a8f41fa0955f843d2b4610020a7e280179787e339b282dc5d57f86f05d2d,Proteus workspace sidecar,local-only reproducible infrastructure or disposable Proteus state,"preserved on disk, explicitly excluded from Git",*.workspace
new during reorganization,proteus/experiments/runs/three_pin_control_terminal_v27_lm_op_finalizer_label_temp_2026_07_09/02_terminalized_sa_test_these/V27_02_OPAMP_9x_sa.pdsprj.Vincero.Empty.workspace,2547e079eccf96456b9442d7c8bb8a8d2863c6cedc29b642e8e35083ebd27214,Proteus workspace sidecar,local-only reproducible infrastructure or disposable Proteus state,"preserved on disk, explicitly excluded from Git",*.workspace
new during reorganization,proteus/experiments/runs/three_pin_transistor_1x_solo_v33_temp_2026_07_10/01_terminalized_solo_sa/T003_NMOSFET_1x_sa/Project Backups/T003_NMOSFET_1x_sa [Autosaved].pdsprj,806efd116209f5dbfa1dcb8606410353972fbcda4c4b901a6fff4401f559f7b8,Proteus application backup,local-only reproducible infrastructure or disposable Proteus state,"preserved on disk, explicitly excluded from Git",**/Project Backups/
new during reorganization,proteus/experiments/runs/three_pin_transistor_1x_solo_v33_temp_2026_07_10/01_terminalized_solo_sa/T003_NMOSFET_1x_sa/T003_NMOSFET_1x_sa.pdsprj.Vincero.Empty.workspace,3f89430aa53861e1f56bb033456f0de7379e33f6ba1cafa28e117bef8ea330ce,Proteus workspace sidecar,local-only reproducible infrastructure or disposable Proteus state,"preserved on disk, explicitly excluded from Git",*.workspace
new during reorganization,proteus/experiments/runs/three_pin_transistor_1x_solo_v33_temp_2026_07_10/01_terminalized_solo_sa/T006_2N7000_1x_sa/T006_2N7000_1x_sa.pdsprj.Vincero.Empty.workspace,3f89430aa53861e1f56bb033456f0de7379e33f6ba1cafa28e117bef8ea330ce,Proteus workspace sidecar,local-only reproducible infrastructure or disposable Proteus state,"preserved on disk, explicitly excluded from Git",*.workspace
new during reorganization,proteus/experiments/runs/three_pin_transistor_1x_solo_v33_temp_2026_07_10/01_terminalized_solo_sa/T007_BS170_1x_sa/T007_BS170_1x_sa.pdsprj.Vincero.Empty.workspace,3f89430aa53861e1f56bb033456f0de7379e33f6ba1cafa28e117bef8ea330ce,Proteus workspace sidecar,local-only reproducible infrastructure or disposable Proteus state,"preserved on disk, explicitly excluded from Git",*.workspace
new during reorganization,proteus/experiments/runs/totalmix_38_growth_missing7_v1_temp_2026_07_15/01_ne555_39f/02_local_proteus_gate/G02_38F_PLUS_NE555_TERMINALIZED_1X_GATE_COPY.pdsprj,9a5817b300fa9e2851e27e07f527d41f855d466228b081a12e7ebaffb1acfccb,Disposable Proteus loader copy,local-only reproducible infrastructure or disposable Proteus state,"preserved on disk, explicitly excluded from Git",**/*_COPY.pdsprj or **/*_GATE.pdsprj
new during reorganization,proteus/experiments/runs/totalmix_38_growth_missing7_v1_temp_2026_07_15/02_lm741_40f/02_local_proteus_gate/G02_39F_PLUS_LM741_TERMINALIZED_1X_GATE_COPY.pdsprj,19b1e71ff2d224f7a9d555c68ebdf1aba9c6cdc6a1b71a5ac3bc873aec90ef1d,Disposable Proteus loader copy,local-only reproducible infrastructure or disposable Proteus state,"preserved on disk, explicitly excluded from Git",**/*_COPY.pdsprj or **/*_GATE.pdsprj
new during reorganization,proteus/experiments/runs/totalmix_38_growth_missing7_v1_temp_2026_07_15/03_74hc74_41f/02_local_proteus_gate/G02_40F_PLUS_74HC74_TERMINALIZED_1X_GATE_COPY.pdsprj,e78f4361e3afee776168eb8fc68d743abf23ce1e684e1f3565ea6657e0c5f28e,Disposable Proteus loader copy,local-only reproducible infrastructure or disposable Proteus state,"preserved on disk, explicitly excluded from Git",**/*_COPY.pdsprj or **/*_GATE.pdsprj
new during reorganization,proteus/experiments/runs/totalmix_38_growth_missing7_v1_temp_2026_07_15/04_bridge_42f/02_local_proteus_gate/G02_41F_PLUS_BRIDGE_TERMINALIZED_1X_GATE_COPY.pdsprj,ba02c9a65f2e033e63bbf78d30db04b243dd8454b8a809c8577000c4e3d8773f,Disposable Proteus loader copy,local-only reproducible infrastructure or disposable Proteus state,"preserved on disk, explicitly excluded from Git",**/*_COPY.pdsprj or **/*_GATE.pdsprj
new during reorganization,proteus/experiments/runs/totalmix_38_growth_missing7_v1_temp_2026_07_15/05_tran_2p2s_43f/02_local_proteus_gate/G02_42F_PLUS_TRAN_2P2S_TERMINALIZED_1X_GATE_COPY.pdsprj,fdd10797a7d223f8db87f08a38f2fc4555f0b59718bdd60683f29d7c79782def,Disposable Proteus loader copy,local-only reproducible infrastructure or disposable Proteus state,"preserved on disk, explicitly excluded from Git",**/*_COPY.pdsprj or **/*_GATE.pdsprj
new during reorganization,proteus/experiments/runs/totalmix_38_growth_missing7_v1_temp_2026_07_15/05_tran_2p2s_43f/G02_42F_PLUS_TRAN_2P2S_TERMINALIZED_1X_sa.pdsprj.Vincero.Empty.workspace,5a7c5653b7e36a2233727e3ad7ae7c4d50eb01b8d7f736e82da260bbb3887bb5,Proteus workspace sidecar,local-only reproducible infrastructure or disposable Proteus state,"preserved on disk, explicitly excluded from Git",*.workspace
experiments/totalmix_38_growth_missing7_v1_temp_2026_07_15/06_display_anode_44f/00_solo_stages/01_grid_body_contact_trials/02_local_proteus_gate/S04_NATIVE_COLD_COPY.pdsprj,proteus/experiments/runs/totalmix_38_growth_missing7_v1_temp_2026_07_15/06_display_anode_44f/00_solo_stages/01_grid_body_contact_trials/02_local_proteus_gate/S04_NATIVE_COLD_COPY.pdsprj,6948a95da62300cb94594bf1058e4034b482df794f582596e1cc2bf021f367b6,Disposable Proteus loader copy,local-only reproducible infrastructure or disposable Proteus state,"preserved on disk, explicitly excluded from Git",**/*_COPY.pdsprj or **/*_GATE.pdsprj
experiments/totalmix_38_growth_missing7_v1_temp_2026_07_15/06_display_anode_44f/00_solo_stages/01_grid_body_contact_trials/02_local_proteus_gate/S05_GRID_COLD_COPY.pdsprj,proteus/experiments/runs/totalmix_38_growth_missing7_v1_temp_2026_07_15/06_display_anode_44f/00_solo_stages/01_grid_body_contact_trials/02_local_proteus_gate/S05_GRID_COLD_COPY.pdsprj,e274f2d84d86860398d5eadc2a03fb6cb211922f219856cbd2bc9d8e2be717a9,Disposable Proteus loader copy,local-only reproducible infrastructure or disposable Proteus state,"preserved on disk, explicitly excluded from Git",**/*_COPY.pdsprj or **/*_GATE.pdsprj
experiments/totalmix_38_growth_missing7_v1_temp_2026_07_15/06_display_anode_44f/00_solo_stages/01_local_proteus_gate/S04_7SEG_COM_AN_GRID_OUTWARD_COMPLETE_TRIAL_NORMAL_COPY.pdsprj,proteus/experiments/runs/totalmix_38_growth_missing7_v1_temp_2026_07_15/06_display_anode_44f/00_solo_stages/01_local_proteus_gate/S04_7SEG_COM_AN_GRID_OUTWARD_COMPLETE_TRIAL_NORMAL_COPY.pdsprj,e274f2d84d86860398d5eadc2a03fb6cb211922f219856cbd2bc9d8e2be717a9,Disposable Proteus loader copy,local-only reproducible infrastructure or disposable Proteus state,"preserved on disk, explicitly excluded from Git",**/*_COPY.pdsprj or **/*_GATE.pdsprj
experiments/totalmix_38_growth_missing7_v1_temp_2026_07_15/06_display_anode_44f/01_solo_1x/02_local_proteus_gate/S02_7SEG_COM_AN_1X_COLD_REOPEN_COPY.pdsprj,proteus/experiments/runs/totalmix_38_growth_missing7_v1_temp_2026_07_15/06_display_anode_44f/01_solo_1x/02_local_proteus_gate/S02_7SEG_COM_AN_1X_COLD_REOPEN_COPY.pdsprj,fcd00d2eb9e70f0a5564cd1a067810bd36e85972c310fd45ebb81e5bb41cd0a2,Disposable Proteus loader copy,local-only reproducible infrastructure or disposable Proteus state,"preserved on disk, explicitly excluded from Git",**/*_COPY.pdsprj or **/*_GATE.pdsprj
experiments/totalmix_38_growth_missing7_v1_temp_2026_07_15/06_display_anode_44f/01_solo_1x/02_local_proteus_gate/S02_7SEG_COM_AN_1X_NORMAL_OPEN_COPY.pdsprj,proteus/experiments/runs/totalmix_38_growth_missing7_v1_temp_2026_07_15/06_display_anode_44f/01_solo_1x/02_local_proteus_gate/S02_7SEG_COM_AN_1X_NORMAL_OPEN_COPY.pdsprj,fcd00d2eb9e70f0a5564cd1a067810bd36e85972c310fd45ebb81e5bb41cd0a2,Disposable Proteus loader copy,local-only reproducible infrastructure or disposable Proteus state,"preserved on disk, explicitly excluded from Git",**/*_COPY.pdsprj or **/*_GATE.pdsprj
experiments/totalmix_38_growth_missing7_v1_temp_2026_07_15/06_display_anode_44f/02_small_mixed_route_probe/02_local_proteus_gate/P06_COLD_REOPEN_COPY.pdsprj,proteus/experiments/runs/totalmix_38_growth_missing7_v1_temp_2026_07_15/06_display_anode_44f/02_small_mixed_route_probe/02_local_proteus_gate/P06_COLD_REOPEN_COPY.pdsprj,84e204fb5efae28d736e9a60dd32cfc692403fe51081b27bd380cdc0ad9b6e43,Disposable Proteus loader copy,local-only reproducible infrastructure or disposable Proteus state,"preserved on disk, explicitly excluded from Git",**/*_COPY.pdsprj or **/*_GATE.pdsprj
experiments/totalmix_38_growth_missing7_v1_temp_2026_07_15/06_display_anode_44f/02_small_mixed_route_probe/02_local_proteus_gate/P06_NORMAL_OPEN_COPY.pdsprj,proteus/experiments/runs/totalmix_38_growth_missing7_v1_temp_2026_07_15/06_display_anode_44f/02_small_mixed_route_probe/02_local_proteus_gate/P06_NORMAL_OPEN_COPY.pdsprj,84e204fb5efae28d736e9a60dd32cfc692403fe51081b27bd380cdc0ad9b6e43,Disposable Proteus loader copy,local-only reproducible infrastructure or disposable Proteus state,"preserved on disk, explicitly excluded from Git",**/*_COPY.pdsprj or **/*_GATE.pdsprj
experiments/totalmix_38_growth_missing7_v1_temp_2026_07_15/06_display_anode_44f/03_cumulative_44f/02_local_proteus_gate/G02_43F_PLUS_7SEG_COM_AN_COLD_REOPEN_COPY.pdsprj,proteus/experiments/runs/totalmix_38_growth_missing7_v1_temp_2026_07_15/06_display_anode_44f/03_cumulative_44f/02_local_proteus_gate/G02_43F_PLUS_7SEG_COM_AN_COLD_REOPEN_COPY.pdsprj,15effdfcb8e660ca43f01d85faafbe03d54ef22e89592f0e42abe7d7e7926669,Disposable Proteus loader copy,local-only reproducible infrastructure or disposable Proteus state,"preserved on disk, explicitly excluded from Git",**/*_COPY.pdsprj or **/*_GATE.pdsprj
experiments/totalmix_38_growth_missing7_v1_temp_2026_07_15/06_display_anode_44f/03_cumulative_44f/02_local_proteus_gate/G02_43F_PLUS_7SEG_COM_AN_NORMAL_OPEN_COPY.pdsprj,proteus/experiments/runs/totalmix_38_growth_missing7_v1_temp_2026_07_15/06_display_anode_44f/03_cumulative_44f/02_local_proteus_gate/G02_43F_PLUS_7SEG_COM_AN_NORMAL_OPEN_COPY.pdsprj,15effdfcb8e660ca43f01d85faafbe03d54ef22e89592f0e42abe7d7e7926669,Disposable Proteus loader copy,local-only reproducible infrastructure or disposable Proteus state,"preserved on disk, explicitly excluded from Git",**/*_COPY.pdsprj or **/*_GATE.pdsprj
new during reorganization,proteus/experiments/runs/totalmix_38_growth_missing7_v1_temp_2026_07_15/07_display_cathode_45f/00_solo_stages/02_local_proteus_gate/C02_NATIVE_COPY.pdsprj,1aaeefe9398835a803db50d72a824c6c6683858706991b0adac8abb1b24a2884,Disposable Proteus loader copy,local-only reproducible infrastructure or disposable Proteus state,"preserved on disk, explicitly excluded from Git",**/*_COPY.pdsprj or **/*_GATE.pdsprj
new during reorganization,proteus/experiments/runs/totalmix_38_growth_missing7_v1_temp_2026_07_15/07_display_cathode_45f/00_solo_stages/02_local_proteus_gate/C05_GRID_COPY.pdsprj,8450fc85c848d46adf938d6f646796b919a884e1b0e9bb1181bc6e6f093c4ddb,Disposable Proteus loader copy,local-only reproducible infrastructure or disposable Proteus state,"preserved on disk, explicitly excluded from Git",**/*_COPY.pdsprj or **/*_GATE.pdsprj
new during reorganization,proteus/experiments/runs/totalmix_38_growth_missing7_v1_temp_2026_07_15/07_display_cathode_45f/00_solo_stages/02_local_proteus_gate/C06_COMPLETE_COPY.pdsprj,8450fc85c848d46adf938d6f646796b919a884e1b0e9bb1181bc6e6f093c4ddb,Disposable Proteus loader copy,local-only reproducible infrastructure or disposable Proteus state,"preserved on disk, explicitly excluded from Git",**/*_COPY.pdsprj or **/*_GATE.pdsprj
new during reorganization,proteus/experiments/runs/totalmix_38_growth_missing7_v1_temp_2026_07_15/07_display_cathode_45f/01_small_mixed_route_probe/02_local_proteus_gate/P04_SENTINEL_LOCAL_COPY.pdsprj,8641d08b4613519c39c00d6d3357772e48952feab48fad098b744ead71dd221b,Disposable Proteus loader copy,local-only reproducible infrastructure or disposable Proteus state,"preserved on disk, explicitly excluded from Git",**/*_COPY.pdsprj or **/*_GATE.pdsprj
new during reorganization,proteus/experiments/runs/totalmix_38_growth_missing7_v1_temp_2026_07_15/07_display_cathode_45f/03_cumulative_45f/02_local_proteus_gate/G02_45F_CUMULATIVE_GATE_COPY.pdsprj,79c6f8128dbb2f8bb2aa02aa2787e8d8cb73b77f5ed84c56916cc0942441e8b4,Disposable Proteus loader copy,local-only reproducible infrastructure or disposable Proteus state,"preserved on disk, explicitly excluded from Git",**/*_COPY.pdsprj or **/*_GATE.pdsprj
new during reorganization,proteus/experiments/runs/totalmix_38_growth_missing7_v1_temp_2026_07_15/07_display_cathode_45f/03_cumulative_45f/G01_44F_PLUS_7SEG_COM_CAT_BARE_1X.pdsprj.Vincero.Empty.workspace,649cc91b96ccf69fa26db9384242f1562e0c3bd5127d75e1d126a5aa55865eb5,Proteus workspace sidecar,local-only reproducible infrastructure or disposable Proteus state,"preserved on disk, explicitly excluded from Git",*.workspace
new during reorganization,proteus/experiments/runs/totalmix_38_growth_missing7_v1_temp_2026_07_15/07_display_cathode_45f/03_cumulative_45f/G02_44F_PLUS_7SEG_COM_CAT_TERMINALIZED_1X_sa.pdsprj.Vincero.Empty.workspace,3d9ed35437cd15b29c2b8b3d6ad86cef2e117967f709287012d5a231baeca160,Proteus workspace sidecar,local-only reproducible infrastructure or disposable Proteus state,"preserved on disk, explicitly excluded from Git",*.workspace
new during reorganization,proteus/experiments/runs/totalmix_38_growth_missing7_v1_temp_2026_07_15/07_display_cathode_45f/05_interleaved_slot_margin_fix/G07_45F_CUMULATIVE_INTERLEAVED_COMPACT_BARE_1X.pdsprj.Vincero.Empty.workspace,dd4cae62a6abcd9e22f296e7d29b59122111a5b8794d8045ec752505cd6e444c,Proteus workspace sidecar,local-only reproducible infrastructure or disposable Proteus state,"preserved on disk, explicitly excluded from Git",*.workspace
new during reorganization,proteus/experiments/runs/totalmix_38_growth_missing7_v1_temp_2026_07_15/07_display_cathode_45f/07_user_manual_display_controls/S01_7SEG-COM-AN-BLUE_BARE_COMPONENT_PLACER_1X.pdsprj.Vincero.Empty.workspace,34b75edd953a17baa1ef33fbc8115fe33aea6e0159d64c3d373e59dc91063416,Proteus workspace sidecar,local-only reproducible infrastructure or disposable Proteus state,"preserved on disk, explicitly excluded from Git",*.workspace
new during reorganization,"proteus/experiments/runs/totalmix_4511_boundary_isolation_v1_temp_2026_07_15/05_proteus_ctrl_s_diagnostics/Project Backups/B01_ACCEPTED_TWO_PIN_TERMINALIZED_PLUS_BARE_4511_CTRL_S [20260715, 18-22-41].pdsprj",fc6b8abab0770d85936abb765133a334cbe42830aa2c2a52cb05559a3ad07c7b,Proteus application backup,local-only reproducible infrastructure or disposable Proteus state,"preserved on disk, explicitly excluded from Git",**/Project Backups/
new during reorganization,"proteus/experiments/runs/totalmix_4511_boundary_isolation_v1_temp_2026_07_15/05_proteus_ctrl_s_diagnostics/Project Backups/B02_BARE_4511_CTRL_S [20260715, 18-23-00].pdsprj",20bc474dcd0430534bac2920d4ea4d2d413ae4f44db95611b9ef5e360fefbf4a,Proteus application backup,local-only reproducible infrastructure or disposable Proteus state,"preserved on disk, explicitly excluded from Git",**/Project Backups/
new during reorganization,"proteus/experiments/runs/totalmix_4511_boundary_isolation_v1_temp_2026_07_15/05_proteus_ctrl_s_diagnostics/Project Backups/B03_TERMINALIZED_4511_CTRL_S [20260715, 18-23-20].pdsprj",9d00ecb907ba1e668cc1d1638552e3df28de7eec25ee6f55e672e3531914f108,Proteus application backup,local-only reproducible infrastructure or disposable Proteus state,"preserved on disk, explicitly excluded from Git",**/Project Backups/
new during reorganization,proteus/experiments/runs/totalmix_4511_inline_0200_repair_v1_temp_2026_07_15/local_proteus_gate/ALL49_TERMINALIZED_1X_4511_INLINE_0200_REPAIR_GATE_COPY.pdsprj,b1ecd5b8a62c33c2861ac44fa9320383419be0554fcc6c352e04240d525e62cd,Disposable Proteus loader copy,local-only reproducible infrastructure or disposable Proteus state,"preserved on disk, explicitly excluded from Git",**/*_COPY.pdsprj or **/*_GATE.pdsprj
new during reorganization,proteus/experiments/runs/totalmix_4511_inline_0200_repair_v1_temp_2026_07_15/local_proteus_gate/ALL49_TERMINALIZED_1X_4511_INLINE_0200_REPAIR_GATE_COPY.pdsprj.Vincero.Empty.workspace,85b74f0633dedfadf1484af5b6f351600b6c69d6fe5065aee62cc63c33258c41,Proteus workspace sidecar,local-only reproducible infrastructure or disposable Proteus state,"preserved on disk, explicitly excluded from Git",*.workspace
new during reorganization,proteus/experiments/runs/totalmix_all_bare_boundary_isolation_v1_temp_2026_07_15/05_proteus_ctrl_s_diagnostics/B04_ALL49_BODIES_TWO_PIN_ONLY_TERMINALIZED_CTRL_S.pdsprj.Vincero.Empty.workspace,20fb16b28cb7c286267dfd90957a79be5f72a79ed51c9a89e0367d73b348e8bd,Proteus workspace sidecar,local-only reproducible infrastructure or disposable Proteus state,"preserved on disk, explicitly excluded from Git",*.workspace
new during reorganization,"proteus/experiments/runs/totalmix_all_bare_boundary_isolation_v1_temp_2026_07_15/05_proteus_ctrl_s_diagnostics/Project Backups/B04_ALL49_BODIES_TWO_PIN_ONLY_TERMINALIZED_CTRL_S [20260715, 18-25-33].pdsprj",c4dab9e8f5102ba492bd7e3a604f79e6319aa17c41e1760e49b37400d42a3517,Proteus application backup,local-only reproducible infrastructure or disposable Proteus state,"preserved on disk, explicitly excluded from Git",**/Project Backups/
experiments/totalmix_cdb_isolation_v1_temp_2026_07_15/fresh_regeneration_01/GENERATED_ALL49_TERMINALIZED_NORMALIZED_CDB_CTRL_S_COPY.pdsprj,proteus/experiments/runs/totalmix_cdb_isolation_v1_temp_2026_07_15/fresh_regeneration_01/GENERATED_ALL49_TERMINALIZED_NORMALIZED_CDB_CTRL_S_COPY.pdsprj,e9fa7f9c33b8ca314899130eb3b85dbc18da94212c437fb0f74e571388e47668,Disposable Proteus loader copy,local-only reproducible infrastructure or disposable Proteus state,"preserved on disk, explicitly excluded from Git",**/*_COPY.pdsprj or **/*_GATE.pdsprj
experiments/totalmix_cdb_isolation_v1_temp_2026_07_15/fresh_regeneration_01/GENERATED_ALL49_TERMINALIZED_WITH_BARE_CONTROL_CDB_CTRL_S_COPY.pdsprj,proteus/experiments/runs/totalmix_cdb_isolation_v1_temp_2026_07_15/fresh_regeneration_01/GENERATED_ALL49_TERMINALIZED_WITH_BARE_CONTROL_CDB_CTRL_S_COPY.pdsprj,ceec107d1120a91e0a502b1469eea38bc93dafbb2e1dd3098a3419b97c948527,Disposable Proteus loader copy,local-only reproducible infrastructure or disposable Proteus state,"preserved on disk, explicitly excluded from Git",**/*_COPY.pdsprj or **/*_GATE.pdsprj
new during reorganization,"proteus/experiments/runs/totalmix_cdb_isolation_v1_temp_2026_07_15/fresh_regeneration_01/Project Backups/GENERATED_ALL49_TERMINALIZED_NORMALIZED_CDB_CTRL_S_COPY [20260715, 16-15-27].pdsprj",ad04b829ba92568e10496089dacd37cd015dacfd8a5191709536ea86c55ea589,Proteus application backup,local-only reproducible infrastructure or disposable Proteus state,"preserved on disk, explicitly excluded from Git",**/Project Backups/
new during reorganization,"proteus/experiments/runs/totalmix_cdb_isolation_v1_temp_2026_07_15/fresh_regeneration_01/Project Backups/GENERATED_ALL49_TERMINALIZED_WITH_BARE_CONTROL_CDB_CTRL_S_COPY [20260715, 16-15-10].pdsprj",5ee3e601a238c0f20f5d792dab9e49e753e0951d5deb8bed469a7b56e865941a,Proteus application backup,local-only reproducible infrastructure or disposable Proteus state,"preserved on disk, explicitly excluded from Git",**/Project Backups/
new during reorganization,proteus/experiments/runs/totalmix_cdb_isolation_v1_temp_2026_07_15/post_u37_boundary_regeneration_03/local_proteus_gate/POST_U37_BOUNDARY_FIX_COLD_GATE_COPY.pdsprj,11c6dc8320472c245b47452b623ac08c9937d6cc2dfaa448262d0deae8589e1e,Disposable Proteus loader copy,local-only reproducible infrastructure or disposable Proteus state,"preserved on disk, explicitly excluded from Git",**/*_COPY.pdsprj or **/*_GATE.pdsprj
new during reorganization,proteus/experiments/runs/totalmix_cdb_isolation_v1_temp_2026_07_15/post_u37_boundary_regeneration_03/local_proteus_gate/POST_U37_BOUNDARY_FIX_GATE_02_COPY.pdsprj,11c6dc8320472c245b47452b623ac08c9937d6cc2dfaa448262d0deae8589e1e,Disposable Proteus loader copy,local-only reproducible infrastructure or disposable Proteus state,"preserved on disk, explicitly excluded from Git",**/*_COPY.pdsprj or **/*_GATE.pdsprj
new during reorganization,proteus/experiments/runs/totalmix_compact_visibility_repair_v1_temp_2026_07_15/local_proteus_gate/ALL49_TERMINALIZED_WIDE_1X_4511_INLINE_0200_GATE_COPY.pdsprj,3087f270f3fd29b110272dc6077579a709117e291df8f41af4409743b49988a2,Disposable Proteus loader copy,local-only reproducible infrastructure or disposable Proteus state,"preserved on disk, explicitly excluded from Git",**/*_COPY.pdsprj or **/*_GATE.pdsprj
new during reorganization,proteus/experiments/runs/totalmix_compact_visibility_repair_v1_temp_2026_07_15/local_proteus_gate/ALL49_TERMINALIZED_WIDE_1X_4511_INLINE_0200_GATE_COPY.pdsprj.Vincero.Empty.workspace,ee37b2aeb13199a9362dc93cdc0276eb394654d88e3038b26417f554ed3fc34e,Proteus workspace sidecar,local-only reproducible infrastructure or disposable Proteus state,"preserved on disk, explicitly excluded from Git",*.workspace
new during reorganization,proteus/experiments/runs/totalmix_disappearing_isolation_v1_temp_2026_07_15/01_baseline_excluding_disappearing/02_proteus_gate/I01_ALL_SAFE_COMPONENTS_TERMINALIZED_1X_VISIBLE_GATE_COPY.pdsprj,9bd2baa653bf18be75bbee0d386277a8ce0010fb6f50768d65f6b4278bda2720,Disposable Proteus loader copy,local-only reproducible infrastructure or disposable Proteus state,"preserved on disk, explicitly excluded from Git",**/*_COPY.pdsprj or **/*_GATE.pdsprj
new during reorganization,proteus/experiments/runs/totalmix_disappearing_isolation_v1_temp_2026_07_15/01_baseline_excluding_disappearing/I01_ALL_SAFE_COMPONENTS_BARE_1X.pdsprj.Vincero.Empty.workspace,441d728ccc953b16ac9e6fd9b87ab4d292a520765a8ea926d49f184d23f827f1,Proteus workspace sidecar,local-only reproducible infrastructure or disposable Proteus state,"preserved on disk, explicitly excluded from Git",*.workspace
experiments/totalmix_disappearing_isolation_v1_temp_2026_07_15/03_bare_reintroduction/I11_SAFE_TERMINALIZED_PLUS_BARE_74HC151/bare_placer_check/I11_SAFE_PLUS_BARE_74HC151_NO_TERMINAL_VISIBLE_COPY.pdsprj,proteus/experiments/runs/totalmix_disappearing_isolation_v1_temp_2026_07_15/03_bare_reintroduction/I11_SAFE_TERMINALIZED_PLUS_BARE_74HC151/bare_placer_check/I11_SAFE_PLUS_BARE_74HC151_NO_TERMINAL_VISIBLE_COPY.pdsprj,861186054626f9a3562b86b87b2adf8f849f5c38edde5b017deabc424ac6e32a,Disposable Proteus loader copy,local-only reproducible infrastructure or disposable Proteus state,"preserved on disk, explicitly excluded from Git",**/*_COPY.pdsprj or **/*_GATE.pdsprj
new during reorganization,proteus/experiments/runs/totalmix_disappearing_isolation_v1_temp_2026_07_15/04_proteus_bare_gate/I02_SAFE_TERMINALIZED_PLUS_BARE_74HC00_GATE_COPY.pdsprj,2a8ae413244c658de8ad94acbf750d8891126a414d8c105181f6d9096aa72b7e,Disposable Proteus loader copy,local-only reproducible infrastructure or disposable Proteus state,"preserved on disk, explicitly excluded from Git",**/*_COPY.pdsprj or **/*_GATE.pdsprj
new during reorganization,proteus/experiments/runs/totalmix_disappearing_isolation_v1_temp_2026_07_15/04_proteus_bare_gate/I03_SAFE_TERMINALIZED_PLUS_BARE_74HC02_GATE_COPY.pdsprj,4d5e39b9f1ac13837ae5f69282634184b5fd10e55d10b41c7f534766e809e808,Disposable Proteus loader copy,local-only reproducible infrastructure or disposable Proteus state,"preserved on disk, explicitly excluded from Git",**/*_COPY.pdsprj or **/*_GATE.pdsprj
new during reorganization,proteus/experiments/runs/totalmix_disappearing_isolation_v1_temp_2026_07_15/04_proteus_bare_gate/I04_SAFE_TERMINALIZED_PLUS_BARE_74HC04_GATE_COPY.pdsprj,9af4d711404dc42ae75e67a64336da444c3fed1787299c582b9c75093aef7ab6,Disposable Proteus loader copy,local-only reproducible infrastructure or disposable Proteus state,"preserved on disk, explicitly excluded from Git",**/*_COPY.pdsprj or **/*_GATE.pdsprj
new during reorganization,proteus/experiments/runs/totalmix_disappearing_isolation_v1_temp_2026_07_15/04_proteus_bare_gate/I05_SAFE_TERMINALIZED_PLUS_BARE_74HC08_GATE_COPY.pdsprj,08defd446e81333b4738a98d31baeb3462a498af981e2a87e4bee7bdfd354ebc,Disposable Proteus loader copy,local-only reproducible infrastructure or disposable Proteus state,"preserved on disk, explicitly excluded from Git",**/*_COPY.pdsprj or **/*_GATE.pdsprj
new during reorganization,proteus/experiments/runs/totalmix_disappearing_isolation_v1_temp_2026_07_15/04_proteus_bare_gate/I06_SAFE_TERMINALIZED_PLUS_BARE_74HC32_GATE_COPY.pdsprj,acffd977cf06992ea410d6b0117330ed7ec68fd5bb7fae954778bbafc20b4352,Disposable Proteus loader copy,local-only reproducible infrastructure or disposable Proteus state,"preserved on disk, explicitly excluded from Git",**/*_COPY.pdsprj or **/*_GATE.pdsprj
new during reorganization,proteus/experiments/runs/totalmix_disappearing_isolation_v1_temp_2026_07_15/04_proteus_bare_gate/I07_SAFE_TERMINALIZED_PLUS_BARE_74HC86_GATE_COPY.pdsprj,0e227a13b6f152db037c5d96aa419670295d5545e41785d48e18ad7d6159c1b8,Disposable Proteus loader copy,local-only reproducible infrastructure or disposable Proteus state,"preserved on disk, explicitly excluded from Git",**/*_COPY.pdsprj or **/*_GATE.pdsprj
new during reorganization,proteus/experiments/runs/totalmix_disappearing_isolation_v1_temp_2026_07_15/04_proteus_bare_gate/I08_SAFE_TERMINALIZED_PLUS_BARE_74HC266_GATE_COPY.pdsprj,0714a2cf14701324e85fb8b3138eaf72c5c37834d8a34eba8261a6e09ce0a7ba,Disposable Proteus loader copy,local-only reproducible infrastructure or disposable Proteus state,"preserved on disk, explicitly excluded from Git",**/*_COPY.pdsprj or **/*_GATE.pdsprj
new during reorganization,proteus/experiments/runs/totalmix_disappearing_isolation_v1_temp_2026_07_15/04_proteus_bare_gate/I09_SAFE_TERMINALIZED_PLUS_BARE_4027_GATE_COPY.pdsprj,348cd181ece363bd84fe0931a129d40007a30c8da8d274e33147f0d15dd090b0,Disposable Proteus loader copy,local-only reproducible infrastructure or disposable Proteus state,"preserved on disk, explicitly excluded from Git",**/*_COPY.pdsprj or **/*_GATE.pdsprj
new during reorganization,proteus/experiments/runs/totalmix_disappearing_isolation_v1_temp_2026_07_15/04_proteus_bare_gate/I10_SAFE_TERMINALIZED_PLUS_BARE_4511_GATE_COPY.pdsprj,4ce0e5d2213d68beb539afed76b4a8b29b56d0cae2e9288fd747277e77c6ff55,Disposable Proteus loader copy,local-only reproducible infrastructure or disposable Proteus state,"preserved on disk, explicitly excluded from Git",**/*_COPY.pdsprj or **/*_GATE.pdsprj
new during reorganization,proteus/experiments/runs/totalmix_disappearing_isolation_v1_temp_2026_07_15/04_proteus_bare_gate/I10_SAFE_TERMINALIZED_PLUS_BARE_4511_GATE_COPY.pdsprj.Vincero.Empty.workspace,5f0a4d0896ba0c61e527387917f4060519bec0871b4071d9fd6205cb09cf3ba4,Proteus workspace sidecar,local-only reproducible infrastructure or disposable Proteus state,"preserved on disk, explicitly excluded from Git",*.workspace
new during reorganization,proteus/experiments/runs/totalmix_disappearing_isolation_v1_temp_2026_07_15/04_proteus_bare_gate/I11_SAFE_TERMINALIZED_PLUS_BARE_74HC151_GATE_COPY.pdsprj,593f68c2f1753e49010e6aab9af6c58394485cf82900c1293838f66cc933f601,Disposable Proteus loader copy,local-only reproducible infrastructure or disposable Proteus state,"preserved on disk, explicitly excluded from Git",**/*_COPY.pdsprj or **/*_GATE.pdsprj
experiments/totalmix_disappearing_isolation_v1_temp_2026_07_15/04_proteus_bare_gate/I11_SAFE_TERMINALIZED_PLUS_BARE_74HC151_VISIBLE_DIAGNOSTIC_COPY.pdsprj,proteus/experiments/runs/totalmix_disappearing_isolation_v1_temp_2026_07_15/04_proteus_bare_gate/I11_SAFE_TERMINALIZED_PLUS_BARE_74HC151_VISIBLE_DIAGNOSTIC_COPY.pdsprj,593f68c2f1753e49010e6aab9af6c58394485cf82900c1293838f66cc933f601,Disposable Proteus loader copy,local-only reproducible infrastructure or disposable Proteus state,"preserved on disk, explicitly excluded from Git",**/*_COPY.pdsprj or **/*_GATE.pdsprj
experiments/totalmix_disappearing_isolation_v1_temp_2026_07_15/05_baseline_without_74HC76/06_proteus_gate/I12_ALL_SAFE_EXCEPT_74HC76_TERMINALIZED_VISIBLE_COPY.pdsprj,proteus/experiments/runs/totalmix_disappearing_isolation_v1_temp_2026_07_15/05_baseline_without_74HC76/06_proteus_gate/I12_ALL_SAFE_EXCEPT_74HC76_TERMINALIZED_VISIBLE_COPY.pdsprj,bbfda1d36a3d17b2eede2751ca7aaf20c78f248c9b5b94c60345cdb51e15a535,Disposable Proteus loader copy,local-only reproducible infrastructure or disposable Proteus state,"preserved on disk, explicitly excluded from Git",**/*_COPY.pdsprj or **/*_GATE.pdsprj
new during reorganization,proteus/experiments/runs/totalmix_disappearing_isolation_v1_temp_2026_07_15/05_baseline_without_74HC76/I12_ALL_SAFE_EXCEPT_74HC76_BARE_1X.pdsprj.Vincero.Empty.workspace,874acb13b48d88f998317dc5d92aac68e273c335c52d752501ceb732f5d976b7,Proteus workspace sidecar,local-only reproducible infrastructure or disposable Proteus state,"preserved on disk, explicitly excluded from Git",*.workspace
new during reorganization,proteus/experiments/runs/totalmix_disappearing_isolation_v1_temp_2026_07_15/05_baseline_without_74HC76/I12_ALL_SAFE_EXCEPT_74HC76_TERMINALIZED_1X_sa.pdsprj.Vincero.Empty.workspace,87794dc9629efd31d48eed3b8e1a3e020600eb676598486b573f13739fadeab8,Proteus workspace sidecar,local-only reproducible infrastructure or disposable Proteus state,"preserved on disk, explicitly excluded from Git",*.workspace
new during reorganization,proteus/experiments/runs/totalmix_disappearing_isolation_v1_temp_2026_07_15/07_74HC151_bare_after_74HC76_removal/08_proteus_gate/I13_SAFE_TERMINALIZED_PLUS_BARE_74HC151_GATE_COPY.pdsprj,312b1f7fb3f8d268f585e413221cfd3d2bc0ff70ee791dfc9cd306d6ec57806f,Disposable Proteus loader copy,local-only reproducible infrastructure or disposable Proteus state,"preserved on disk, explicitly excluded from Git",**/*_COPY.pdsprj or **/*_GATE.pdsprj
new during reorganization,proteus/experiments/runs/totalmix_disappearing_isolation_v2_temp_2026_07_15/01_compact_74hc76_free_baseline/02_proteus_gate/I15_COMPACT_74HC76_FREE_SAFE_TERMINALIZED_1X_GATE_COPY.pdsprj,0adb084e68a0479b33daf7f00176450561764882ab273c97111a0973e96680cf,Disposable Proteus loader copy,local-only reproducible infrastructure or disposable Proteus state,"preserved on disk, explicitly excluded from Git",**/*_COPY.pdsprj or **/*_GATE.pdsprj
new during reorganization,proteus/experiments/runs/totalmix_disappearing_isolation_v2_temp_2026_07_15/01_compact_74hc76_free_baseline/04_bare_proteus_gate/I15_COMPACT_74HC76_FREE_SAFE_BARE_1X_GATE_COPY.pdsprj,9916f5ca8414ba56c5a8973c066a8cb4f6d8196912f45fd5ef7064e1e8dcec2f,Disposable Proteus loader copy,local-only reproducible infrastructure or disposable Proteus state,"preserved on disk, explicitly excluded from Git",**/*_COPY.pdsprj or **/*_GATE.pdsprj
new during reorganization,proteus/experiments/runs/totalmix_disappearing_isolation_v2_temp_2026_07_15/01_compact_74hc76_free_baseline/I15_COMPACT_74HC76_FREE_SAFE_TERMINALIZED_1X_sa.pdsprj.Vincero.Empty.workspace,be21a5522f144513f126dae9bebcb75cf8bf46f19883a653ff83571d5dfbdcfa,Proteus workspace sidecar,local-only reproducible infrastructure or disposable Proteus state,"preserved on disk, explicitly excluded from Git",*.workspace
new during reorganization,"proteus/experiments/runs/totalmix_disappearing_isolation_v2_temp_2026_07_15/01_compact_74hc76_free_baseline/Project Backups/I15_COMPACT_74HC76_FREE_SAFE_TERMINALIZED_1X_sa [20260715, 18-52-07].pdsprj",1612c6b9e406fe1dfcc6c29fdb8fc0e51b1dc012345ec69aa9f4a5d71ab0e87a,Proteus application backup,local-only reproducible infrastructure or disposable Proteus state,"preserved on disk, explicitly excluded from Git",**/Project Backups/
new during reorganization,"proteus/experiments/runs/totalmix_disappearing_isolation_v2_temp_2026_07_15/01_compact_74hc76_free_baseline/Project Backups/I15_COMPACT_74HC76_FREE_SAFE_TERMINALIZED_1X_sa [20260715, 18-52-08].pdsprj",fe36bd3b9c4e2af9e8be5d5fbdfe43a9d2e6a3b80ff38eb10917d84d7b163ffb,Proteus application backup,local-only reproducible infrastructure or disposable Proteus state,"preserved on disk, explicitly excluded from Git",**/Project Backups/
new during reorganization,proteus/experiments/runs/totalmix_disappearing_isolation_v2_temp_2026_07_15/05_native_terminalized_catalogue_bare_control/06_proteus_gate/I16_COMPACT_NATIVE_TERMINALIZED_CATALOGUE_BARE_1X_GATE_COPY.pdsprj,e093067c159d4e8c2434123e6f2b74357ec68483ba7e4b79a8695c1bfb4853b6,Disposable Proteus loader copy,local-only reproducible infrastructure or disposable Proteus state,"preserved on disk, explicitly excluded from Git",**/*_COPY.pdsprj or **/*_GATE.pdsprj
new during reorganization,proteus/experiments/runs/totalmix_disappearing_isolation_v2_temp_2026_07_15/11_local_proteus_gate/I18_POST_CTRL_S_PROFILE_TERMINALIZED_1X_GATE_COPY.pdsprj,b357d2410bb8dc8813c5274424b47b5ca25520f85571aca192d07e5d27b53a8b,Disposable Proteus loader copy,local-only reproducible infrastructure or disposable Proteus state,"preserved on disk, explicitly excluded from Git",**/*_COPY.pdsprj or **/*_GATE.pdsprj
new during reorganization,proteus/experiments/runs/totalmix_gate_manual_terminal_donor_v1_temp_2026_07_15/ALL49_BARE_NO_TERMINALS.pdsprj.Vincero.Empty.workspace,c8af5dc824fbd6d99ec4d6591f56a7fa236aa589ec667e2bfe1aefd835c8eb5a,Proteus workspace sidecar,local-only reproducible infrastructure or disposable Proteus state,"preserved on disk, explicitly excluded from Git",*.workspace
new during reorganization,proteus/experiments/runs/totalmix_gate_manual_terminal_donor_v1_temp_2026_07_15/ALL49_TERMINALIZED_EXCEPT_DIL_GATES.pdsprj.Vincero.Empty.workspace,036a7922e6b1e6d5d15382e7b3fcaf7ac1c83c2193bd24ee5dfe98d2148ea3c3,Proteus workspace sidecar,local-only reproducible infrastructure or disposable Proteus state,"preserved on disk, explicitly excluded from Git",*.workspace
new during reorganization,proteus/experiments/runs/totalmix_gate_manual_terminal_donor_v1_temp_2026_07_15/ALL49_TERMINALIZED_EXCEPT_DIL_GATES_NORMAL_CDB.pdsprj.Vincero.Empty.workspace,555cc2ea4862b5bb7b91eb0d8bde9b50b25a9b4188df35bb1bde00372eec53a0,Proteus workspace sidecar,local-only reproducible infrastructure or disposable Proteus state,"preserved on disk, explicitly excluded from Git",*.workspace
new during reorganization,"proteus/experiments/runs/totalmix_gate_manual_terminal_donor_v1_temp_2026_07_15/Project Backups/ALL49_TERMINALIZED_EXCEPT_DIL_GATES_AND_4027 [20260715, 16-39-35].pdsprj",89814fe9702f5c27a5ac9f2a2985ace8131734206f9182c6f766cf13589c4480,Proteus application backup,local-only reproducible infrastructure or disposable Proteus state,"preserved on disk, explicitly excluded from Git",**/Project Backups/
new during reorganization,"proteus/experiments/runs/totalmix_gate_manual_terminal_donor_v1_temp_2026_07_15/Project Backups/ALL49_TERMINALIZED_EXCEPT_DIL_GATES_AND_4027 [20260715, 16-39-35].pdsprj.Vincero.Empty.workspace",9439dba3eefc1108ce44b677be1b2f0ca1f7a47b041953169c4b2442c9bc7dcb,Proteus workspace sidecar,local-only reproducible infrastructure or disposable Proteus state,"preserved on disk, explicitly excluded from Git",*.workspace
new during reorganization,"proteus/experiments/runs/totalmix_gate_manual_terminal_donor_v1_temp_2026_07_15/Project Backups/ALL49_TERMINALIZED_EXCEPT_DIL_GATES_AND_4027 [20260715, 16-39-36].pdsprj",3b18a712cb44bf49a92e1fb75adc2c24b1d0d32d05d40d01ba06b0df3703db49,Proteus application backup,local-only reproducible infrastructure or disposable Proteus state,"preserved on disk, explicitly excluded from Git",**/Project Backups/
new during reorganization,proteus/experiments/runs/totalmix_gate_manual_terminal_donor_v1_temp_2026_07_15/Project Backups/ALL49_TERMINALIZED_EXCEPT_DIL_GATES_AND_4027 [Autosaved].pdsprj,4a2d07cc4617ac1a278dc00577be6194eca33f3c16045908e2108c2837148cf4,Proteus application backup,local-only reproducible infrastructure or disposable Proteus state,"preserved on disk, explicitly excluded from Git",**/Project Backups/
new during reorganization,"proteus/experiments/runs/totalmix_gate_manual_terminal_donor_v1_temp_2026_07_15/Project Backups/Project Backups/ALL49_TERMINALIZED_EXCEPT_DIL_GATES_AND_4027 [Autosaved] [20260715, 17-01-07].pdsprj",ce27d45ceb40b852358741c0a7c18398ba693b1922651d6a956c85c382e4c19e,Proteus application backup,local-only reproducible infrastructure or disposable Proteus state,"preserved on disk, explicitly excluded from Git",**/Project Backups/
new during reorganization,"proteus/experiments/runs/totalmix_gate_manual_terminal_donor_v1_temp_2026_07_15/Project Backups/Project Backups/ALL49_TERMINALIZED_EXCEPT_DIL_GATES_AND_4027 [Autosaved] [20260715, 17-01-17].pdsprj",5bed732dd858df9e891faac8af83199bf85ac1806311ce7d56f621ec9be910df,Proteus application backup,local-only reproducible infrastructure or disposable Proteus state,"preserved on disk, explicitly excluded from Git",**/Project Backups/
new during reorganization,"proteus/experiments/runs/totalmix_gate_manual_terminal_donor_v1_temp_2026_07_15/Project Backups/Project Backups/ALL49_TERMINALIZED_EXCEPT_DIL_GATES_AND_4027 [Autosaved] [20260715, 17-01-53].pdsprj",acf8038c0e4a432501cf072688aff12d8e2e1a91ae6ec94315cf3a9c0631193d,Proteus application backup,local-only reproducible infrastructure or disposable Proteus state,"preserved on disk, explicitly excluded from Git",**/Project Backups/
new during reorganization,"proteus/experiments/runs/totalmix_gate_manual_terminal_donor_v1_temp_2026_07_15/Project Backups/Project Backups/ALL49_TERMINALIZED_EXCEPT_DIL_GATES_AND_4027 [Autosaved] [20260715, 17-02-01].pdsprj",f31516a32d6d441bf99c8e1ec8860017c676ef1edbd0e0ba180421318ba3439d,Proteus application backup,local-only reproducible infrastructure or disposable Proteus state,"preserved on disk, explicitly excluded from Git",**/Project Backups/
new during reorganization,"proteus/experiments/runs/totalmix_gate_manual_terminal_donor_v1_temp_2026_07_15/Project Backups/Project Backups/ALL49_TERMINALIZED_EXCEPT_DIL_GATES_AND_4027 [Autosaved] [20260715, 17-03-35].pdsprj",c0c1e7644c8e0bb0fba5e10b39d9bef7bc95b0921de1e673ee293692dc5a46d2,Proteus application backup,local-only reproducible infrastructure or disposable Proteus state,"preserved on disk, explicitly excluded from Git",**/Project Backups/
new during reorganization,"proteus/experiments/runs/totalmix_gate_manual_terminal_donor_v1_temp_2026_07_15/Project Backups/terminalized49 [20260715, 17-17-12].pdsprj",b1a9be6a58a8fe8c15b23fc8112d7ee2b0b2b846ad66b700996154cf490860b9,Proteus application backup,local-only reproducible infrastructure or disposable Proteus state,"preserved on disk, explicitly excluded from Git",**/Project Backups/
new during reorganization,proteus/experiments/runs/totalmix_gate_manual_terminal_donor_v1_temp_2026_07_15/terminalized49.pdsprj.Vincero.Empty.workspace,46bccfc86bb8b658badb15a7d45df985d7ebd7e790fa7cf32b10e187db6f38a3,Proteus workspace sidecar,local-only reproducible infrastructure or disposable Proteus state,"preserved on disk, explicitly excluded from Git",*.workspace
new during reorganization,proteus/experiments/runs/totalmix_local_packet_stream_v1_temp_2026_07_15/local_proteus_gate/ALL49_TERMINALIZED_LOCAL_PACKET_STREAM_1X_VISIBLE_GATE_COPY.pdsprj,5d1ad7d894c48c5cb54c8ad2e1990155b4905bdac785a26238fdc94dda235b3d,Disposable Proteus loader copy,local-only reproducible infrastructure or disposable Proteus state,"preserved on disk, explicitly excluded from Git",**/*_COPY.pdsprj or **/*_GATE.pdsprj
new during reorganization,proteus/experiments/runs/totalmix_local_packet_stream_v1_temp_2026_07_15/local_proteus_gate/ALL49_TERMINALIZED_LOCAL_PACKET_STREAM_1X_VISIBLE_GATE_COPY.pdsprj.Vincero.Empty.workspace,7c86ca5679c07c9f448a97bf634290826ff4fec18762b0477bde343987bbf33b,Proteus workspace sidecar,local-only reproducible infrastructure or disposable Proteus state,"preserved on disk, explicitly excluded from Git",*.workspace
new during reorganization,proteus/experiments/runs/two_pin_switch_terminal_v13_temp_2026_07_08/00_no_terminal_controls/T003_SWITCH_9x_no_terminal.pdsprj.Vincero.Empty.workspace,2bf2862d2fa5887796e6513c4c54b404cc95394c1e2c5ad0e4f56a19596c9fbd,Proteus workspace sidecar,local-only reproducible infrastructure or disposable Proteus state,"preserved on disk, explicitly excluded from Git",*.workspace
new during reorganization,proteus/experiments/runs/two_pin_switch_terminal_v13_temp_2026_07_08/00_no_terminal_controls/T006_TWO_PIN_WITH_UNSUPPORTED_CONTROLS_no_terminal.pdsprj.Vincero.Empty.workspace,7441458e917f9099049e193b9b7acd4422b907a7599747f18190ea298eca42d3,Proteus workspace sidecar,local-only reproducible infrastructure or disposable Proteus state,"preserved on disk, explicitly excluded from Git",*.workspace
new during reorganization,proteus/experiments/runs/two_pin_switch_terminal_v13_temp_2026_07_08/01_terminalized_sa/Project Backups/T004_ALL_TWO_PIN_PLUS_SWITCH_1x_each_sa [Autosaved].pdsprj,844aa37591598125bed0b5a781a5e600325e8d0e88f4840e743afb025cb02d88,Proteus application backup,local-only reproducible infrastructure or disposable Proteus state,"preserved on disk, explicitly excluded from Git",**/Project Backups/
new during reorganization,proteus/experiments/runs/two_pin_switch_terminal_v13_temp_2026_07_08/01_terminalized_sa/T001_SWITCH_1x_sa.pdsprj.Vincero.Empty.workspace,ed5798417d4dcd13643e13633febe6b22d1dff5c9e282b168f9f9359fdf45ce3,Proteus workspace sidecar,local-only reproducible infrastructure or disposable Proteus state,"preserved on disk, explicitly excluded from Git",*.workspace
new during reorganization,proteus/experiments/runs/two_pin_switch_terminal_v13_temp_2026_07_08/01_terminalized_sa/T003_SWITCH_9x_sa.pdsprj.Vincero.Empty.workspace,2fd53dd322fa52b5ee8cdda04264fc7cc34b5e43fb3feb45cdc8dc9926fb3fa3,Proteus workspace sidecar,local-only reproducible infrastructure or disposable Proteus state,"preserved on disk, explicitly excluded from Git",*.workspace
new during reorganization,proteus/experiments/runs/two_pin_switch_terminal_v13_temp_2026_07_08/01_terminalized_sa/T004_ALL_TWO_PIN_PLUS_SWITCH_1x_each_sa.pdsprj.Vincero.Empty.workspace,230d2d15a3c91b6478dd7e60c5a677c279aa78c37764c93f2f2b157722823e8b,Proteus workspace sidecar,local-only reproducible infrastructure or disposable Proteus state,"preserved on disk, explicitly excluded from Git",*.workspace
new during reorganization,proteus/experiments/runs/two_pin_switch_terminal_v13_temp_2026_07_08/01_terminalized_sa/T006_TWO_PIN_WITH_UNSUPPORTED_CONTROLS_sa.pdsprj.Vincero.Empty.workspace,7749c9eccbd2fcca7ea3cb1716430fed0a3ad0ebc965c6b7732fbae88a93f24d,Proteus workspace sidecar,local-only reproducible infrastructure or disposable Proteus state,"preserved on disk, explicitly excluded from Git",*.workspace
new during reorganization,proteus/experiments/runs/value_and_properties_editor_v1_temp_2026_07_16/01_generated_native_two_pin_value_matrix/V01_NATIVE_SIX_EDITABLE_VALUES_PROPERTIES_sa.pdsprj.Vincero.Empty.workspace,aa8219c887393038bf08849a1b1ded8a386290bbf0c72c5165733d0e4daed5d4,Proteus workspace sidecar,local-only reproducible infrastructure or disposable Proteus state,"preserved on disk, explicitly excluded from Git",*.workspace
new during reorganization,proteus/experiments/runs/value_and_properties_editor_v1_temp_2026_07_16/02_local_proteus_gate/ALL_CURRENT_GROUP_CROSS_FAMILY_NUMERIC_PROPERTIES_GATE_COPY.pdsprj,b38587980d47dd3612fd74816d816e917d495e86cb636a9a7d17e76b3725ad7c,Disposable Proteus loader copy,local-only reproducible infrastructure or disposable Proteus state,"preserved on disk, explicitly excluded from Git",**/*_COPY.pdsprj or **/*_GATE.pdsprj
new during reorganization,proteus/experiments/runs/value_and_properties_editor_v1_temp_2026_07_16/02_local_proteus_gate/ALL_CURRENT_GROUP_VALUES_PROPERTIES_GATE_COPY.pdsprj,0467090f1b482442e966b20f5b9f595dad18a058debe4273d40e96195481441f,Disposable Proteus loader copy,local-only reproducible infrastructure or disposable Proteus state,"preserved on disk, explicitly excluded from Git",**/*_COPY.pdsprj or **/*_GATE.pdsprj
new during reorganization,proteus/experiments/runs/value_and_properties_editor_v1_temp_2026_07_16/02_local_proteus_gate/V01_NATIVE_SIX_EDITABLE_VALUES_PROPERTIES_GATE_NORMAL_COPY.pdsprj,f372835af3419fa250584e7992b6bd49df0887e88265670ee7d294557fad66b7,Disposable Proteus loader copy,local-only reproducible infrastructure or disposable Proteus state,"preserved on disk, explicitly excluded from Git",**/*_COPY.pdsprj or **/*_GATE.pdsprj
new during reorganization,proteus/experiments/runs/value_and_properties_editor_v1_temp_2026_07_16/03_cross_family_numeric_property_matrix/ALL_CURRENT_GROUP_CROSS_FAMILY_NUMERIC_PROPERTIES_sa.pdsprj.Vincero.Empty.workspace,ec15240ed1dbeb5bc7ed45f6d44adcf5ec55e0644d2023e3bee09136c166c44a,Proteus workspace sidecar,local-only reproducible infrastructure or disposable Proteus state,"preserved on disk, explicitly excluded from Git",*.workspace
